sample_alias,sample_accession_id,biosample_id,run_accession_id,experiment_accession_id,study_accession_id,sample_attributes
CGH20N_10,EGAN00003221070,SAMEA9240958,EGAR00002846314,EGAX00002471799,EGAS00001005340,ENA-CHECKLIST=ERC000026
CGH20N_11,EGAN00003220777,SAMEA9240665,EGAR00002846315,EGAX00002471800,EGAS00001005340,ENA-CHECKLIST=ERC000026
CGH20N_12,EGAN00003220813,SAMEA9240701,EGAR00002846316,EGAX00002471801,EGAS00001005340,ENA-CHECKLIST=ERC000026
CGH20N_13,EGAN00003220790,SAMEA9240678,EGAR00002846317,EGAX00002471802,EGAS00001005340,ENA-CHECKLIST=ERC000026
CGH20N_14,EGAN00003220789,SAMEA9240677,EGAR00002846318,EGAX00002471803,EGAS00001005340,ENA-CHECKLIST=ERC000026
CGH20N_15,EGAN00003220788,SAMEA9240676,EGAR00002846319,EGAX00002471804,EGAS00001005340,ENA-CHECKLIST=ERC000026
CGH20N_16,EGAN00003220787,SAMEA9240675,EGAR00002846320,EGAX00002471805,EGAS00001005340,ENA-CHECKLIST=ERC000026
CGH20N_17,EGAN00003220795,SAMEA9240683,EGAR00002846321,EGAX00002471806,EGAS00001005340,ENA-CHECKLIST=ERC000026
CGH20N_18,EGAN00003220793,SAMEA9240681,EGAR00002846322,EGAX00002471807,EGAS00001005340,ENA-CHECKLIST=ERC000026
CGH20N_19,EGAN00003220965,SAMEA9240372,EGAR00002846323,EGAX00002471808,EGAS00001005340,ENA-CHECKLIST=ERC000026
CGH20N_20,EGAN00003220961,SAMEA9240345,EGAR00002846324,EGAX00002471809,EGAS00001005340,ENA-CHECKLIST=ERC000026
CGH20N_21,EGAN00003220960,SAMEA9240331,EGAR00002846325,EGAX00002471810,EGAS00001005340,ENA-CHECKLIST=ERC000026
CGH20N_22,EGAN00003220964,SAMEA9240367,EGAR00002846326,EGAX00002471811,EGAS00001005340,ENA-CHECKLIST=ERC000026
CGH20N_23,EGAN00003220963,SAMEA9240358,EGAR00002846327,EGAX00002471812,EGAS00001005340,ENA-CHECKLIST=ERC000026
CGH20N_24,EGAN00003220959,SAMEA9240320,EGAR00002846328,EGAX00002471813,EGAS00001005340,ENA-CHECKLIST=ERC000026
CGH20N_25,EGAN00003220958,SAMEA9240312,EGAR00002846329,EGAX00002471814,EGAS00001005340,ENA-CHECKLIST=ERC000026
CGH20N_26,EGAN00003221066,SAMEA9240954,EGAR00002846330,EGAX00002471815,EGAS00001005340,ENA-CHECKLIST=ERC000026
CGH20N_27,EGAN00003221062,SAMEA9240950,EGAR00002846331,EGAX00002471816,EGAS00001005340,ENA-CHECKLIST=ERC000026
CGH20N_28,EGAN00003221063,SAMEA9240951,EGAR00002846332,EGAX00002471817,EGAS00001005340,ENA-CHECKLIST=ERC000026
CGH20N_30,EGAN00003221074,SAMEA9240962,EGAR00002846333,EGAX00002471818,EGAS00001005340,ENA-CHECKLIST=ERC000026
CGH20N_8,EGAN00003221073,SAMEA9240961,EGAR00002846334,EGAX00002471819,EGAS00001005340,ENA-CHECKLIST=ERC000026
CGH20N_9,EGAN00003221068,SAMEA9240956,EGAR00002846335,EGAX00002471820,EGAS00001005340,ENA-CHECKLIST=ERC000026
CGPLH1000P,EGAN00003221131,SAMEA9241019,EGAR00002846336,EGAX00002471821,EGAS00001005340,ENA-CHECKLIST=ERC000026
CGPLH1001P,EGAN00003221130,SAMEA9241017,EGAR00002846337,EGAX00002471822,EGAS00001005340,ENA-CHECKLIST=ERC000026
CGPLH1002P,EGAN00003221133,SAMEA9241021,EGAR00002846338,EGAX00002471823,EGAS00001005340,ENA-CHECKLIST=ERC000026
CGPLH1003P,EGAN00003221132,SAMEA9241020,EGAR00002846339,EGAX00002471824,EGAS00001005340,ENA-CHECKLIST=ERC000026
CGPLH1004P,EGAN00003220759,SAMEA9240647,EGAR00002846340,EGAX00002471825,EGAS00001005340,ENA-CHECKLIST=ERC000026
CGPLH1005P,EGAN00003220758,SAMEA9240646,EGAR00002846341,EGAX00002471826,EGAS00001005340,ENA-CHECKLIST=ERC000026
CGPLH1006P,EGAN00003220424,SAMEA9240316,EGAR00002846342,EGAX00002471827,EGAS00001005340,ENA-CHECKLIST=ERC000026
CGPLH1007P,EGAN00003220423,SAMEA9240315,EGAR00002846343,EGAX00002471828,EGAS00001005340,ENA-CHECKLIST=ERC000026
CGPLH1008P,EGAN00003220762,SAMEA9240650,EGAR00002846344,EGAX00002471829,EGAS00001005340,ENA-CHECKLIST=ERC000026
CGPLH1009P,EGAN00003220760,SAMEA9240648,EGAR00002846345,EGAX00002471830,EGAS00001005340,ENA-CHECKLIST=ERC000026
CGPLH1010P,EGAN00003221124,SAMEA9241012,EGAR00002846346,EGAX00002471831,EGAS00001005340,ENA-CHECKLIST=ERC000026
CGPLH1011P,EGAN00003221123,SAMEA9241011,EGAR00002846347,EGAX00002471832,EGAS00001005340,ENA-CHECKLIST=ERC000026
CGPLH1012P,EGAN00003221117,SAMEA9241005,EGAR00002846348,EGAX00002471833,EGAS00001005340,ENA-CHECKLIST=ERC000026
CGPLH1013P,EGAN00003220434,SAMEA9240327,EGAR00002846349,EGAX00002471834,EGAS00001005340,ENA-CHECKLIST=ERC000026
CGPLH1014P,EGAN00003220433,SAMEA9240326,EGAR00002846350,EGAX00002471835,EGAS00001005340,ENA-CHECKLIST=ERC000026
CGPLH1015P,EGAN00003220436,SAMEA9240329,EGAR00002846351,EGAX00002471836,EGAS00001005340,ENA-CHECKLIST=ERC000026
CGPLH1016P,EGAN00003220419,SAMEA9240310,EGAR00002846352,EGAX00002471837,EGAS00001005340,ENA-CHECKLIST=ERC000026
CGPLH1017P,EGAN00003220422,SAMEA9240314,EGAR00002846353,EGAX00002471838,EGAS00001005340,ENA-CHECKLIST=ERC000026
CGPLH1018P,EGAN00003220421,SAMEA9240313,EGAR00002846354,EGAX00002471839,EGAS00001005340,ENA-CHECKLIST=ERC000026
CGPLH1019P,EGAN00003221096,SAMEA9240984,EGAR00002846355,EGAX00002471840,EGAS00001005340,ENA-CHECKLIST=ERC000026
CGPLH1020P,EGAN00003221095,SAMEA9240983,EGAR00002846356,EGAX00002471841,EGAS00001005340,ENA-CHECKLIST=ERC000026
CGPLH1021P,EGAN00003221094,SAMEA9240982,EGAR00002846357,EGAX00002471842,EGAS00001005340,ENA-CHECKLIST=ERC000026
CGPLH1022P,EGAN00003221093,SAMEA9240981,EGAR00002846358,EGAX00002471843,EGAS00001005340,ENA-CHECKLIST=ERC000026
CGPLH1023P,EGAN00003221105,SAMEA9240993,EGAR00002846359,EGAX00002471844,EGAS00001005340,ENA-CHECKLIST=ERC000026
CGPLH1024P,EGAN00003221103,SAMEA9240991,EGAR00002846360,EGAX00002471845,EGAS00001005340,ENA-CHECKLIST=ERC000026
CGPLH1025P,EGAN00003221101,SAMEA9240989,EGAR00002846361,EGAX00002471846,EGAS00001005340,ENA-CHECKLIST=ERC000026
CGPLH1027P,EGAN00003220957,SAMEA9240297,EGAR00002846362,EGAX00002471847,EGAS00001005340,ENA-CHECKLIST=ERC000026
CGPLH1028P,EGAN00003220956,SAMEA9240294,EGAR00002846363,EGAX00002471848,EGAS00001005340,ENA-CHECKLIST=ERC000026
CGPLH289P_2,EGAN00003220450,SAMEA9240344,EGAR00002846364,EGAX00002471849,EGAS00001005340,ENA-CHECKLIST=ERC000026
CGPLH290P_2,EGAN00003220407,SAMEA9240298,EGAR00002846365,EGAX00002471850,EGAS00001005340,ENA-CHECKLIST=ERC000026
CGPLH291P_2,EGAN00003220406,SAMEA9240296,EGAR00002846366,EGAX00002471851,EGAS00001005340,ENA-CHECKLIST=ERC000026
CGPLH292P_2,EGAN00003220408,SAMEA9240299,EGAR00002846367,EGAX00002471852,EGAS00001005340,ENA-CHECKLIST=ERC000026
CGPLH293P_2,EGAN00003220390,SAMEA9240277,EGAR00002846368,EGAX00002471853,EGAS00001005340,ENA-CHECKLIST=ERC000026
CGPLH294P_2,EGAN00003220994,SAMEA9240882,EGAR00002846369,EGAX00002471854,EGAS00001005340,ENA-CHECKLIST=ERC000026
CGPLH295P_2,EGAN00003220991,SAMEA9240879,EGAR00002846370,EGAX00002471855,EGAS00001005340,ENA-CHECKLIST=ERC000026
CGPLH296P_2,EGAN00003221022,SAMEA9240910,EGAR00002846371,EGAX00002471856,EGAS00001005340,ENA-CHECKLIST=ERC000026
CGPLH297P_2,EGAN00003221135,SAMEA9241023,EGAR00002846372,EGAX00002471857,EGAS00001005340,ENA-CHECKLIST=ERC000026
CGPLH298P_2,EGAN00003221134,SAMEA9241022,EGAR00002846373,EGAX00002471858,EGAS00001005340,ENA-CHECKLIST=ERC000026
CGPLH327P_2,EGAN00003220644,SAMEA9240532,EGAR00002846374,EGAX00002471859,EGAS00001005340,ENA-CHECKLIST=ERC000026
CGPLH329P_2,EGAN00003220638,SAMEA9240526,EGAR00002846375,EGAX00002471860,EGAS00001005340,ENA-CHECKLIST=ERC000026
CGPLH332P_2,EGAN00003220412,SAMEA9240303,EGAR00002846376,EGAX00002471861,EGAS00001005340,ENA-CHECKLIST=ERC000026
CGPLH334P_2,EGAN00003220411,SAMEA9240302,EGAR00002846377,EGAX00002471862,EGAS00001005340,ENA-CHECKLIST=ERC000026
CGPLH351P_2,EGAN00003220376,SAMEA9240263,EGAR00002846378,EGAX00002471863,EGAS00001005340,ENA-CHECKLIST=ERC000026
CGPLH358P_2,EGAN00003220363,SAMEA9240250,EGAR00002846379,EGAX00002471864,EGAS00001005340,ENA-CHECKLIST=ERC000026
CGPLH361P_2,EGAN00003220642,SAMEA9240530,EGAR00002846380,EGAX00002471865,EGAS00001005340,ENA-CHECKLIST=ERC000026
CGPLH383P_2,EGAN00003220712,SAMEA9240600,EGAR00002846381,EGAX00002471866,EGAS00001005340,ENA-CHECKLIST=ERC000026
CGPLH385P_2,EGAN00003220625,SAMEA9240513,EGAR00002846382,EGAX00002471867,EGAS00001005340,ENA-CHECKLIST=ERC000026
CGPLH388P_2,EGAN00003220640,SAMEA9240528,EGAR00002846383,EGAX00002471868,EGAS00001005340,ENA-CHECKLIST=ERC000026
CGPLH403P_2,EGAN00003220636,SAMEA9240524,EGAR00002846384,EGAX00002471869,EGAS00001005340,ENA-CHECKLIST=ERC000026
CGPLH405P_2,EGAN00003220634,SAMEA9240522,EGAR00002846385,EGAX00002471870,EGAS00001005340,ENA-CHECKLIST=ERC000026
CGPLH408P_2,EGAN00003220364,SAMEA9240251,EGAR00002846386,EGAX00002471871,EGAS00001005340,ENA-CHECKLIST=ERC000026
CGPLH411P_2,EGAN00003220366,SAMEA9240253,EGAR00002846387,EGAX00002471872,EGAS00001005340,ENA-CHECKLIST=ERC000026
CGPLH417P_2,EGAN00003220365,SAMEA9240252,EGAR00002846388,EGAX00002471873,EGAS00001005340,ENA-CHECKLIST=ERC000026
CGPLH431P_2,EGAN00003220717,SAMEA9240605,EGAR00002846389,EGAX00002471874,EGAS00001005340,ENA-CHECKLIST=ERC000026
CGPLH432P_2,EGAN00003220715,SAMEA9240603,EGAR00002846390,EGAX00002471875,EGAS00001005340,ENA-CHECKLIST=ERC000026
CGPLH435P_2,EGAN00003220721,SAMEA9240609,EGAR00002846391,EGAX00002471876,EGAS00001005340,ENA-CHECKLIST=ERC000026
CGPLH437P_2,EGAN00003220719,SAMEA9240607,EGAR00002846392,EGAX00002471877,EGAS00001005340,ENA-CHECKLIST=ERC000026
CGPLH438P_2,EGAN00003220725,SAMEA9240613,EGAR00002846393,EGAX00002471878,EGAS00001005340,ENA-CHECKLIST=ERC000026
CGPLH439P_2,EGAN00003220723,SAMEA9240611,EGAR00002846394,EGAX00002471879,EGAS00001005340,ENA-CHECKLIST=ERC000026
CGPLH440P_2,EGAN00003220728,SAMEA9240616,EGAR00002846395,EGAX00002471880,EGAS00001005340,ENA-CHECKLIST=ERC000026
CGPLH446P_2,EGAN00003220727,SAMEA9240615,EGAR00002846396,EGAX00002471881,EGAS00001005340,ENA-CHECKLIST=ERC000026
CGPLH458P_2,EGAN00003220649,SAMEA9240537,EGAR00002846397,EGAX00002471882,EGAS00001005340,ENA-CHECKLIST=ERC000026
CGPLH463P_2,EGAN00003220651,SAMEA9240539,EGAR00002846398,EGAX00002471883,EGAS00001005340,ENA-CHECKLIST=ERC000026
CGPLH464P_2,EGAN00003220650,SAMEA9240538,EGAR00002846399,EGAX00002471884,EGAS00001005340,ENA-CHECKLIST=ERC000026
CGPLH467P_2,EGAN00003220653,SAMEA9240541,EGAR00002846400,EGAX00002471885,EGAS00001005340,ENA-CHECKLIST=ERC000026
CGPLH468P_2,EGAN00003220652,SAMEA9240540,EGAR00002846401,EGAX00002471886,EGAS00001005340,ENA-CHECKLIST=ERC000026
CGPLH471P_2,EGAN00003220654,SAMEA9240542,EGAR00002846402,EGAX00002471887,EGAS00001005340,ENA-CHECKLIST=ERC000026
CGPLH472P_2,EGAN00003220655,SAMEA9240543,EGAR00002846403,EGAX00002471888,EGAS00001005340,ENA-CHECKLIST=ERC000026
CGPLH473P_2,EGAN00003220657,SAMEA9240545,EGAR00002846404,EGAX00002471889,EGAS00001005340,ENA-CHECKLIST=ERC000026
CGPLH476P_2,EGAN00003220656,SAMEA9240544,EGAR00002846405,EGAX00002471890,EGAS00001005340,ENA-CHECKLIST=ERC000026
CGPLH481P_2,EGAN00003220659,SAMEA9240547,EGAR00002846406,EGAX00002471891,EGAS00001005340,ENA-CHECKLIST=ERC000026
CGPLH487P_2,EGAN00003220658,SAMEA9240546,EGAR00002846407,EGAX00002471892,EGAS00001005340,ENA-CHECKLIST=ERC000026
CGPLH488P_2,EGAN00003220662,SAMEA9240550,EGAR00002846408,EGAX00002471893,EGAS00001005340,ENA-CHECKLIST=ERC000026
CGPLH491P_2,EGAN00003220660,SAMEA9240548,EGAR00002846409,EGAX00002471894,EGAS00001005340,ENA-CHECKLIST=ERC000026
CGPLH496P_2,EGAN00003220502,SAMEA9240389,EGAR00002846410,EGAX00002471895,EGAS00001005340,ENA-CHECKLIST=ERC000026
CGPLH501P_2,EGAN00003220504,SAMEA9240391,EGAR00002846411,EGAX00002471896,EGAS00001005340,ENA-CHECKLIST=ERC000026
CGPLH505P_2,EGAN00003220503,SAMEA9240390,EGAR00002846412,EGAX00002471897,EGAS00001005340,ENA-CHECKLIST=ERC000026
CGPLH516P_2,EGAN00003220513,SAMEA9240400,EGAR00002846413,EGAX00002471898,EGAS00001005340,ENA-CHECKLIST=ERC000026
CGPLH520P_2,EGAN00003220512,SAMEA9240399,EGAR00002846414,EGAX00002471899,EGAS00001005340,ENA-CHECKLIST=ERC000026
CGPLH547P_1,EGAN00003221021,SAMEA9240909,EGAR00002846415,EGAX00002471900,EGAS00001005340,ENA-CHECKLIST=ERC000026
CGPLH551P_1,EGAN00003221137,SAMEA9241025,EGAR00002846416,EGAX00002471901,EGAS00001005340,ENA-CHECKLIST=ERC000026
CGPLH571P_1,EGAN00003220511,SAMEA9240398,EGAR00002846417,EGAX00002471902,EGAS00001005340,ENA-CHECKLIST=ERC000026
CGPLH572P_1,EGAN00003220507,SAMEA9240394,EGAR00002846418,EGAX00002471903,EGAS00001005340,ENA-CHECKLIST=ERC000026
CGPLH573P_1,EGAN00003220506,SAMEA9240393,EGAR00002846419,EGAX00002471904,EGAS00001005340,ENA-CHECKLIST=ERC000026
CGPLH574P_1,EGAN00003220505,SAMEA9240392,EGAR00002846420,EGAX00002471905,EGAS00001005340,ENA-CHECKLIST=ERC000026
CGPLH575P_1,EGAN00003220519,SAMEA9240406,EGAR00002846421,EGAX00002471906,EGAS00001005340,ENA-CHECKLIST=ERC000026
CGPLH576P_1,EGAN00003220523,SAMEA9240410,EGAR00002846422,EGAX00002471907,EGAS00001005340,ENA-CHECKLIST=ERC000026
CGPLH577P_1,EGAN00003220522,SAMEA9240409,EGAR00002846423,EGAX00002471908,EGAS00001005340,ENA-CHECKLIST=ERC000026
CGPLH577P_2,EGAN00003220409,SAMEA9240300,EGAR00002846424,EGAX00002471909,EGAS00001005340,ENA-CHECKLIST=ERC000026
CGPLH578P_1,EGAN00003220521,SAMEA9240408,EGAR00002846425,EGAX00002471910,EGAS00001005340,ENA-CHECKLIST=ERC000026
CGPLH579P_1,EGAN00003220520,SAMEA9240407,EGAR00002846426,EGAX00002471911,EGAS00001005340,ENA-CHECKLIST=ERC000026
CGPLH580P_1,EGAN00003220517,SAMEA9240404,EGAR00002846427,EGAX00002471912,EGAS00001005340,ENA-CHECKLIST=ERC000026
CGPLH581P_1,EGAN00003220516,SAMEA9240403,EGAR00002846428,EGAX00002471913,EGAS00001005340,ENA-CHECKLIST=ERC000026
CGPLH582P_1,EGAN00003220515,SAMEA9240402,EGAR00002846429,EGAX00002471914,EGAS00001005340,ENA-CHECKLIST=ERC000026
CGPLH583P_1,EGAN00003220514,SAMEA9240401,EGAR00002846430,EGAX00002471915,EGAS00001005340,ENA-CHECKLIST=ERC000026
CGPLH584P_1,EGAN00003220518,SAMEA9240405,EGAR00002846431,EGAX00002471916,EGAS00001005340,ENA-CHECKLIST=ERC000026
CGPLH585P_1,EGAN00003220537,SAMEA9240425,EGAR00002846432,EGAX00002471917,EGAS00001005340,ENA-CHECKLIST=ERC000026
CGPLH586P_1,EGAN00003220536,SAMEA9240424,EGAR00002846433,EGAX00002471918,EGAS00001005340,ENA-CHECKLIST=ERC000026
CGPLH587P_1,EGAN00003220354,SAMEA9240241,EGAR00002846434,EGAX00002471919,EGAS00001005340,ENA-CHECKLIST=ERC000026
CGPLH588P_1,EGAN00003220360,SAMEA9240247,EGAR00002846435,EGAX00002471920,EGAS00001005340,ENA-CHECKLIST=ERC000026
CGPLH589P_1,EGAN00003220358,SAMEA9240245,EGAR00002846436,EGAX00002471921,EGAS00001005340,ENA-CHECKLIST=ERC000026
CGPLH590P_1,EGAN00003220362,SAMEA9240249,EGAR00002846437,EGAX00002471922,EGAS00001005340,ENA-CHECKLIST=ERC000026
CGPLH591P_1,EGAN00003220889,SAMEA9240777,EGAR00002846438,EGAX00002471923,EGAS00001005340,ENA-CHECKLIST=ERC000026
CGPLH592P_1,EGAN00003220888,SAMEA9240776,EGAR00002846439,EGAX00002471924,EGAS00001005340,ENA-CHECKLIST=ERC000026
CGPLH593P_1,EGAN00003220891,SAMEA9240779,EGAR00002846440,EGAX00002471925,EGAS00001005340,ENA-CHECKLIST=ERC000026
CGPLH594P_1,EGAN00003220595,SAMEA9240483,EGAR00002846441,EGAX00002471926,EGAS00001005340,ENA-CHECKLIST=ERC000026
CGPLH595P_1,EGAN00003220593,SAMEA9240481,EGAR00002846442,EGAX00002471927,EGAS00001005340,ENA-CHECKLIST=ERC000026
CGPLH596P_1,EGAN00003220592,SAMEA9240480,EGAR00002846443,EGAX00002471928,EGAS00001005340,ENA-CHECKLIST=ERC000026
CGPLH597P_1,EGAN00003220601,SAMEA9240489,EGAR00002846444,EGAX00002471929,EGAS00001005340,ENA-CHECKLIST=ERC000026
CGPLH598P_1,EGAN00003220600,SAMEA9240488,EGAR00002846445,EGAX00002471930,EGAS00001005340,ENA-CHECKLIST=ERC000026
CGPLH599P_1,EGAN00003220599,SAMEA9240487,EGAR00002846446,EGAX00002471931,EGAS00001005340,ENA-CHECKLIST=ERC000026
CGPLH600P_1,EGAN00003220598,SAMEA9240486,EGAR00002846447,EGAX00002471932,EGAS00001005340,ENA-CHECKLIST=ERC000026
CGPLH601P_1,EGAN00003220597,SAMEA9240485,EGAR00002846448,EGAX00002471933,EGAS00001005340,ENA-CHECKLIST=ERC000026
CGPLH602P_1,EGAN00003220581,SAMEA9240469,EGAR00002846449,EGAX00002471934,EGAS00001005340,ENA-CHECKLIST=ERC000026
CGPLH603P_1,EGAN00003220580,SAMEA9240468,EGAR00002846450,EGAX00002471935,EGAS00001005340,ENA-CHECKLIST=ERC000026
CGPLH604P_1,EGAN00003220579,SAMEA9240467,EGAR00002846451,EGAX00002471936,EGAS00001005340,ENA-CHECKLIST=ERC000026
CGPLH605P_1,EGAN00003220578,SAMEA9240466,EGAR00002846452,EGAX00002471937,EGAS00001005340,ENA-CHECKLIST=ERC000026
CGPLH606P_1,EGAN00003220577,SAMEA9240465,EGAR00002846453,EGAX00002471938,EGAS00001005340,ENA-CHECKLIST=ERC000026
CGPLH607P_1,EGAN00003220564,SAMEA9240452,EGAR00002846454,EGAX00002471939,EGAS00001005340,ENA-CHECKLIST=ERC000026
CGPLH608P_1,EGAN00003220980,SAMEA9240868,EGAR00002846455,EGAX00002471940,EGAS00001005340,ENA-CHECKLIST=ERC000026
CGPLH610P_1,EGAN00003220562,SAMEA9240450,EGAR00002846456,EGAX00002471941,EGAS00001005340,ENA-CHECKLIST=ERC000026
CGPLH611P_1,EGAN00003220561,SAMEA9240449,EGAR00002846457,EGAX00002471942,EGAS00001005340,ENA-CHECKLIST=ERC000026
CGPLH612P_1,EGAN00003220560,SAMEA9240448,EGAR00002846458,EGAX00002471943,EGAS00001005340,ENA-CHECKLIST=ERC000026
CGPLH613P_1,EGAN00003220979,SAMEA9240867,EGAR00002846459,EGAX00002471944,EGAS00001005340,ENA-CHECKLIST=ERC000026
CGPLH614P_1,EGAN00003221164,SAMEA9241052,EGAR00002846460,EGAX00002471945,EGAS00001005340,ENA-CHECKLIST=ERC000026
CGPLH615P_1,EGAN00003221168,SAMEA9241056,EGAR00002846461,EGAX00002471946,EGAS00001005340,ENA-CHECKLIST=ERC000026
CGPLH616P_1,EGAN00003221169,SAMEA9241057,EGAR00002846462,EGAX00002471947,EGAS00001005340,ENA-CHECKLIST=ERC000026
CGPLH616P_2,EGAN00003221166,SAMEA9241054,EGAR00002846463,EGAX00002471948,EGAS00001005340,ENA-CHECKLIST=ERC000026
CGPLH619P_1,EGAN00003221167,SAMEA9241055,EGAR00002846464,EGAX00002471949,EGAS00001005340,ENA-CHECKLIST=ERC000026
CGPLH620P_1,EGAN00003220978,SAMEA9240866,EGAR00002846465,EGAX00002471950,EGAS00001005340,ENA-CHECKLIST=ERC000026
CGPLH621P_1,EGAN00003221160,SAMEA9241048,EGAR00002846466,EGAX00002471951,EGAS00001005340,ENA-CHECKLIST=ERC000026
CGPLH622P_1,EGAN00003221011,SAMEA9240899,EGAR00002846467,EGAX00002471952,EGAS00001005340,ENA-CHECKLIST=ERC000026
CGPLH623P_1,EGAN00003221047,SAMEA9240935,EGAR00002846468,EGAX00002471953,EGAS00001005340,ENA-CHECKLIST=ERC000026
CGPLH624P_1,EGAN00003220842,SAMEA9240730,EGAR00002846469,EGAX00002471954,EGAS00001005340,ENA-CHECKLIST=ERC000026
CGPLH627P_2,EGAN00003221136,SAMEA9241024,EGAR00002846470,EGAX00002471955,EGAS00001005340,ENA-CHECKLIST=ERC000026
CGPLH628P_1,EGAN00003220841,SAMEA9240729,EGAR00002846471,EGAX00002471956,EGAS00001005340,ENA-CHECKLIST=ERC000026
CGPLH629P_1,EGAN00003220837,SAMEA9240725,EGAR00002846472,EGAX00002471957,EGAS00001005340,ENA-CHECKLIST=ERC000026
CGPLH630P_1,EGAN00003220836,SAMEA9240724,EGAR00002846473,EGAX00002471958,EGAS00001005340,ENA-CHECKLIST=ERC000026
CGPLH631P_1,EGAN00003220839,SAMEA9240727,EGAR00002846474,EGAX00002471959,EGAS00001005340,ENA-CHECKLIST=ERC000026
CGPLH632P_1,EGAN00003220838,SAMEA9240726,EGAR00002846475,EGAX00002471960,EGAS00001005340,ENA-CHECKLIST=ERC000026
CGPLH633P_1,EGAN00003220834,SAMEA9240722,EGAR00002846476,EGAX00002471961,EGAS00001005340,ENA-CHECKLIST=ERC000026
CGPLH634P_1,EGAN00003220833,SAMEA9240721,EGAR00002846477,EGAX00002471962,EGAS00001005340,ENA-CHECKLIST=ERC000026
CGPLH635P_1,EGAN00003220835,SAMEA9240723,EGAR00002846478,EGAX00002471963,EGAS00001005340,ENA-CHECKLIST=ERC000026
CGPLH636P_1,EGAN00003220869,SAMEA9240757,EGAR00002846479,EGAX00002471964,EGAS00001005340,ENA-CHECKLIST=ERC000026
CGPLH637P_1,EGAN00003220867,SAMEA9240755,EGAR00002846480,EGAX00002471965,EGAS00001005340,ENA-CHECKLIST=ERC000026
CGPLH638P_1,EGAN00003220856,SAMEA9240744,EGAR00002846481,EGAX00002471966,EGAS00001005340,ENA-CHECKLIST=ERC000026
CGPLH641P_1,EGAN00003220853,SAMEA9240741,EGAR00002846482,EGAX00002471967,EGAS00001005340,ENA-CHECKLIST=ERC000026
CGPLH641P_2,EGAN00003220862,SAMEA9240750,EGAR00002846483,EGAX00002471968,EGAS00001005340,ENA-CHECKLIST=ERC000026
CGPLH643P_2,EGAN00003220378,SAMEA9240266,EGAR00002846484,EGAX00002471969,EGAS00001005340,ENA-CHECKLIST=ERC000026
CGPLH645P_1,EGAN00003220859,SAMEA9240747,EGAR00002846485,EGAX00002471970,EGAS00001005340,ENA-CHECKLIST=ERC000026
CGPLH646P_2,EGAN00003220377,SAMEA9240264,EGAR00002846486,EGAX00002471971,EGAS00001005340,ENA-CHECKLIST=ERC000026
CGPLH647P_1,EGAN00003220850,SAMEA9240738,EGAR00002846487,EGAX00002471972,EGAS00001005340,ENA-CHECKLIST=ERC000026
CGPLH647P_2,EGAN00003220849,SAMEA9240737,EGAR00002846488,EGAX00002471973,EGAS00001005340,ENA-CHECKLIST=ERC000026
CGPLH648P_1,EGAN00003220746,SAMEA9240634,EGAR00002846489,EGAX00002471974,EGAS00001005340,ENA-CHECKLIST=ERC000026
CGPLH649P_1,EGAN00003220744,SAMEA9240632,EGAR00002846490,EGAX00002471975,EGAS00001005340,ENA-CHECKLIST=ERC000026
CGPLH650P_1,EGAN00003220743,SAMEA9240631,EGAR00002846491,EGAX00002471976,EGAS00001005340,ENA-CHECKLIST=ERC000026
CGPLH651P_1,EGAN00003220742,SAMEA9240630,EGAR00002846492,EGAX00002471977,EGAS00001005340,ENA-CHECKLIST=ERC000026
CGPLH652P_1,EGAN00003220936,SAMEA9240824,EGAR00002846493,EGAX00002471978,EGAS00001005340,ENA-CHECKLIST=ERC000026
CGPLH653P_1,EGAN00003220609,SAMEA9240497,EGAR00002846494,EGAX00002471979,EGAS00001005340,ENA-CHECKLIST=ERC000026
CGPLH655P_1,EGAN00003220482,SAMEA9240382,EGAR00002846495,EGAX00002471980,EGAS00001005340,ENA-CHECKLIST=ERC000026
CGPLH656P_1,EGAN00003220480,SAMEA9240379,EGAR00002846496,EGAX00002471981,EGAS00001005340,ENA-CHECKLIST=ERC000026
CGPLH657P_1,EGAN00003220487,SAMEA9240843,EGAR00002846497,EGAX00002471982,EGAS00001005340,ENA-CHECKLIST=ERC000026
CGPLH658P_1,EGAN00003220845,SAMEA9240733,EGAR00002846498,EGAX00002471983,EGAS00001005340,ENA-CHECKLIST=ERC000026
CGPLH659P_1,EGAN00003220844,SAMEA9240732,EGAR00002846499,EGAX00002471984,EGAS00001005340,ENA-CHECKLIST=ERC000026
CGPLH660P_1,EGAN00003220916,SAMEA9240804,EGAR00002846500,EGAX00002471985,EGAS00001005340,ENA-CHECKLIST=ERC000026
CGPLH661P_1,EGAN00003220915,SAMEA9240803,EGAR00002846501,EGAX00002471986,EGAS00001005340,ENA-CHECKLIST=ERC000026
CGPLH662P_1,EGAN00003220935,SAMEA9240823,EGAR00002846502,EGAX00002471987,EGAS00001005340,ENA-CHECKLIST=ERC000026
CGPLH663P_1,EGAN00003220944,SAMEA9240832,EGAR00002846503,EGAX00002471988,EGAS00001005340,ENA-CHECKLIST=ERC000026
CGPLH664P_1,EGAN00003220945,SAMEA9240833,EGAR00002846504,EGAX00002471989,EGAS00001005340,ENA-CHECKLIST=ERC000026
CGPLH665P_1,EGAN00003220942,SAMEA9240830,EGAR00002846505,EGAX00002471990,EGAS00001005340,ENA-CHECKLIST=ERC000026
CGPLH666P_1,EGAN00003220485,SAMEA9240385,EGAR00002846506,EGAX00002471991,EGAS00001005340,ENA-CHECKLIST=ERC000026
CGPLH667P_1,EGAN00003220488,SAMEA9240844,EGAR00002846507,EGAX00002471992,EGAS00001005340,ENA-CHECKLIST=ERC000026
CGPLH668P_1,EGAN00003220481,SAMEA9240380,EGAR00002846508,EGAX00002471993,EGAS00001005340,ENA-CHECKLIST=ERC000026
CGPLH669P_1,EGAN00003220818,SAMEA9240706,EGAR00002846509,EGAX00002471994,EGAS00001005340,ENA-CHECKLIST=ERC000026
CGPLH670P_1,EGAN00003220817,SAMEA9240705,EGAR00002846510,EGAX00002471995,EGAS00001005340,ENA-CHECKLIST=ERC000026
CGPLH671P_1,EGAN00003220816,SAMEA9240704,EGAR00002846511,EGAX00002471996,EGAS00001005340,ENA-CHECKLIST=ERC000026
CGPLH672P_1,EGAN00003220799,SAMEA9240687,EGAR00002846512,EGAX00002471997,EGAS00001005340,ENA-CHECKLIST=ERC000026
CGPLH673P_1,EGAN00003220798,SAMEA9240686,EGAR00002846513,EGAX00002471998,EGAS00001005340,ENA-CHECKLIST=ERC000026
CGPLH674P_1,EGAN00003220797,SAMEA9240685,EGAR00002846514,EGAX00002471999,EGAS00001005340,ENA-CHECKLIST=ERC000026
CGPLH675P_1,EGAN00003220796,SAMEA9240684,EGAR00002846515,EGAX00002472000,EGAS00001005340,ENA-CHECKLIST=ERC000026
CGPLH676P_1,EGAN00003221085,SAMEA9240973,EGAR00002846516,EGAX00002472001,EGAS00001005340,ENA-CHECKLIST=ERC000026
CGPLH677P_1,EGAN00003221097,SAMEA9240985,EGAR00002846517,EGAX00002472002,EGAS00001005340,ENA-CHECKLIST=ERC000026
CGPLH678P_1,EGAN00003221110,SAMEA9240998,EGAR00002846518,EGAX00002472003,EGAS00001005340,ENA-CHECKLIST=ERC000026
CGPLH679P_1,EGAN00003221112,SAMEA9241000,EGAR00002846519,EGAX00002472004,EGAS00001005340,ENA-CHECKLIST=ERC000026
CGPLH680P_1,EGAN00003221111,SAMEA9240999,EGAR00002846520,EGAX00002472005,EGAS00001005340,ENA-CHECKLIST=ERC000026
CGPLH681P_1,EGAN00003221114,SAMEA9241002,EGAR00002846521,EGAX00002472006,EGAS00001005340,ENA-CHECKLIST=ERC000026
CGPLH683P_1,EGAN00003220569,SAMEA9240457,EGAR00002846522,EGAX00002472007,EGAS00001005340,ENA-CHECKLIST=ERC000026
CGPLH685P_1,EGAN00003220904,SAMEA9240792,EGAR00002846523,EGAX00002472008,EGAS00001005340,ENA-CHECKLIST=ERC000026
CGPLH686P_1,EGAN00003220902,SAMEA9240790,EGAR00002846524,EGAX00002472009,EGAS00001005340,ENA-CHECKLIST=ERC000026
CGPLH687P_1,EGAN00003220900,SAMEA9240788,EGAR00002846525,EGAX00002472010,EGAS00001005340,ENA-CHECKLIST=ERC000026
CGPLH688P_1,EGAN00003220371,SAMEA9240258,EGAR00002846526,EGAX00002472011,EGAS00001005340,ENA-CHECKLIST=ERC000026
CGPLH689P_1,EGAN00003220373,SAMEA9240260,EGAR00002846527,EGAX00002472012,EGAS00001005340,ENA-CHECKLIST=ERC000026
CGPLH690P_1,EGAN00003220375,SAMEA9240262,EGAR00002846528,EGAX00002472013,EGAS00001005340,ENA-CHECKLIST=ERC000026
CGPLH691P_1,EGAN00003220901,SAMEA9240789,EGAR00002846529,EGAX00002472014,EGAS00001005340,ENA-CHECKLIST=ERC000026
CGPLH692P_1,EGAN00003220903,SAMEA9240791,EGAR00002846530,EGAX00002472015,EGAS00001005340,ENA-CHECKLIST=ERC000026
CGPLH693P_1,EGAN00003220684,SAMEA9240572,EGAR00002846531,EGAX00002472016,EGAS00001005340,ENA-CHECKLIST=ERC000026
CGPLH694P_1,EGAN00003220682,SAMEA9240570,EGAR00002846532,EGAX00002472017,EGAS00001005340,ENA-CHECKLIST=ERC000026
CGPLH695P_1,EGAN00003220680,SAMEA9240568,EGAR00002846533,EGAX00002472018,EGAS00001005340,ENA-CHECKLIST=ERC000026
CGPLH696P_1,EGAN00003220677,SAMEA9240565,EGAR00002846534,EGAX00002472019,EGAS00001005340,ENA-CHECKLIST=ERC000026
CGPLH697P_1,EGAN00003220674,SAMEA9240562,EGAR00002846535,EGAX00002472020,EGAS00001005340,ENA-CHECKLIST=ERC000026
CGPLH698P_1,EGAN00003220474,SAMEA9240373,EGAR00002846536,EGAX00002472021,EGAS00001005340,ENA-CHECKLIST=ERC000026
CGPLH699P_1,EGAN00003220473,SAMEA9240371,EGAR00002846537,EGAX00002472022,EGAS00001005340,ENA-CHECKLIST=ERC000026
CGPLH700P_1,EGAN00003220477,SAMEA9240376,EGAR00002846538,EGAX00002472023,EGAS00001005340,ENA-CHECKLIST=ERC000026
CGPLH701P_1,EGAN00003220943,SAMEA9240831,EGAR00002846539,EGAX00002472024,EGAS00001005340,ENA-CHECKLIST=ERC000026
CGPLH702P_1,EGAN00003220941,SAMEA9240829,EGAR00002846540,EGAX00002472025,EGAS00001005340,ENA-CHECKLIST=ERC000026
CGPLH704P_1,EGAN00003220703,SAMEA9240591,EGAR00002846541,EGAX00002472026,EGAS00001005340,ENA-CHECKLIST=ERC000026
CGPLH705P_1,EGAN00003220498,SAMEA9240855,EGAR00002846542,EGAX00002472027,EGAS00001005340,ENA-CHECKLIST=ERC000026
CGPLH706P_1,EGAN00003220497,SAMEA9240854,EGAR00002846543,EGAX00002472028,EGAS00001005340,ENA-CHECKLIST=ERC000026
CGPLH707P_1,EGAN00003220501,SAMEA9240388,EGAR00002846544,EGAX00002472029,EGAS00001005340,ENA-CHECKLIST=ERC000026
CGPLH708P_1,EGAN00003220606,SAMEA9240494,EGAR00002846545,EGAX00002472030,EGAS00001005340,ENA-CHECKLIST=ERC000026
CGPLH709P_1,EGAN00003220603,SAMEA9240491,EGAR00002846546,EGAX00002472031,EGAS00001005340,ENA-CHECKLIST=ERC000026
CGPLH710P_1,EGAN00003220604,SAMEA9240492,EGAR00002846547,EGAX00002472032,EGAS00001005340,ENA-CHECKLIST=ERC000026
CGPLH711P_1,EGAN00003220608,SAMEA9240496,EGAR00002846548,EGAX00002472033,EGAS00001005340,ENA-CHECKLIST=ERC000026
CGPLH712P_1,EGAN00003220611,SAMEA9240499,EGAR00002846549,EGAX00002472034,EGAS00001005340,ENA-CHECKLIST=ERC000026
CGPLH713P_1,EGAN00003220618,SAMEA9240506,EGAR00002846550,EGAX00002472035,EGAS00001005340,ENA-CHECKLIST=ERC000026
CGPLH714P_1,EGAN00003220675,SAMEA9240563,EGAR00002846551,EGAX00002472036,EGAS00001005340,ENA-CHECKLIST=ERC000026
CGPLH715P_1,EGAN00003220678,SAMEA9240566,EGAR00002846552,EGAX00002472037,EGAS00001005340,ENA-CHECKLIST=ERC000026
CGPLH716P_1,EGAN00003220688,SAMEA9240576,EGAR00002846553,EGAX00002472038,EGAS00001005340,ENA-CHECKLIST=ERC000026
CGPLH717P_1,EGAN00003220689,SAMEA9240577,EGAR00002846554,EGAX00002472039,EGAS00001005340,ENA-CHECKLIST=ERC000026
CGPLH718P_1,EGAN00003220701,SAMEA9240589,EGAR00002846555,EGAX00002472040,EGAS00001005340,ENA-CHECKLIST=ERC000026
CGPLH719P_1,EGAN00003220704,SAMEA9240592,EGAR00002846556,EGAX00002472041,EGAS00001005340,ENA-CHECKLIST=ERC000026
CGPLH720P_1,EGAN00003220345,SAMEA9240232,EGAR00002846557,EGAX00002472042,EGAS00001005340,ENA-CHECKLIST=ERC000026
CGPLH721P_1,EGAN00003220346,SAMEA9240233,EGAR00002846558,EGAX00002472043,EGAS00001005340,ENA-CHECKLIST=ERC000026
CGPLH722P_1,EGAN00003220347,SAMEA9240234,EGAR00002846559,EGAX00002472044,EGAS00001005340,ENA-CHECKLIST=ERC000026
CGPLH723P_1,EGAN00003220351,SAMEA9240238,EGAR00002846560,EGAX00002472045,EGAS00001005340,ENA-CHECKLIST=ERC000026
CGPLH724P_1,EGAN00003220359,SAMEA9240246,EGAR00002846561,EGAX00002472046,EGAS00001005340,ENA-CHECKLIST=ERC000026
CGPLH725P_1,EGAN00003220361,SAMEA9240248,EGAR00002846562,EGAX00002472047,EGAS00001005340,ENA-CHECKLIST=ERC000026
CGPLH726P_1,EGAN00003220940,SAMEA9240828,EGAR00002846563,EGAX00002472048,EGAS00001005340,ENA-CHECKLIST=ERC000026
CGPLH727P_1,EGAN00003220937,SAMEA9240825,EGAR00002846564,EGAX00002472049,EGAS00001005340,ENA-CHECKLIST=ERC000026
CGPLH728P_1,EGAN00003220685,SAMEA9240573,EGAR00002846565,EGAX00002472050,EGAS00001005340,ENA-CHECKLIST=ERC000026
CGPLH729P_1,EGAN00003221058,SAMEA9240946,EGAR00002846566,EGAX00002472051,EGAS00001005340,ENA-CHECKLIST=ERC000026
CGPLH730P_1,EGAN00003221057,SAMEA9240945,EGAR00002846567,EGAX00002472052,EGAS00001005340,ENA-CHECKLIST=ERC000026
CGPLH731P_1,EGAN00003221060,SAMEA9240948,EGAR00002846568,EGAX00002472053,EGAS00001005340,ENA-CHECKLIST=ERC000026
CGPLH732P_1,EGAN00003221059,SAMEA9240947,EGAR00002846569,EGAX00002472054,EGAS00001005340,ENA-CHECKLIST=ERC000026
CGPLH733P_1,EGAN00003220574,SAMEA9240462,EGAR00002846570,EGAX00002472055,EGAS00001005340,ENA-CHECKLIST=ERC000026
CGPLH734P_1,EGAN00003220966,SAMEA9240381,EGAR00002846571,EGAX00002472056,EGAS00001005340,ENA-CHECKLIST=ERC000026
CGPLH735P_1,EGAN00003220687,SAMEA9240575,EGAR00002846572,EGAX00002472057,EGAS00001005340,ENA-CHECKLIST=ERC000026
CGPLH736P_1,EGAN00003220710,SAMEA9240598,EGAR00002846573,EGAX00002472058,EGAS00001005340,ENA-CHECKLIST=ERC000026
CGPLH737P_1,EGAN00003221043,SAMEA9240931,EGAR00002846574,EGAX00002472059,EGAS00001005340,ENA-CHECKLIST=ERC000026
CGPLH738P_1,EGAN00003220572,SAMEA9240460,EGAR00002846575,EGAX00002472060,EGAS00001005340,ENA-CHECKLIST=ERC000026
CGPLH739P_1,EGAN00003220571,SAMEA9240459,EGAR00002846576,EGAX00002472061,EGAS00001005340,ENA-CHECKLIST=ERC000026
CGPLH740P_1,EGAN00003220590,SAMEA9240478,EGAR00002846577,EGAX00002472062,EGAS00001005340,ENA-CHECKLIST=ERC000026
CGPLH741P_1,EGAN00003220589,SAMEA9240477,EGAR00002846578,EGAX00002472063,EGAS00001005340,ENA-CHECKLIST=ERC000026
CGPLH742P_1,EGAN00003220588,SAMEA9240476,EGAR00002846579,EGAX00002472064,EGAS00001005340,ENA-CHECKLIST=ERC000026
CGPLH743P_1,EGAN00003220763,SAMEA9240651,EGAR00002846580,EGAX00002472065,EGAS00001005340,ENA-CHECKLIST=ERC000026
CGPLH744P_1,EGAN00003221162,SAMEA9241050,EGAR00002846581,EGAX00002472066,EGAS00001005340,ENA-CHECKLIST=ERC000026
CGPLH745P_1,EGAN00003221122,SAMEA9241010,EGAR00002846582,EGAX00002472067,EGAS00001005340,ENA-CHECKLIST=ERC000026
CGPLH746P_1,EGAN00003221121,SAMEA9241009,EGAR00002846583,EGAX00002472068,EGAS00001005340,ENA-CHECKLIST=ERC000026
CGPLH747P_1,EGAN00003221120,SAMEA9241008,EGAR00002846584,EGAX00002472069,EGAS00001005340,ENA-CHECKLIST=ERC000026
CGPLH748P_1,EGAN00003220435,SAMEA9240328,EGAR00002846585,EGAX00002472070,EGAS00001005340,ENA-CHECKLIST=ERC000026
CGPLH749P_1,EGAN00003220430,SAMEA9240323,EGAR00002846586,EGAX00002472071,EGAS00001005340,ENA-CHECKLIST=ERC000026
CGPLH750P_1,EGAN00003220429,SAMEA9240322,EGAR00002846587,EGAX00002472072,EGAS00001005340,ENA-CHECKLIST=ERC000026
CGPLH751P_1,EGAN00003220432,SAMEA9240325,EGAR00002846588,EGAX00002472073,EGAS00001005340,ENA-CHECKLIST=ERC000026
CGPLH752P_1,EGAN00003220431,SAMEA9240324,EGAR00002846589,EGAX00002472074,EGAS00001005340,ENA-CHECKLIST=ERC000026
CGPLH753P_1,EGAN00003220437,SAMEA9240330,EGAR00002846590,EGAX00002472075,EGAS00001005340,ENA-CHECKLIST=ERC000026
CGPLH754P_1,EGAN00003220420,SAMEA9240311,EGAR00002846591,EGAX00002472076,EGAS00001005340,ENA-CHECKLIST=ERC000026
CGPLH755P_1,EGAN00003220418,SAMEA9240309,EGAR00002846592,EGAX00002472077,EGAS00001005340,ENA-CHECKLIST=ERC000026
CGPLH756P_1,EGAN00003220417,SAMEA9240308,EGAR00002846593,EGAX00002472078,EGAS00001005340,ENA-CHECKLIST=ERC000026
CGPLH757P_1,EGAN00003220428,SAMEA9240321,EGAR00002846594,EGAX00002472079,EGAS00001005340,ENA-CHECKLIST=ERC000026
CGPLH758P_1,EGAN00003220427,SAMEA9240319,EGAR00002846595,EGAX00002472080,EGAS00001005340,ENA-CHECKLIST=ERC000026
CGPLH759P_1,EGAN00003221080,SAMEA9240968,EGAR00002846596,EGAX00002472081,EGAS00001005340,ENA-CHECKLIST=ERC000026
CGPLH760P_1,EGAN00003221079,SAMEA9240967,EGAR00002846597,EGAX00002472082,EGAS00001005340,ENA-CHECKLIST=ERC000026
CGPLH761P_1,EGAN00003221078,SAMEA9240966,EGAR00002846598,EGAX00002472083,EGAS00001005340,ENA-CHECKLIST=ERC000026
CGPLH762P_1,EGAN00003221092,SAMEA9240980,EGAR00002846599,EGAX00002472084,EGAS00001005340,ENA-CHECKLIST=ERC000026
CGPLH763P_1,EGAN00003221091,SAMEA9240979,EGAR00002846600,EGAX00002472085,EGAS00001005340,ENA-CHECKLIST=ERC000026
CGPLH765P_1,EGAN00003221090,SAMEA9240978,EGAR00002846601,EGAX00002472086,EGAS00001005340,ENA-CHECKLIST=ERC000026
CGPLH766P_1,EGAN00003221089,SAMEA9240977,EGAR00002846602,EGAX00002472087,EGAS00001005340,ENA-CHECKLIST=ERC000026
CGPLH767P_1,EGAN00003221107,SAMEA9240995,EGAR00002846603,EGAX00002472088,EGAS00001005340,ENA-CHECKLIST=ERC000026
CGPLH768P_1,EGAN00003220947,SAMEA9240835,EGAR00002846604,EGAX00002472089,EGAS00001005340,ENA-CHECKLIST=ERC000026
CGPLH769P_1,EGAN00003220946,SAMEA9240834,EGAR00002846605,EGAX00002472090,EGAS00001005340,ENA-CHECKLIST=ERC000026
CGPLH805P,EGAN00003220932,SAMEA9240820,EGAR00002846606,EGAX00002472091,EGAS00001005340,ENA-CHECKLIST=ERC000026
CGPLH806P,EGAN00003220927,SAMEA9240815,EGAR00002846607,EGAX00002472092,EGAS00001005340,ENA-CHECKLIST=ERC000026
CGPLH807P,EGAN00003220925,SAMEA9240813,EGAR00002846608,EGAX00002472093,EGAS00001005340,ENA-CHECKLIST=ERC000026
CGPLH808P,EGAN00003220931,SAMEA9240819,EGAR00002846609,EGAX00002472094,EGAS00001005340,ENA-CHECKLIST=ERC000026
CGPLH809P,EGAN00003220929,SAMEA9240817,EGAR00002846610,EGAX00002472095,EGAS00001005340,ENA-CHECKLIST=ERC000026
CGPLH811P,EGAN00003220875,SAMEA9240763,EGAR00002846611,EGAX00002472096,EGAS00001005340,ENA-CHECKLIST=ERC000026
CGPLH812P,EGAN00003220874,SAMEA9240762,EGAR00002846612,EGAX00002472097,EGAS00001005340,ENA-CHECKLIST=ERC000026
CGPLH813P,EGAN00003220877,SAMEA9240765,EGAR00002846613,EGAX00002472098,EGAS00001005340,ENA-CHECKLIST=ERC000026
CGPLH814P,EGAN00003220876,SAMEA9240764,EGAR00002846614,EGAX00002472099,EGAS00001005340,ENA-CHECKLIST=ERC000026
CGPLH815P,EGAN00003220872,SAMEA9240760,EGAR00002846615,EGAX00002472100,EGAS00001005340,ENA-CHECKLIST=ERC000026
CGPLH816P,EGAN00003220576,SAMEA9240464,EGAR00002846616,EGAX00002472101,EGAS00001005340,ENA-CHECKLIST=ERC000026
CGPLH817P,EGAN00003220575,SAMEA9240463,EGAR00002846617,EGAX00002472102,EGAS00001005340,ENA-CHECKLIST=ERC000026
CGPLH818P,EGAN00003220587,SAMEA9240475,EGAR00002846618,EGAX00002472103,EGAS00001005340,ENA-CHECKLIST=ERC000026
CGPLH819P,EGAN00003220586,SAMEA9240474,EGAR00002846619,EGAX00002472104,EGAS00001005340,ENA-CHECKLIST=ERC000026
CGPLH820P,EGAN00003220585,SAMEA9240473,EGAR00002846620,EGAX00002472105,EGAS00001005340,ENA-CHECKLIST=ERC000026
CGPLH821P,EGAN00003220584,SAMEA9240472,EGAR00002846621,EGAX00002472106,EGAS00001005340,ENA-CHECKLIST=ERC000026
CGPLH822P,EGAN00003220583,SAMEA9240471,EGAR00002846622,EGAX00002472107,EGAS00001005340,ENA-CHECKLIST=ERC000026
CGPLH823P,EGAN00003220582,SAMEA9240470,EGAR00002846623,EGAX00002472108,EGAS00001005340,ENA-CHECKLIST=ERC000026
CGPLH824P,EGAN00003220573,SAMEA9240461,EGAR00002846624,EGAX00002472109,EGAS00001005340,ENA-CHECKLIST=ERC000026
CGPLH825P,EGAN00003220310,SAMEA9240197,EGAR00002846625,EGAX00002472110,EGAS00001005340,ENA-CHECKLIST=ERC000026
CGPLH826P,EGAN00003220306,SAMEA9240193,EGAR00002846626,EGAX00002472111,EGAS00001005340,ENA-CHECKLIST=ERC000026
CGPLH827P,EGAN00003221008,SAMEA9240896,EGAR00002846627,EGAX00002472112,EGAS00001005340,ENA-CHECKLIST=ERC000026
CGPLH828P,EGAN00003220983,SAMEA9240871,EGAR00002846628,EGAX00002472113,EGAS00001005340,ENA-CHECKLIST=ERC000026
CGPLH829P,EGAN00003220308,SAMEA9240195,EGAR00002846629,EGAX00002472114,EGAS00001005340,ENA-CHECKLIST=ERC000026
CGPLH830P,EGAN00003221046,SAMEA9240934,EGAR00002846630,EGAX00002472115,EGAS00001005340,ENA-CHECKLIST=ERC000026
CGPLH831P,EGAN00003220988,SAMEA9240876,EGAR00002846631,EGAX00002472116,EGAS00001005340,ENA-CHECKLIST=ERC000026
CGPLH832P,EGAN00003220987,SAMEA9240875,EGAR00002846632,EGAX00002472117,EGAS00001005340,ENA-CHECKLIST=ERC000026
CGPLH833P,EGAN00003221048,SAMEA9240936,EGAR00002846633,EGAX00002472118,EGAS00001005340,ENA-CHECKLIST=ERC000026
CGPLH834P,EGAN00003221001,SAMEA9240889,EGAR00002846634,EGAX00002472119,EGAS00001005340,ENA-CHECKLIST=ERC000026
CGPLH835P,EGAN00003220993,SAMEA9240881,EGAR00002846635,EGAX00002472120,EGAS00001005340,ENA-CHECKLIST=ERC000026
CGPLH836P,EGAN00003220990,SAMEA9240878,EGAR00002846636,EGAX00002472121,EGAS00001005340,ENA-CHECKLIST=ERC000026
CGPLH837P,EGAN00003220972,SAMEA9240860,EGAR00002846637,EGAX00002472122,EGAS00001005340,ENA-CHECKLIST=ERC000026
CGPLH838P,EGAN00003220970,SAMEA9240858,EGAR00002846638,EGAX00002472123,EGAS00001005340,ENA-CHECKLIST=ERC000026
CGPLH839P,EGAN00003220969,SAMEA9240857,EGAR00002846639,EGAX00002472124,EGAS00001005340,ENA-CHECKLIST=ERC000026
CGPLH840P,EGAN00003220977,SAMEA9240865,EGAR00002846640,EGAX00002472125,EGAS00001005340,ENA-CHECKLIST=ERC000026
CGPLH841P,EGAN00003221148,SAMEA9241036,EGAR00002846641,EGAX00002472126,EGAS00001005340,ENA-CHECKLIST=ERC000026
CGPLH843P,EGAN00003221155,SAMEA9241043,EGAR00002846642,EGAX00002472127,EGAS00001005340,ENA-CHECKLIST=ERC000026
CGPLH844P,EGAN00003221158,SAMEA9241046,EGAR00002846643,EGAX00002472128,EGAS00001005340,ENA-CHECKLIST=ERC000026
CGPLH845P,EGAN00003221150,SAMEA9241038,EGAR00002846644,EGAX00002472129,EGAS00001005340,ENA-CHECKLIST=ERC000026
CGPLH846P,EGAN00003221153,SAMEA9241041,EGAR00002846645,EGAX00002472130,EGAS00001005340,ENA-CHECKLIST=ERC000026
CGPLH847P,EGAN00003221143,SAMEA9241031,EGAR00002846646,EGAX00002472131,EGAS00001005340,ENA-CHECKLIST=ERC000026
CGPLH848P,EGAN00003221165,SAMEA9241053,EGAR00002846647,EGAX00002472132,EGAS00001005340,ENA-CHECKLIST=ERC000026
CGPLH849P,EGAN00003221163,SAMEA9241051,EGAR00002846648,EGAX00002472133,EGAS00001005340,ENA-CHECKLIST=ERC000026
CGPLH851P,EGAN00003220976,SAMEA9240864,EGAR00002846649,EGAX00002472134,EGAS00001005340,ENA-CHECKLIST=ERC000026
CGPLH853P,EGAN00003220975,SAMEA9240863,EGAR00002846650,EGAX00002472135,EGAS00001005340,ENA-CHECKLIST=ERC000026
CGPLH857P,EGAN00003220974,SAMEA9240862,EGAR00002846651,EGAX00002472136,EGAS00001005340,ENA-CHECKLIST=ERC000026
CGPLH861P,EGAN00003220843,SAMEA9240731,EGAR00002846652,EGAX00002472137,EGAS00001005340,ENA-CHECKLIST=ERC000026
CGPLH863P,EGAN00003220840,SAMEA9240728,EGAR00002846653,EGAX00002472138,EGAS00001005340,ENA-CHECKLIST=ERC000026
CGPLH864P,EGAN00003220807,SAMEA9240695,EGAR00002846654,EGAX00002472139,EGAS00001005340,ENA-CHECKLIST=ERC000026
CGPLH868P,EGAN00003220805,SAMEA9240693,EGAR00002846655,EGAX00002472140,EGAS00001005340,ENA-CHECKLIST=ERC000026
CGPLH870P,EGAN00003220803,SAMEA9240691,EGAR00002846656,EGAX00002472141,EGAS00001005340,ENA-CHECKLIST=ERC000026
CGPLH871P,EGAN00003220801,SAMEA9240689,EGAR00002846657,EGAX00002472142,EGAS00001005340,ENA-CHECKLIST=ERC000026
CGPLH873P,EGAN00003220800,SAMEA9240688,EGAR00002846658,EGAX00002472143,EGAS00001005340,ENA-CHECKLIST=ERC000026
CGPLH875P,EGAN00003221098,SAMEA9240986,EGAR00002846659,EGAX00002472144,EGAS00001005340,ENA-CHECKLIST=ERC000026
CGPLH876P,EGAN00003221100,SAMEA9240988,EGAR00002846660,EGAX00002472145,EGAS00001005340,ENA-CHECKLIST=ERC000026
CGPLH877P,EGAN00003220353,SAMEA9240240,EGAR00002846661,EGAX00002472146,EGAS00001005340,ENA-CHECKLIST=ERC000026
CGPLH878P,EGAN00003221099,SAMEA9240987,EGAR00002846662,EGAX00002472147,EGAS00001005340,ENA-CHECKLIST=ERC000026
CGPLH880P,EGAN00003221104,SAMEA9240992,EGAR00002846663,EGAX00002472148,EGAS00001005340,ENA-CHECKLIST=ERC000026
CGPLH881P,EGAN00003221102,SAMEA9240990,EGAR00002846664,EGAX00002472149,EGAS00001005340,ENA-CHECKLIST=ERC000026
CGPLH882P,EGAN00003220348,SAMEA9240235,EGAR00002846665,EGAX00002472150,EGAS00001005340,ENA-CHECKLIST=ERC000026
CGPLH883P,EGAN00003220349,SAMEA9240236,EGAR00002846666,EGAX00002472151,EGAS00001005340,ENA-CHECKLIST=ERC000026
CGPLH884P,EGAN00003220968,SAMEA9240856,EGAR00002846667,EGAX00002472152,EGAS00001005340,ENA-CHECKLIST=ERC000026
CGPLH886P,EGAN00003220350,SAMEA9240237,EGAR00002846668,EGAX00002472153,EGAS00001005340,ENA-CHECKLIST=ERC000026
CGPLH887P,EGAN00003221106,SAMEA9240994,EGAR00002846669,EGAX00002472154,EGAS00001005340,ENA-CHECKLIST=ERC000026
CGPLH888P,EGAN00003221109,SAMEA9240997,EGAR00002846670,EGAX00002472155,EGAS00001005340,ENA-CHECKLIST=ERC000026
CGPLH889P,EGAN00003220934,SAMEA9240822,EGAR00002846671,EGAX00002472156,EGAS00001005340,ENA-CHECKLIST=ERC000026
CGPLH890P,EGAN00003220914,SAMEA9240802,EGAR00002846672,EGAX00002472157,EGAS00001005340,ENA-CHECKLIST=ERC000026
CGPLH891P,EGAN00003220913,SAMEA9240801,EGAR00002846673,EGAX00002472158,EGAS00001005340,ENA-CHECKLIST=ERC000026
CGPLH892P,EGAN00003220918,SAMEA9240806,EGAR00002846674,EGAX00002472159,EGAS00001005340,ENA-CHECKLIST=ERC000026
CGPLH893P,EGAN00003220917,SAMEA9240805,EGAR00002846675,EGAX00002472160,EGAS00001005340,ENA-CHECKLIST=ERC000026
CGPLH894P,EGAN00003220356,SAMEA9240243,EGAR00002846676,EGAX00002472161,EGAS00001005340,ENA-CHECKLIST=ERC000026
CGPLH895P,EGAN00003220357,SAMEA9240244,EGAR00002846677,EGAX00002472162,EGAS00001005340,ENA-CHECKLIST=ERC000026
CGPLH897P,EGAN00003220367,SAMEA9240254,EGAR00002846678,EGAX00002472163,EGAS00001005340,ENA-CHECKLIST=ERC000026
CGPLH899P,EGAN00003220368,SAMEA9240255,EGAR00002846679,EGAX00002472164,EGAS00001005340,ENA-CHECKLIST=ERC000026
CGPLH900P,EGAN00003220707,SAMEA9240595,EGAR00002846680,EGAX00002472165,EGAS00001005340,ENA-CHECKLIST=ERC000026
CGPLH901P,EGAN00003220370,SAMEA9240257,EGAR00002846681,EGAX00002472166,EGAS00001005340,ENA-CHECKLIST=ERC000026
CGPLH902P,EGAN00003220740,SAMEA9240628,EGAR00002846682,EGAX00002472167,EGAS00001005340,ENA-CHECKLIST=ERC000026
CGPLH903P,EGAN00003220753,SAMEA9240641,EGAR00002846683,EGAX00002472168,EGAS00001005340,ENA-CHECKLIST=ERC000026
CGPLH904P,EGAN00003220752,SAMEA9240640,EGAR00002846684,EGAX00002472169,EGAS00001005340,ENA-CHECKLIST=ERC000026
CGPLH905P,EGAN00003220751,SAMEA9240639,EGAR00002846685,EGAX00002472170,EGAS00001005340,ENA-CHECKLIST=ERC000026
CGPLH906P,EGAN00003220686,SAMEA9240574,EGAR00002846686,EGAX00002472171,EGAS00001005340,ENA-CHECKLIST=ERC000026
CGPLH907P,EGAN00003220484,SAMEA9240384,EGAR00002846687,EGAX00002472172,EGAS00001005340,ENA-CHECKLIST=ERC000026
CGPLH908P,EGAN00003220491,SAMEA9240847,EGAR00002846688,EGAX00002472173,EGAS00001005340,ENA-CHECKLIST=ERC000026
CGPLH909P,EGAN00003220489,SAMEA9240845,EGAR00002846689,EGAX00002472174,EGAS00001005340,ENA-CHECKLIST=ERC000026
CGPLH910P,EGAN00003220472,SAMEA9240370,EGAR00002846690,EGAX00002472175,EGAS00001005340,ENA-CHECKLIST=ERC000026
CGPLH911P,EGAN00003220470,SAMEA9240368,EGAR00002846691,EGAX00002472176,EGAS00001005340,ENA-CHECKLIST=ERC000026
CGPLH912P,EGAN00003220616,SAMEA9240504,EGAR00002846692,EGAX00002472177,EGAS00001005340,ENA-CHECKLIST=ERC000026
CGPLH913P,EGAN00003220716,SAMEA9240604,EGAR00002846693,EGAX00002472178,EGAS00001005340,ENA-CHECKLIST=ERC000026
CGPLH914P,EGAN00003220714,SAMEA9240602,EGAR00002846694,EGAX00002472179,EGAS00001005340,ENA-CHECKLIST=ERC000026
CGPLH915P,EGAN00003220713,SAMEA9240601,EGAR00002846695,EGAX00002472180,EGAS00001005340,ENA-CHECKLIST=ERC000026
CGPLH916P,EGAN00003220726,SAMEA9240614,EGAR00002846696,EGAX00002472181,EGAS00001005340,ENA-CHECKLIST=ERC000026
CGPLH917P,EGAN00003220709,SAMEA9240597,EGAR00002846697,EGAX00002472182,EGAS00001005340,ENA-CHECKLIST=ERC000026
CGPLH918P,EGAN00003220706,SAMEA9240594,EGAR00002846698,EGAX00002472183,EGAS00001005340,ENA-CHECKLIST=ERC000026
CGPLH919P,EGAN00003220896,SAMEA9240784,EGAR00002846699,EGAX00002472184,EGAS00001005340,ENA-CHECKLIST=ERC000026
CGPLH920P,EGAN00003220897,SAMEA9240785,EGAR00002846700,EGAX00002472185,EGAS00001005340,ENA-CHECKLIST=ERC000026
CGPLH921P,EGAN00003220898,SAMEA9240786,EGAR00002846701,EGAX00002472186,EGAS00001005340,ENA-CHECKLIST=ERC000026
CGPLH922P,EGAN00003220602,SAMEA9240490,EGAR00002846702,EGAX00002472187,EGAS00001005340,ENA-CHECKLIST=ERC000026
CGPLH923P,EGAN00003220605,SAMEA9240493,EGAR00002846703,EGAX00002472188,EGAS00001005340,ENA-CHECKLIST=ERC000026
CGPLH924P,EGAN00003220613,SAMEA9240501,EGAR00002846704,EGAX00002472189,EGAS00001005340,ENA-CHECKLIST=ERC000026
CGPLH925P,EGAN00003220614,SAMEA9240502,EGAR00002846705,EGAX00002472190,EGAS00001005340,ENA-CHECKLIST=ERC000026
CGPLH926P,EGAN00003220621,SAMEA9240509,EGAR00002846706,EGAX00002472191,EGAS00001005340,ENA-CHECKLIST=ERC000026
CGPLH927P,EGAN00003220623,SAMEA9240511,EGAR00002846707,EGAX00002472192,EGAS00001005340,ENA-CHECKLIST=ERC000026
CGPLH928P,EGAN00003220664,SAMEA9240552,EGAR00002846708,EGAX00002472193,EGAS00001005340,ENA-CHECKLIST=ERC000026
CGPLH929P,EGAN00003220732,SAMEA9240620,EGAR00002846709,EGAX00002472194,EGAS00001005340,ENA-CHECKLIST=ERC000026
CGPLH930P,EGAN00003220739,SAMEA9240627,EGAR00002846710,EGAX00002472195,EGAS00001005340,ENA-CHECKLIST=ERC000026
CGPLH936P,EGAN00003220663,SAMEA9240551,EGAR00002846711,EGAX00002472196,EGAS00001005340,ENA-CHECKLIST=ERC000026
CGPLH937P,EGAN00003220661,SAMEA9240549,EGAR00002846712,EGAX00002472197,EGAS00001005340,ENA-CHECKLIST=ERC000026
CGPLH938P,EGAN00003220672,SAMEA9240560,EGAR00002846713,EGAX00002472198,EGAS00001005340,ENA-CHECKLIST=ERC000026
CGPLH939P,EGAN00003220670,SAMEA9240558,EGAR00002846714,EGAX00002472199,EGAS00001005340,ENA-CHECKLIST=ERC000026
CGPLH940P,EGAN00003220668,SAMEA9240556,EGAR00002846715,EGAX00002472200,EGAS00001005340,ENA-CHECKLIST=ERC000026
CGPLH941P,EGAN00003220738,SAMEA9240626,EGAR00002846716,EGAX00002472201,EGAS00001005340,ENA-CHECKLIST=ERC000026
CGPLH942P,EGAN00003220737,SAMEA9240625,EGAR00002846717,EGAX00002472202,EGAS00001005340,ENA-CHECKLIST=ERC000026
CGPLH943P,EGAN00003220736,SAMEA9240624,EGAR00002846718,EGAX00002472203,EGAS00001005340,ENA-CHECKLIST=ERC000026
CGPLH944P,EGAN00003220724,SAMEA9240612,EGAR00002846719,EGAX00002472204,EGAS00001005340,ENA-CHECKLIST=ERC000026
CGPLH945P,EGAN00003220722,SAMEA9240610,EGAR00002846720,EGAX00002472205,EGAS00001005340,ENA-CHECKLIST=ERC000026
CGPLH946P,EGAN00003220720,SAMEA9240608,EGAR00002846721,EGAX00002472206,EGAS00001005340,ENA-CHECKLIST=ERC000026
CGPLH947P,EGAN00003220730,SAMEA9240618,EGAR00002846722,EGAX00002472207,EGAS00001005340,ENA-CHECKLIST=ERC000026
CGPLH948P,EGAN00003220729,SAMEA9240617,EGAR00002846723,EGAX00002472208,EGAS00001005340,ENA-CHECKLIST=ERC000026
CGPLH949P,EGAN00003220666,SAMEA9240553,EGAR00002846724,EGAX00002472209,EGAS00001005340,ENA-CHECKLIST=ERC000026
CGPLH950P,EGAN00003220683,SAMEA9240571,EGAR00002846725,EGAX00002472210,EGAS00001005340,ENA-CHECKLIST=ERC000026
CGPLH951P,EGAN00003220681,SAMEA9240569,EGAR00002846726,EGAX00002472211,EGAS00001005340,ENA-CHECKLIST=ERC000026
CGPLH952P,EGAN00003220679,SAMEA9240567,EGAR00002846727,EGAX00002472212,EGAS00001005340,ENA-CHECKLIST=ERC000026
CGPLH953P,EGAN00003220733,SAMEA9240621,EGAR00002846728,EGAX00002472213,EGAS00001005340,ENA-CHECKLIST=ERC000026
CGPLH954P,EGAN00003220388,SAMEA9240275,EGAR00002846729,EGAX00002472214,EGAS00001005340,ENA-CHECKLIST=ERC000026
CGPLH955P,EGAN00003220380,SAMEA9240267,EGAR00002846730,EGAX00002472215,EGAS00001005340,ENA-CHECKLIST=ERC000026
CGPLH956P,EGAN00003220379,SAMEA9240265,EGAR00002846731,EGAX00002472216,EGAS00001005340,ENA-CHECKLIST=ERC000026
CGPLH957P,EGAN00003220384,SAMEA9240271,EGAR00002846732,EGAX00002472217,EGAS00001005340,ENA-CHECKLIST=ERC000026
CGPLH958P,EGAN00003220382,SAMEA9240269,EGAR00002846733,EGAX00002472218,EGAS00001005340,ENA-CHECKLIST=ERC000026
CGPLH959P,EGAN00003220414,SAMEA9240305,EGAR00002846734,EGAX00002472219,EGAS00001005340,ENA-CHECKLIST=ERC000026
CGPLH960P,EGAN00003220413,SAMEA9240304,EGAR00002846735,EGAX00002472220,EGAS00001005340,ENA-CHECKLIST=ERC000026
CGPLH961P,EGAN00003220416,SAMEA9240307,EGAR00002846736,EGAX00002472221,EGAS00001005340,ENA-CHECKLIST=ERC000026
CGPLH962P,EGAN00003220415,SAMEA9240306,EGAR00002846737,EGAX00002472222,EGAS00001005340,ENA-CHECKLIST=ERC000026
CGPLH963P,EGAN00003220410,SAMEA9240301,EGAR00002846738,EGAX00002472223,EGAS00001005340,ENA-CHECKLIST=ERC000026
CGPLH964P,EGAN00003220395,SAMEA9240282,EGAR00002846739,EGAX00002472224,EGAS00001005340,ENA-CHECKLIST=ERC000026
CGPLH965P,EGAN00003220394,SAMEA9240281,EGAR00002846740,EGAX00002472225,EGAS00001005340,ENA-CHECKLIST=ERC000026
CGPLH966P,EGAN00003220425,SAMEA9240317,EGAR00002846741,EGAX00002472226,EGAS00001005340,ENA-CHECKLIST=ERC000026
CGPLH967P,EGAN00003220426,SAMEA9240318,EGAR00002846742,EGAX00002472227,EGAS00001005340,ENA-CHECKLIST=ERC000026
CGPLH968P,EGAN00003221002,SAMEA9240891,EGAR00002846743,EGAX00002472228,EGAS00001005340,ENA-CHECKLIST=ERC000026
CGPLH969P,EGAN00003220999,SAMEA9240887,EGAR00002846744,EGAX00002472229,EGAS00001005340,ENA-CHECKLIST=ERC000026
CGPLH970P,EGAN00003220998,SAMEA9240886,EGAR00002846745,EGAX00002472230,EGAS00001005340,ENA-CHECKLIST=ERC000026
CGPLH971P,EGAN00003220996,SAMEA9240884,EGAR00002846746,EGAX00002472231,EGAS00001005340,ENA-CHECKLIST=ERC000026
CGPLH972P,EGAN00003221045,SAMEA9240933,EGAR00002846747,EGAX00002472232,EGAS00001005340,ENA-CHECKLIST=ERC000026
CGPLH973P,EGAN00003221041,SAMEA9240929,EGAR00002846748,EGAX00002472233,EGAS00001005340,ENA-CHECKLIST=ERC000026
CGPLH974P,EGAN00003221039,SAMEA9240927,EGAR00002846749,EGAX00002472234,EGAS00001005340,ENA-CHECKLIST=ERC000026
CGPLH975P,EGAN00003221037,SAMEA9240925,EGAR00002846750,EGAX00002472235,EGAS00001005340,ENA-CHECKLIST=ERC000026
CGPLH976P,EGAN00003221036,SAMEA9240924,EGAR00002846751,EGAX00002472236,EGAS00001005340,ENA-CHECKLIST=ERC000026
CGPLH977P,EGAN00003221035,SAMEA9240923,EGAR00002846752,EGAX00002472237,EGAS00001005340,ENA-CHECKLIST=ERC000026
CGPLH978P,EGAN00003221034,SAMEA9240922,EGAR00002846753,EGAX00002472238,EGAS00001005340,ENA-CHECKLIST=ERC000026
CGPLH979P,EGAN00003221154,SAMEA9241042,EGAR00002846754,EGAX00002472239,EGAS00001005340,ENA-CHECKLIST=ERC000026
CGPLH980P,EGAN00003221151,SAMEA9241039,EGAR00002846755,EGAX00002472240,EGAS00001005340,ENA-CHECKLIST=ERC000026
CGPLH981P,EGAN00003221159,SAMEA9241047,EGAR00002846756,EGAX00002472241,EGAS00001005340,ENA-CHECKLIST=ERC000026
CGPLH982P,EGAN00003221141,SAMEA9241029,EGAR00002846757,EGAX00002472242,EGAS00001005340,ENA-CHECKLIST=ERC000026
CGPLH983P,EGAN00003221139,SAMEA9241027,EGAR00002846758,EGAX00002472243,EGAS00001005340,ENA-CHECKLIST=ERC000026
CGPLH984P,EGAN00003220757,SAMEA9240645,EGAR00002846759,EGAX00002472244,EGAS00001005340,ENA-CHECKLIST=ERC000026
CGPLH985P,EGAN00003220568,SAMEA9240456,EGAR00002846760,EGAX00002472245,EGAS00001005340,ENA-CHECKLIST=ERC000026
CGPLH986P,EGAN00003220567,SAMEA9240455,EGAR00002846761,EGAX00002472246,EGAS00001005340,ENA-CHECKLIST=ERC000026
CGPLH987P,EGAN00003220566,SAMEA9240454,EGAR00002846762,EGAX00002472247,EGAS00001005340,ENA-CHECKLIST=ERC000026
CGPLH988P,EGAN00003220570,SAMEA9240458,EGAR00002846763,EGAX00002472248,EGAS00001005340,ENA-CHECKLIST=ERC000026
CGPLH989P,EGAN00003220565,SAMEA9240453,EGAR00002846764,EGAX00002472249,EGAS00001005340,ENA-CHECKLIST=ERC000026
CGPLH990P,EGAN00003220591,SAMEA9240479,EGAR00002846765,EGAX00002472250,EGAS00001005340,ENA-CHECKLIST=ERC000026
CGPLH991P,EGAN00003220596,SAMEA9240484,EGAR00002846766,EGAX00002472251,EGAS00001005340,ENA-CHECKLIST=ERC000026
CGPLH992P,EGAN00003220594,SAMEA9240482,EGAR00002846767,EGAX00002472252,EGAS00001005340,ENA-CHECKLIST=ERC000026
CGPLH993P,EGAN00003220393,SAMEA9240280,EGAR00002846768,EGAX00002472253,EGAS00001005340,ENA-CHECKLIST=ERC000026
CGPLH994P,EGAN00003221119,SAMEA9241007,EGAR00002846769,EGAX00002472254,EGAS00001005340,ENA-CHECKLIST=ERC000026
CGPLH995P,EGAN00003221082,SAMEA9240970,EGAR00002846770,EGAX00002472255,EGAS00001005340,ENA-CHECKLIST=ERC000026
CGPLH996P,EGAN00003221081,SAMEA9240969,EGAR00002846771,EGAX00002472256,EGAS00001005340,ENA-CHECKLIST=ERC000026
CGPLH997P,EGAN00003221077,SAMEA9240965,EGAR00002846772,EGAX00002472257,EGAS00001005340,ENA-CHECKLIST=ERC000026
CGPLH998P,EGAN00003221118,SAMEA9241006,EGAR00002846773,EGAX00002472258,EGAS00001005340,ENA-CHECKLIST=ERC000026
CGPLH999P,EGAN00003221156,SAMEA9241044,EGAR00002846774,EGAX00002472259,EGAS00001005340,ENA-CHECKLIST=ERC000026
CGPLLU118P,EGAN00003220775,SAMEA9240663,EGAR00002846775,EGAX00002472260,EGAS00001005340,ENA-CHECKLIST=ERC000026
CGPLLU146P,EGAN00003220774,SAMEA9240662,EGAR00002846776,EGAX00002472261,EGAS00001005340,ENA-CHECKLIST=ERC000026
CGPLLU1P,EGAN00003220949,SAMEA9240837,EGAR00002846777,EGAX00002472262,EGAS00001005340,ENA-CHECKLIST=ERC000026
CGPLLU204P,EGAN00003220773,SAMEA9240661,EGAR00002846778,EGAX00002472263,EGAS00001005340,ENA-CHECKLIST=ERC000026
CGPLLU20P,EGAN00003220952,SAMEA9240840,EGAR00002846779,EGAX00002472264,EGAS00001005340,ENA-CHECKLIST=ERC000026
CGPLLU216P,EGAN00003220780,SAMEA9240668,EGAR00002846780,EGAX00002472265,EGAS00001005340,ENA-CHECKLIST=ERC000026
CGPLLU217P,EGAN00003220779,SAMEA9240667,EGAR00002846781,EGAX00002472266,EGAS00001005340,ENA-CHECKLIST=ERC000026
CGPLLU218P,EGAN00003220778,SAMEA9240666,EGAR00002846782,EGAX00002472267,EGAS00001005340,ENA-CHECKLIST=ERC000026
CGPLLU219P,EGAN00003220933,SAMEA9240821,EGAR00002846783,EGAX00002472268,EGAS00001005340,ENA-CHECKLIST=ERC000026
CGPLLU21P,EGAN00003220955,SAMEA9240287,EGAR00002846784,EGAX00002472269,EGAS00001005340,ENA-CHECKLIST=ERC000026
CGPLLU220P,EGAN00003220610,SAMEA9240498,EGAR00002846785,EGAX00002472270,EGAS00001005340,ENA-CHECKLIST=ERC000026
CGPLLU221P,EGAN00003220615,SAMEA9240503,EGAR00002846786,EGAX00002472271,EGAS00001005340,ENA-CHECKLIST=ERC000026
CGPLLU223P,EGAN00003220344,SAMEA9240231,EGAR00002846787,EGAX00002472272,EGAS00001005340,ENA-CHECKLIST=ERC000026
CGPLLU224P,EGAN00003220352,SAMEA9240239,EGAR00002846788,EGAX00002472273,EGAS00001005340,ENA-CHECKLIST=ERC000026
CGPLLU225P,EGAN00003220342,SAMEA9240229,EGAR00002846789,EGAX00002472274,EGAS00001005340,ENA-CHECKLIST=ERC000026
CGPLLU226P,EGAN00003220343,SAMEA9240230,EGAR00002846790,EGAX00002472275,EGAS00001005340,ENA-CHECKLIST=ERC000026
CGPLLU227P,EGAN00003221113,SAMEA9241001,EGAR00002846791,EGAX00002472276,EGAS00001005340,ENA-CHECKLIST=ERC000026
CGPLLU228P,EGAN00003221116,SAMEA9241004,EGAR00002846792,EGAX00002472277,EGAS00001005340,ENA-CHECKLIST=ERC000026
CGPLLU229P,EGAN00003221115,SAMEA9241003,EGAR00002846793,EGAX00002472278,EGAS00001005340,ENA-CHECKLIST=ERC000026
CGPLLU22P,EGAN00003220954,SAMEA9240288,EGAR00002846794,EGAX00002472279,EGAS00001005340,ENA-CHECKLIST=ERC000026
CGPLLU230P,EGAN00003221108,SAMEA9240996,EGAR00002846795,EGAX00002472280,EGAS00001005340,ENA-CHECKLIST=ERC000026
CGPLLU231P,EGAN00003220899,SAMEA9240787,EGAR00002846796,EGAX00002472281,EGAS00001005340,ENA-CHECKLIST=ERC000026
CGPLLU232P,EGAN00003220911,SAMEA9240799,EGAR00002846797,EGAX00002472282,EGAS00001005340,ENA-CHECKLIST=ERC000026
CGPLLU233P,EGAN00003220909,SAMEA9240797,EGAR00002846798,EGAX00002472283,EGAS00001005340,ENA-CHECKLIST=ERC000026
CGPLLU234P,EGAN00003220907,SAMEA9240795,EGAR00002846799,EGAX00002472284,EGAS00001005340,ENA-CHECKLIST=ERC000026
CGPLLU23P,EGAN00003220962,SAMEA9240352,EGAR00002846800,EGAX00002472285,EGAS00001005340,ENA-CHECKLIST=ERC000026
CGPLLU241P,EGAN00003220355,SAMEA9240242,EGAR00002846801,EGAX00002472286,EGAS00001005340,ENA-CHECKLIST=ERC000026
CGPLLU247P,EGAN00003220905,SAMEA9240793,EGAR00002846802,EGAX00002472287,EGAS00001005340,ENA-CHECKLIST=ERC000026
CGPLLU248P,EGAN00003220906,SAMEA9240794,EGAR00002846803,EGAX00002472288,EGAS00001005340,ENA-CHECKLIST=ERC000026
CGPLLU249P,EGAN00003220908,SAMEA9240796,EGAR00002846804,EGAX00002472289,EGAS00001005340,ENA-CHECKLIST=ERC000026
CGPLLU250P,EGAN00003220910,SAMEA9240798,EGAR00002846805,EGAX00002472290,EGAS00001005340,ENA-CHECKLIST=ERC000026
CGPLLU251P,EGAN00003220912,SAMEA9240800,EGAR00002846806,EGAX00002472291,EGAS00001005340,ENA-CHECKLIST=ERC000026
CGPLLU253P,EGAN00003220718,SAMEA9240606,EGAR00002846807,EGAX00002472292,EGAS00001005340,ENA-CHECKLIST=ERC000026
CGPLLU254P,EGAN00003220939,SAMEA9240827,EGAR00002846808,EGAX00002472293,EGAS00001005340,ENA-CHECKLIST=ERC000026
CGPLLU26P,EGAN00003220967,SAMEA9240850,EGAR00002846809,EGAX00002472294,EGAS00001005340,ENA-CHECKLIST=ERC000026
CGPLLU272P,EGAN00003220671,SAMEA9240559,EGAR00002846810,EGAX00002472295,EGAS00001005340,ENA-CHECKLIST=ERC000026
CGPLLU273P,EGAN00003221146,SAMEA9241034,EGAR00002846811,EGAX00002472296,EGAS00001005340,ENA-CHECKLIST=ERC000026
CGPLLU274P,EGAN00003220822,SAMEA9240710,EGAR00002846812,EGAX00002472297,EGAS00001005340,ENA-CHECKLIST=ERC000026
CGPLLU275P,EGAN00003220448,SAMEA9240342,EGAR00002846813,EGAX00002472298,EGAS00001005340,ENA-CHECKLIST=ERC000026
CGPLLU276P,EGAN00003220676,SAMEA9240564,EGAR00002846814,EGAX00002472299,EGAS00001005340,ENA-CHECKLIST=ERC000026
CGPLLU277P,EGAN00003220466,SAMEA9240363,EGAR00002846815,EGAX00002472300,EGAS00001005340,ENA-CHECKLIST=ERC000026
CGPLLU278P,EGAN00003220401,SAMEA9240290,EGAR00002846816,EGAX00002472301,EGAS00001005340,ENA-CHECKLIST=ERC000026
CGPLLU279P,EGAN00003220456,SAMEA9240351,EGAR00002846817,EGAX00002472302,EGAS00001005340,ENA-CHECKLIST=ERC000026
CGPLLU27P,EGAN00003220460,SAMEA9240356,EGAR00002846818,EGAX00002472303,EGAS00001005340,ENA-CHECKLIST=ERC000026
CGPLLU280P,EGAN00003220458,SAMEA9240354,EGAR00002846819,EGAX00002472304,EGAS00001005340,ENA-CHECKLIST=ERC000026
CGPLLU281P,EGAN00003220510,SAMEA9240397,EGAR00002846820,EGAX00002472305,EGAS00001005340,ENA-CHECKLIST=ERC000026
CGPLLU282P,EGAN00003221053,SAMEA9240941,EGAR00002846821,EGAX00002472306,EGAS00001005340,ENA-CHECKLIST=ERC000026
CGPLLU283P,EGAN00003220554,SAMEA9240442,EGAR00002846822,EGAX00002472307,EGAS00001005340,ENA-CHECKLIST=ERC000026
CGPLLU284P,EGAN00003220556,SAMEA9240444,EGAR00002846823,EGAX00002472308,EGAS00001005340,ENA-CHECKLIST=ERC000026
CGPLLU285P,EGAN00003220475,SAMEA9240374,EGAR00002846824,EGAX00002472309,EGAS00001005340,ENA-CHECKLIST=ERC000026
CGPLLU286P,EGAN00003160957,SAMEA9068127,EGAR00002846825,EGAX00002472310,EGAS00001005340,ENA-CHECKLIST=ERC000026
CGPLLU287P,EGAN00003220304,SAMEA9240191,EGAR00002846826,EGAX00002472311,EGAS00001005340,ENA-CHECKLIST=ERC000026
CGPLLU288P,EGAN00003220692,SAMEA9240580,EGAR00002846827,EGAX00002472312,EGAS00001005340,ENA-CHECKLIST=ERC000026
CGPLLU289P,EGAN00003220989,SAMEA9240877,EGAR00002846828,EGAX00002472313,EGAS00001005340,ENA-CHECKLIST=ERC000026
CGPLLU28P,EGAN00003220459,SAMEA9240355,EGAR00002846829,EGAX00002472314,EGAS00001005340,ENA-CHECKLIST=ERC000026
CGPLLU290P,EGAN00003220328,SAMEA9240215,EGAR00002846830,EGAX00002472315,EGAS00001005340,ENA-CHECKLIST=ERC000026
CGPLLU291P,EGAN00003220633,SAMEA9240521,EGAR00002846831,EGAX00002472316,EGAS00001005340,ENA-CHECKLIST=ERC000026
CGPLLU292P,EGAN00003220825,SAMEA9240713,EGAR00002846832,EGAX00002472317,EGAS00001005340,ENA-CHECKLIST=ERC000026
CGPLLU293P,EGAN00003220496,SAMEA9240853,EGAR00002846833,EGAX00002472318,EGAS00001005340,ENA-CHECKLIST=ERC000026
CGPLLU294P,EGAN00003220335,SAMEA9240222,EGAR00002846834,EGAX00002472319,EGAS00001005340,ENA-CHECKLIST=ERC000026
CGPLLU295P,EGAN00003220919,SAMEA9240807,EGAR00002846835,EGAX00002472320,EGAS00001005340,ENA-CHECKLIST=ERC000026
CGPLLU296P,EGAN00003220810,SAMEA9240698,EGAR00002846836,EGAX00002472321,EGAS00001005340,ENA-CHECKLIST=ERC000026
CGPLLU297P,EGAN00003220337,SAMEA9240224,EGAR00002846837,EGAX00002472322,EGAS00001005340,ENA-CHECKLIST=ERC000026
CGPLLU298P,EGAN00003221152,SAMEA9241040,EGAR00002846838,EGAX00002472323,EGAS00001005340,ENA-CHECKLIST=ERC000026
CGPLLU299P,EGAN00003220538,SAMEA9240426,EGAR00002846839,EGAX00002472324,EGAS00001005340,ENA-CHECKLIST=ERC000026
CGPLLU29P,EGAN00003220462,SAMEA9240359,EGAR00002846840,EGAX00002472325,EGAS00001005340,ENA-CHECKLIST=ERC000026
CGPLLU2P,EGAN00003220948,SAMEA9240836,EGAR00002846841,EGAX00002472326,EGAS00001005340,ENA-CHECKLIST=ERC000026
CGPLLU300P,EGAN00003221127,SAMEA9241015,EGAR00002846842,EGAX00002472327,EGAS00001005340,ENA-CHECKLIST=ERC000026
CGPLLU301P,EGAN00003220883,SAMEA9240771,EGAR00002846843,EGAX00002472328,EGAS00001005340,ENA-CHECKLIST=ERC000026
CGPLLU302P,EGAN00003220882,SAMEA9240770,EGAR00002846844,EGAX00002472329,EGAS00001005340,ENA-CHECKLIST=ERC000026
CGPLLU303P,EGAN00003220534,SAMEA9240422,EGAR00002846845,EGAX00002472330,EGAS00001005340,ENA-CHECKLIST=ERC000026
CGPLLU304P,EGAN00003220749,SAMEA9240637,EGAR00002846846,EGAX00002472331,EGAS00001005340,ENA-CHECKLIST=ERC000026
CGPLLU305P,EGAN00003220631,SAMEA9240519,EGAR00002846847,EGAX00002472332,EGAS00001005340,ENA-CHECKLIST=ERC000026
CGPLLU306P,EGAN00003220878,SAMEA9240766,EGAR00002846848,EGAX00002472333,EGAS00001005340,ENA-CHECKLIST=ERC000026
CGPLLU307P,EGAN00003220847,SAMEA9240735,EGAR00002846849,EGAX00002472334,EGAS00001005340,ENA-CHECKLIST=ERC000026
CGPLLU308P,EGAN00003220527,SAMEA9240414,EGAR00002846850,EGAX00002472335,EGAS00001005340,ENA-CHECKLIST=ERC000026
CGPLLU309P,EGAN00003220558,SAMEA9240446,EGAR00002846851,EGAX00002472336,EGAS00001005340,ENA-CHECKLIST=ERC000026
CGPLLU30P,EGAN00003220461,SAMEA9240357,EGAR00002846852,EGAX00002472337,EGAS00001005340,ENA-CHECKLIST=ERC000026
CGPLLU310P,EGAN00003221157,SAMEA9241045,EGAR00002846853,EGAX00002472338,EGAS00001005340,ENA-CHECKLIST=ERC000026
CGPLLU311P,EGAN00003220864,SAMEA9240752,EGAR00002846854,EGAX00002472339,EGAS00001005340,ENA-CHECKLIST=ERC000026
CGPLLU312P,EGAN00003220340,SAMEA9240227,EGAR00002846855,EGAX00002472340,EGAS00001005340,ENA-CHECKLIST=ERC000026
CGPLLU313P,EGAN00003220860,SAMEA9240748,EGAR00002846856,EGAX00002472341,EGAS00001005340,ENA-CHECKLIST=ERC000026
CGPLLU314P,EGAN00003220857,SAMEA9240745,EGAR00002846857,EGAX00002472342,EGAS00001005340,ENA-CHECKLIST=ERC000026
CGPLLU315P,EGAN00003220312,SAMEA9240199,EGAR00002846858,EGAX00002472343,EGAS00001005340,ENA-CHECKLIST=ERC000026
CGPLLU316P,EGAN00003220851,SAMEA9240739,EGAR00002846859,EGAX00002472344,EGAS00001005340,ENA-CHECKLIST=ERC000026
CGPLLU317P,EGAN00003221138,SAMEA9241026,EGAR00002846860,EGAX00002472345,EGAS00001005340,ENA-CHECKLIST=ERC000026
CGPLLU318P,EGAN00003220441,SAMEA9240335,EGAR00002846861,EGAX00002472346,EGAS00001005340,ENA-CHECKLIST=ERC000026
CGPLLU319P,EGAN00003220453,SAMEA9240348,EGAR00002846862,EGAX00002472347,EGAS00001005340,ENA-CHECKLIST=ERC000026
CGPLLU320P,EGAN00003220870,SAMEA9240758,EGAR00002846863,EGAX00002472348,EGAS00001005340,ENA-CHECKLIST=ERC000026
CGPLLU321P,EGAN00003220893,SAMEA9240781,EGAR00002846864,EGAX00002472349,EGAS00001005340,ENA-CHECKLIST=ERC000026
CGPLLU322P,EGAN00003220669,SAMEA9240557,EGAR00002846865,EGAX00002472350,EGAS00001005340,ENA-CHECKLIST=ERC000026
CGPLLU323P,EGAN00003220890,SAMEA9240778,EGAR00002846866,EGAX00002472351,EGAS00001005340,ENA-CHECKLIST=ERC000026
CGPLLU324P,EGAN00003220830,SAMEA9240718,EGAR00002846867,EGAX00002472352,EGAS00001005340,ENA-CHECKLIST=ERC000026
CGPLLU325P,EGAN00003220873,SAMEA9240761,EGAR00002846868,EGAX00002472353,EGAS00001005340,ENA-CHECKLIST=ERC000026
CGPLLU326P,EGAN00003220824,SAMEA9240712,EGAR00002846869,EGAX00002472354,EGAS00001005340,ENA-CHECKLIST=ERC000026
CGPLLU327P,EGAN00003220895,SAMEA9240783,EGAR00002846870,EGAX00002472355,EGAS00001005340,ENA-CHECKLIST=ERC000026
CGPLLU328P,EGAN00003220479,SAMEA9240378,EGAR00002846871,EGAX00002472356,EGAS00001005340,ENA-CHECKLIST=ERC000026
CGPLLU329P,EGAN00003220628,SAMEA9240516,EGAR00002846872,EGAX00002472357,EGAS00001005340,ENA-CHECKLIST=ERC000026
CGPLLU330P,EGAN00003221161,SAMEA9241049,EGAR00002846873,EGAX00002472358,EGAS00001005340,ENA-CHECKLIST=ERC000026
CGPLLU331P,EGAN00003220545,SAMEA9240433,EGAR00002846874,EGAX00002472359,EGAS00001005340,ENA-CHECKLIST=ERC000026
CGPLLU332P,EGAN00003220300,SAMEA9240188,EGAR00002846875,EGAX00002472360,EGAS00001005340,ENA-CHECKLIST=ERC000026
CGPLLU333P,EGAN00003220886,SAMEA9240774,EGAR00002846876,EGAX00002472361,EGAS00001005340,ENA-CHECKLIST=ERC000026
CGPLLU334P,EGAN00003221056,SAMEA9240944,EGAR00002846877,EGAX00002472362,EGAS00001005340,ENA-CHECKLIST=ERC000026
CGPLLU335P,EGAN00003221040,SAMEA9240928,EGAR00002846878,EGAX00002472363,EGAS00001005340,ENA-CHECKLIST=ERC000026
CGPLLU336P,EGAN00003221038,SAMEA9240926,EGAR00002846879,EGAX00002472364,EGAS00001005340,ENA-CHECKLIST=ERC000026
CGPLLU337P,EGAN00003220792,SAMEA9240680,EGAR00002846880,EGAX00002472365,EGAS00001005340,ENA-CHECKLIST=ERC000026
CGPLLU338P,EGAN00003220321,SAMEA9240208,EGAR00002846881,EGAX00002472366,EGAS00001005340,ENA-CHECKLIST=ERC000026
CGPLLU339P,EGAN00003221071,SAMEA9240959,EGAR00002846882,EGAX00002472367,EGAS00001005340,ENA-CHECKLIST=ERC000026
CGPLLU340P,EGAN00003221147,SAMEA9241035,EGAR00002846883,EGAX00002472368,EGAS00001005340,ENA-CHECKLIST=ERC000026
CGPLLU341P,EGAN00003220855,SAMEA9240743,EGAR00002846884,EGAX00002472369,EGAS00001005340,ENA-CHECKLIST=ERC000026
CGPLLU342P,EGAN00003220495,SAMEA9240852,EGAR00002846885,EGAX00002472370,EGAS00001005340,ENA-CHECKLIST=ERC000026
CGPLLU343P,EGAN00003220852,SAMEA9240740,EGAR00002846886,EGAX00002472371,EGAS00001005340,ENA-CHECKLIST=ERC000026
CGPLLU344P,EGAN00003220861,SAMEA9240749,EGAR00002846887,EGAX00002472372,EGAS00001005340,ENA-CHECKLIST=ERC000026
CGPLLU345P,EGAN00003220483,SAMEA9240383,EGAR00002846888,EGAX00002472373,EGAS00001005340,ENA-CHECKLIST=ERC000026
CGPLLU346P,EGAN00003220866,SAMEA9240754,EGAR00002846889,EGAX00002472374,EGAS00001005340,ENA-CHECKLIST=ERC000026
CGPLLU347P,EGAN00003220865,SAMEA9240753,EGAR00002846890,EGAX00002472375,EGAS00001005340,ENA-CHECKLIST=ERC000026
CGPLLU348P,EGAN00003221142,SAMEA9241030,EGAR00002846891,EGAX00002472376,EGAS00001005340,ENA-CHECKLIST=ERC000026
CGPLLU349P,EGAN00003221033,SAMEA9240921,EGAR00002846892,EGAX00002472377,EGAS00001005340,ENA-CHECKLIST=ERC000026
CGPLLU350P,EGAN00003220465,SAMEA9240362,EGAR00002846893,EGAX00002472378,EGAS00001005340,ENA-CHECKLIST=ERC000026
CGPLLU351P,EGAN00003220761,SAMEA9240649,EGAR00002846894,EGAX00002472379,EGAS00001005340,ENA-CHECKLIST=ERC000026
CGPLLU352P,EGAN00003221016,SAMEA9240904,EGAR00002846895,EGAX00002472380,EGAS00001005340,ENA-CHECKLIST=ERC000026
CGPLLU353P,EGAN00003221027,SAMEA9240915,EGAR00002846896,EGAX00002472381,EGAS00001005340,ENA-CHECKLIST=ERC000026
CGPLLU354P,EGAN00003221044,SAMEA9240932,EGAR00002846897,EGAX00002472382,EGAS00001005340,ENA-CHECKLIST=ERC000026
CGPLLU355P,EGAN00003221144,SAMEA9241032,EGAR00002846898,EGAX00002472383,EGAS00001005340,ENA-CHECKLIST=ERC000026
CGPLLU356P,EGAN00003220626,SAMEA9240514,EGAR00002846899,EGAX00002472384,EGAS00001005340,ENA-CHECKLIST=ERC000026
CGPLLU357P,EGAN00003220463,SAMEA9240360,EGAR00002846900,EGAX00002472385,EGAS00001005340,ENA-CHECKLIST=ERC000026
CGPLLU358P,EGAN00003221069,SAMEA9240957,EGAR00002846901,EGAX00002472386,EGAS00001005340,ENA-CHECKLIST=ERC000026
CGPLLU359P,EGAN00003220887,SAMEA9240775,EGAR00002846902,EGAX00002472387,EGAS00001005340,ENA-CHECKLIST=ERC000026
CGPLLU360P,EGAN00003220884,SAMEA9240772,EGAR00002846903,EGAX00002472388,EGAS00001005340,ENA-CHECKLIST=ERC000026
CGPLLU361P,EGAN00003220767,SAMEA9240655,EGAR00002846904,EGAX00002472389,EGAS00001005340,ENA-CHECKLIST=ERC000026
CGPLLU362P,EGAN00003220641,SAMEA9240529,EGAR00002846905,EGAX00002472390,EGAS00001005340,ENA-CHECKLIST=ERC000026
CGPLLU363P,EGAN00003220446,SAMEA9240340,EGAR00002846906,EGAX00002472391,EGAS00001005340,ENA-CHECKLIST=ERC000026
CGPLLU364P,EGAN00003221024,SAMEA9240912,EGAR00002846907,EGAX00002472392,EGAS00001005340,ENA-CHECKLIST=ERC000026
CGPLLU365P,EGAN00003220449,SAMEA9240343,EGAR00002846908,EGAX00002472393,EGAS00001005340,ENA-CHECKLIST=ERC000026
CGPLLU366P,EGAN00003221125,SAMEA9241013,EGAR00002846909,EGAX00002472394,EGAS00001005340,ENA-CHECKLIST=ERC000026
CGPLLU367P,EGAN00003220325,SAMEA9240212,EGAR00002846910,EGAX00002472395,EGAS00001005340,ENA-CHECKLIST=ERC000026
CGPLLU368P,EGAN00003220708,SAMEA9240596,EGAR00002846911,EGAX00002472396,EGAS00001005340,ENA-CHECKLIST=ERC000026
CGPLLU369P,EGAN00003220694,SAMEA9240582,EGAR00002846912,EGAX00002472397,EGAS00001005340,ENA-CHECKLIST=ERC000026
CGPLLU370P,EGAN00003220829,SAMEA9240717,EGAR00002846913,EGAX00002472398,EGAS00001005340,ENA-CHECKLIST=ERC000026
CGPLLU371P,EGAN00003220499,SAMEA9240386,EGAR00002846914,EGAX00002472399,EGAS00001005340,ENA-CHECKLIST=ERC000026
CGPLLU372P,EGAN00003220404,SAMEA9240293,EGAR00002846915,EGAX00002472400,EGAS00001005340,ENA-CHECKLIST=ERC000026
CGPLLU373P,EGAN00003220632,SAMEA9240520,EGAR00002846916,EGAX00002472401,EGAS00001005340,ENA-CHECKLIST=ERC000026
CGPLLU374P,EGAN00003220467,SAMEA9240364,EGAR00002846917,EGAX00002472402,EGAS00001005340,ENA-CHECKLIST=ERC000026
CGPLLU375P,EGAN00003220643,SAMEA9240531,EGAR00002846918,EGAX00002472403,EGAS00001005340,ENA-CHECKLIST=ERC000026
CGPLLU376P,EGAN00003221126,SAMEA9241014,EGAR00002846919,EGAX00002472404,EGAS00001005340,ENA-CHECKLIST=ERC000026
CGPLLU377P,EGAN00003220782,SAMEA9240670,EGAR00002846920,EGAX00002472405,EGAS00001005340,ENA-CHECKLIST=ERC000026
CGPLLU378P,EGAN00003220639,SAMEA9240527,EGAR00002846921,EGAX00002472406,EGAS00001005340,ENA-CHECKLIST=ERC000026
CGPLLU379P,EGAN00003220765,SAMEA9240653,EGAR00002846922,EGAX00002472407,EGAS00001005340,ENA-CHECKLIST=ERC000026
CGPLLU380P,EGAN00003220402,SAMEA9240291,EGAR00002846923,EGAX00002472408,EGAS00001005340,ENA-CHECKLIST=ERC000026
CGPLLU381P,EGAN00003220526,SAMEA9240413,EGAR00002846924,EGAX00002472409,EGAS00001005340,ENA-CHECKLIST=ERC000026
CGPLLU382P,EGAN00003221052,SAMEA9240940,EGAR00002846925,EGAX00002472410,EGAS00001005340,ENA-CHECKLIST=ERC000026
CGPLLU383P,EGAN00003220619,SAMEA9240507,EGAR00002846926,EGAX00002472411,EGAS00001005340,ENA-CHECKLIST=ERC000026
CGPLLU384P,EGAN00003220617,SAMEA9240505,EGAR00002846927,EGAX00002472412,EGAS00001005340,ENA-CHECKLIST=ERC000026
CGPLLU385P,EGAN00003220698,SAMEA9240586,EGAR00002846928,EGAX00002472413,EGAS00001005340,ENA-CHECKLIST=ERC000026
CGPLLU386P,EGAN00003221087,SAMEA9240975,EGAR00002846929,EGAX00002472414,EGAS00001005340,ENA-CHECKLIST=ERC000026
CGPLLU387P,EGAN00003220770,SAMEA9240658,EGAR00002846930,EGAX00002472415,EGAS00001005340,ENA-CHECKLIST=ERC000026
CGPLLU388P,EGAN00003220530,SAMEA9240417,EGAR00002846931,EGAX00002472416,EGAS00001005340,ENA-CHECKLIST=ERC000026
CGPLLU389P,EGAN00003221072,SAMEA9240960,EGAR00002846932,EGAX00002472417,EGAS00001005340,ENA-CHECKLIST=ERC000026
CGPLLU390P,EGAN00003220533,SAMEA9240421,EGAR00002846933,EGAX00002472418,EGAS00001005340,ENA-CHECKLIST=ERC000026
CGPLLU391P,EGAN00003220396,SAMEA9240283,EGAR00002846934,EGAX00002472419,EGAS00001005340,ENA-CHECKLIST=ERC000026
CGPLLU392P,EGAN00003220525,SAMEA9240412,EGAR00002846935,EGAX00002472420,EGAS00001005340,ENA-CHECKLIST=ERC000026
CGPLLU393P,EGAN00003220403,SAMEA9240292,EGAR00002846936,EGAX00002472421,EGAS00001005340,ENA-CHECKLIST=ERC000026
CGPLLU395P,EGAN00003220302,SAMEA9240189,EGAR00002846937,EGAX00002472422,EGAS00001005340,ENA-CHECKLIST=ERC000026
CGPLLU396P,EGAN00003220892,SAMEA9240780,EGAR00002846938,EGAX00002472423,EGAS00001005340,ENA-CHECKLIST=ERC000026
CGPLLU397P,EGAN00003220750,SAMEA9240638,EGAR00002846939,EGAX00002472424,EGAS00001005340,ENA-CHECKLIST=ERC000026
CGPLLU398P,EGAN00003220747,SAMEA9240635,EGAR00002846940,EGAX00002472425,EGAS00001005340,ENA-CHECKLIST=ERC000026
CGPLLU399P,EGAN00003220827,SAMEA9240715,EGAR00002846941,EGAX00002472426,EGAS00001005340,ENA-CHECKLIST=ERC000026
CGPLLU3P,EGAN00003220951,SAMEA9240839,EGAR00002846942,EGAX00002472427,EGAS00001005340,ENA-CHECKLIST=ERC000026
CGPLLU400P,EGAN00003220745,SAMEA9240633,EGAR00002846943,EGAX00002472428,EGAS00001005340,ENA-CHECKLIST=ERC000026
CGPLLU401P,EGAN00003221050,SAMEA9240938,EGAR00002846944,EGAX00002472429,EGAS00001005340,ENA-CHECKLIST=ERC000026
CGPLLU402P,EGAN00003221065,SAMEA9240953,EGAR00002846945,EGAX00002472430,EGAS00001005340,ENA-CHECKLIST=ERC000026
CGPLLU403P,EGAN00003220741,SAMEA9240629,EGAR00002846946,EGAX00002472431,EGAS00001005340,ENA-CHECKLIST=ERC000026
CGPLLU404P,EGAN00003220731,SAMEA9240619,EGAR00002846947,EGAX00002472432,EGAS00001005340,ENA-CHECKLIST=ERC000026
CGPLLU405P,EGAN00003220624,SAMEA9240512,EGAR00002846948,EGAX00002472433,EGAS00001005340,ENA-CHECKLIST=ERC000026
CGPLLU406P,EGAN00003220986,SAMEA9240874,EGAR00002846949,EGAX00002472434,EGAS00001005340,ENA-CHECKLIST=ERC000026
CGPLLU407P,EGAN00003221017,SAMEA9240905,EGAR00002846950,EGAX00002472435,EGAS00001005340,ENA-CHECKLIST=ERC000026
CGPLLU408P,EGAN00003220323,SAMEA9240210,EGAR00002846951,EGAX00002472436,EGAS00001005340,ENA-CHECKLIST=ERC000026
CGPLLU409P,EGAN00003220322,SAMEA9240209,EGAR00002846952,EGAX00002472437,EGAS00001005340,ENA-CHECKLIST=ERC000026
CGPLLU410P,EGAN00003220635,SAMEA9240523,EGAR00002846953,EGAX00002472438,EGAS00001005340,ENA-CHECKLIST=ERC000026
CGPLLU411P,EGAN00003220529,SAMEA9240416,EGAR00002846954,EGAX00002472439,EGAS00001005340,ENA-CHECKLIST=ERC000026
CGPLLU412P,EGAN00003220320,SAMEA9240207,EGAR00002846955,EGAX00002472440,EGAS00001005340,ENA-CHECKLIST=ERC000026
CGPLLU413P,EGAN00003220881,SAMEA9240769,EGAR00002846956,EGAX00002472441,EGAS00001005340,ENA-CHECKLIST=ERC000026
CGPLLU414P,EGAN00003220318,SAMEA9240205,EGAR00002846957,EGAX00002472442,EGAS00001005340,ENA-CHECKLIST=ERC000026
CGPLLU415P,EGAN00003220299,SAMEA9240186,EGAR00002846958,EGAX00002472443,EGAS00001005340,ENA-CHECKLIST=ERC000026
CGPLLU416P,EGAN00003221025,SAMEA9240913,EGAR00002846959,EGAX00002472444,EGAS00001005340,ENA-CHECKLIST=ERC000026
CGPLLU417P,EGAN00003220811,SAMEA9240699,EGAR00002846960,EGAX00002472445,EGAS00001005340,ENA-CHECKLIST=ERC000026
CGPLLU418P,EGAN00003220303,SAMEA9240190,EGAR00002846961,EGAX00002472446,EGAS00001005340,ENA-CHECKLIST=ERC000026
CGPLLU419P,EGAN00003221030,SAMEA9240918,EGAR00002846962,EGAX00002472447,EGAS00001005340,ENA-CHECKLIST=ERC000026
CGPLLU420P,EGAN00003220311,SAMEA9240198,EGAR00002846963,EGAX00002472448,EGAS00001005340,ENA-CHECKLIST=ERC000026
CGPLLU421P,EGAN00003220981,SAMEA9240869,EGAR00002846964,EGAX00002472449,EGAS00001005340,ENA-CHECKLIST=ERC000026
CGPLLU422P,EGAN00003220319,SAMEA9240206,EGAR00002846965,EGAX00002472450,EGAS00001005340,ENA-CHECKLIST=ERC000026
CGPLLU423P,EGAN00003220307,SAMEA9240194,EGAR00002846966,EGAX00002472451,EGAS00001005340,ENA-CHECKLIST=ERC000026
CGPLLU424P,EGAN00003220305,SAMEA9240192,EGAR00002846967,EGAX00002472452,EGAS00001005340,ENA-CHECKLIST=ERC000026
CGPLLU425P,EGAN00003221084,SAMEA9240972,EGAR00002846968,EGAX00002472453,EGAS00001005340,ENA-CHECKLIST=ERC000026
CGPLLU426P,EGAN00003220316,SAMEA9240204,EGAR00002846969,EGAX00002472454,EGAS00001005340,ENA-CHECKLIST=ERC000026
CGPLLU427P,EGAN00003220500,SAMEA9240387,EGAR00002846970,EGAX00002472455,EGAS00001005340,ENA-CHECKLIST=ERC000026
CGPLLU428P,EGAN00003220508,SAMEA9240395,EGAR00002846971,EGAX00002472456,EGAS00001005340,ENA-CHECKLIST=ERC000026
CGPLLU429P,EGAN00003220314,SAMEA9240201,EGAR00002846972,EGAX00002472457,EGAS00001005340,ENA-CHECKLIST=ERC000026
CGPLLU430P,EGAN00003220313,SAMEA9240200,EGAR00002846973,EGAX00002472458,EGAS00001005340,ENA-CHECKLIST=ERC000026
CGPLLU431P,EGAN00003220863,SAMEA9240751,EGAR00002846974,EGAX00002472459,EGAS00001005340,ENA-CHECKLIST=ERC000026
CGPLLU432P,EGAN00003220389,SAMEA9240276,EGAR00002846975,EGAX00002472460,EGAS00001005340,ENA-CHECKLIST=ERC000026
CGPLLU433P,EGAN00003220531,SAMEA9240419,EGAR00002846976,EGAX00002472461,EGAS00001005340,ENA-CHECKLIST=ERC000026
CGPLLU434P,EGAN00003220815,SAMEA9240703,EGAR00002846977,EGAX00002472462,EGAS00001005340,ENA-CHECKLIST=ERC000026
CGPLLU435P,EGAN00003220326,SAMEA9240213,EGAR00002846978,EGAX00002472463,EGAS00001005340,ENA-CHECKLIST=ERC000026
CGPLLU436P,EGAN00003220699,SAMEA9240587,EGAR00002846979,EGAX00002472464,EGAS00001005340,ENA-CHECKLIST=ERC000026
CGPLLU437P,EGAN00003221019,SAMEA9240907,EGAR00002846980,EGAX00002472465,EGAS00001005340,ENA-CHECKLIST=ERC000026
CGPLLU438P,EGAN00003220794,SAMEA9240682,EGAR00002846981,EGAX00002472466,EGAS00001005340,ENA-CHECKLIST=ERC000026
CGPLLU439P,EGAN00003221018,SAMEA9240906,EGAR00002846982,EGAX00002472467,EGAS00001005340,ENA-CHECKLIST=ERC000026
CGPLLU440P,EGAN00003221013,SAMEA9240901,EGAR00002846983,EGAX00002472468,EGAS00001005340,ENA-CHECKLIST=ERC000026
CGPLLU441P,EGAN00003221003,SAMEA9240890,EGAR00002846984,EGAX00002472469,EGAS00001005340,ENA-CHECKLIST=ERC000026
CGPLLU442P,EGAN00003220802,SAMEA9240690,EGAR00002846985,EGAX00002472470,EGAS00001005340,ENA-CHECKLIST=ERC000026
CGPLLU443P,EGAN00003221004,SAMEA9240892,EGAR00002846986,EGAX00002472471,EGAS00001005340,ENA-CHECKLIST=ERC000026
CGPLLU444P,EGAN00003220478,SAMEA9240377,EGAR00002846987,EGAX00002472472,EGAS00001005340,ENA-CHECKLIST=ERC000026
CGPLLU445P,EGAN00003221020,SAMEA9240908,EGAR00002846988,EGAX00002472473,EGAS00001005340,ENA-CHECKLIST=ERC000026
CGPLLU446P,EGAN00003221051,SAMEA9240939,EGAR00002846989,EGAX00002472474,EGAS00001005340,ENA-CHECKLIST=ERC000026
CGPLLU447P,EGAN00003221014,SAMEA9240902,EGAR00002846990,EGAX00002472475,EGAS00001005340,ENA-CHECKLIST=ERC000026
CGPLLU448P,EGAN00003220476,SAMEA9240375,EGAR00002846991,EGAX00002472476,EGAS00001005340,ENA-CHECKLIST=ERC000026
CGPLLU449P,EGAN00003221012,SAMEA9240900,EGAR00002846992,EGAX00002472477,EGAS00001005340,ENA-CHECKLIST=ERC000026
CGPLLU450P,EGAN00003220457,SAMEA9240353,EGAR00002846993,EGAX00002472478,EGAS00001005340,ENA-CHECKLIST=ERC000026
CGPLLU451P,EGAN00003220926,SAMEA9240814,EGAR00002846994,EGAX00002472479,EGAS00001005340,ENA-CHECKLIST=ERC000026
CGPLLU452P,EGAN00003221015,SAMEA9240903,EGAR00002846995,EGAX00002472480,EGAS00001005340,ENA-CHECKLIST=ERC000026
CGPLLU453P,EGAN00003220691,SAMEA9240579,EGAR00002846996,EGAX00002472481,EGAS00001005340,ENA-CHECKLIST=ERC000026
CGPLLU454P,EGAN00003220971,SAMEA9240859,EGAR00002846997,EGAX00002472482,EGAS00001005340,ENA-CHECKLIST=ERC000026
CGPLLU455P,EGAN00003220693,SAMEA9240581,EGAR00002846998,EGAX00002472483,EGAS00001005340,ENA-CHECKLIST=ERC000026
CGPLLU456P,EGAN00003220997,SAMEA9240885,EGAR00002846999,EGAX00002472484,EGAS00001005340,ENA-CHECKLIST=ERC000026
CGPLLU457P,EGAN00003220995,SAMEA9240883,EGAR00002847000,EGAX00002472485,EGAS00001005340,ENA-CHECKLIST=ERC000026
CGPLLU458P,EGAN00003221000,SAMEA9240888,EGAR00002847001,EGAX00002472486,EGAS00001005340,ENA-CHECKLIST=ERC000026
CGPLLU459P,EGAN00003220755,SAMEA9240643,EGAR00002847002,EGAX00002472487,EGAS00001005340,ENA-CHECKLIST=ERC000026
CGPLLU460P,EGAN00003220557,SAMEA9240445,EGAR00002847003,EGAX00002472488,EGAS00001005340,ENA-CHECKLIST=ERC000026
CGPLLU461P,EGAN00003220879,SAMEA9240767,EGAR00002847004,EGAX00002472489,EGAS00001005340,ENA-CHECKLIST=ERC000026
CGPLLU462P,EGAN00003220620,SAMEA9240508,EGAR00002847005,EGAX00002472490,EGAS00001005340,ENA-CHECKLIST=ERC000026
CGPLLU463P,EGAN00003220667,SAMEA9240555,EGAR00002847006,EGAX00002472491,EGAS00001005340,ENA-CHECKLIST=ERC000026
CGPLLU464P,EGAN00003220629,SAMEA9240517,EGAR00002847007,EGAX00002472492,EGAS00001005340,ENA-CHECKLIST=ERC000026
CGPLLU465P,EGAN00003220647,SAMEA9240535,EGAR00002847008,EGAX00002472493,EGAS00001005340,ENA-CHECKLIST=ERC000026
CGPLLU466P,EGAN00003220333,SAMEA9240220,EGAR00002847009,EGAX00002472494,EGAS00001005340,ENA-CHECKLIST=ERC000026
CGPLLU467P,EGAN00003220327,SAMEA9240214,EGAR00002847010,EGAX00002472495,EGAS00001005340,ENA-CHECKLIST=ERC000026
CGPLLU468P,EGAN00003221026,SAMEA9240914,EGAR00002847011,EGAX00002472496,EGAS00001005340,ENA-CHECKLIST=ERC000026
CGPLLU469P,EGAN00003221140,SAMEA9241028,EGAR00002847012,EGAX00002472497,EGAS00001005340,ENA-CHECKLIST=ERC000026
CGPLLU470P,EGAN00003220469,SAMEA9240366,EGAR00002847013,EGAX00002472498,EGAS00001005340,ENA-CHECKLIST=ERC000026
CGPLLU471P,EGAN00003220828,SAMEA9240716,EGAR00002847014,EGAX00002472499,EGAS00001005340,ENA-CHECKLIST=ERC000026
CGPLLU472P,EGAN00003220846,SAMEA9240734,EGAR00002847015,EGAX00002472500,EGAS00001005340,ENA-CHECKLIST=ERC000026
CGPLLU473P,EGAN00003221145,SAMEA9241033,EGAR00002847016,EGAX00002472501,EGAS00001005340,ENA-CHECKLIST=ERC000026
CGPLLU474P,EGAN00003221023,SAMEA9240911,EGAR00002847017,EGAX00002472502,EGAS00001005340,ENA-CHECKLIST=ERC000026
CGPLLU475P,EGAN00003220438,SAMEA9240332,EGAR00002847018,EGAX00002472503,EGAS00001005340,ENA-CHECKLIST=ERC000026
CGPLLU476P,EGAN00003220387,SAMEA9240274,EGAR00002847019,EGAX00002472504,EGAS00001005340,ENA-CHECKLIST=ERC000026
CGPLLU477P,EGAN00003221061,SAMEA9240949,EGAR00002847020,EGAX00002472505,EGAS00001005340,ENA-CHECKLIST=ERC000026
CGPLLU478P,EGAN00003220369,SAMEA9240256,EGAR00002847021,EGAX00002472506,EGAS00001005340,ENA-CHECKLIST=ERC000026
CGPLLU479P,EGAN00003221149,SAMEA9241037,EGAR00002847022,EGAX00002472507,EGAS00001005340,ENA-CHECKLIST=ERC000026
CGPLLU480P,EGAN00003220372,SAMEA9240259,EGAR00002847023,EGAX00002472508,EGAS00001005340,ENA-CHECKLIST=ERC000026
CGPLLU481P,EGAN00003220329,SAMEA9240216,EGAR00002847024,EGAX00002472509,EGAS00001005340,ENA-CHECKLIST=ERC000026
CGPLLU482P,EGAN00003220924,SAMEA9240812,EGAR00002847025,EGAX00002472510,EGAS00001005340,ENA-CHECKLIST=ERC000026
CGPLLU483P,EGAN00003220930,SAMEA9240818,EGAR00002847026,EGAX00002472511,EGAS00001005340,ENA-CHECKLIST=ERC000026
CGPLLU484P,EGAN00003220928,SAMEA9240816,EGAR00002847027,EGAX00002472512,EGAS00001005340,ENA-CHECKLIST=ERC000026
CGPLLU485P,EGAN00003220921,SAMEA9240809,EGAR00002847028,EGAX00002472513,EGAS00001005340,ENA-CHECKLIST=ERC000026
CGPLLU486P,EGAN00003220338,SAMEA9240225,EGAR00002847029,EGAX00002472514,EGAS00001005340,ENA-CHECKLIST=ERC000026
CGPLLU487P,EGAN00003220920,SAMEA9240808,EGAR00002847030,EGAX00002472515,EGAS00001005340,ENA-CHECKLIST=ERC000026
CGPLLU488P,EGAN00003220923,SAMEA9240811,EGAR00002847031,EGAX00002472516,EGAS00001005340,ENA-CHECKLIST=ERC000026
CGPLLU489P,EGAN00003221075,SAMEA9240963,EGAR00002847032,EGAX00002472517,EGAS00001005340,ENA-CHECKLIST=ERC000026
CGPLLU490P,EGAN00003220734,SAMEA9240622,EGAR00002847033,EGAX00002472518,EGAS00001005340,ENA-CHECKLIST=ERC000026
CGPLLU491P,EGAN00003220607,SAMEA9240495,EGAR00002847034,EGAX00002472519,EGAS00001005340,ENA-CHECKLIST=ERC000026
CGPLLU492P,EGAN00003221129,SAMEA9241016,EGAR00002847035,EGAX00002472520,EGAS00001005340,ENA-CHECKLIST=ERC000026
CGPLLU493P,EGAN00003220490,SAMEA9240846,EGAR00002847036,EGAX00002472521,EGAS00001005340,ENA-CHECKLIST=ERC000026
CGPLLU494P,EGAN00003220627,SAMEA9240515,EGAR00002847037,EGAX00002472522,EGAS00001005340,ENA-CHECKLIST=ERC000026
CGPLLU495P,EGAN00003220315,SAMEA9240202,EGAR00002847038,EGAX00002472523,EGAS00001005340,ENA-CHECKLIST=ERC000026
CGPLLU496P,EGAN00003220637,SAMEA9240525,EGAR00002847039,EGAX00002472524,EGAS00001005340,ENA-CHECKLIST=ERC000026
CGPLLU497P,EGAN00003221031,SAMEA9240919,EGAR00002847040,EGAX00002472525,EGAS00001005340,ENA-CHECKLIST=ERC000026
CGPLLU498P,EGAN00003220540,SAMEA9240428,EGAR00002847041,EGAX00002472526,EGAS00001005340,ENA-CHECKLIST=ERC000026
CGPLLU499P,EGAN00003220391,SAMEA9240278,EGAR00002847042,EGAX00002472527,EGAS00001005340,ENA-CHECKLIST=ERC000026
CGPLLU4P,EGAN00003220950,SAMEA9240838,EGAR00002847043,EGAX00002472528,EGAS00001005340,ENA-CHECKLIST=ERC000026
CGPLLU500P,EGAN00003220665,SAMEA9240554,EGAR00002847044,EGAX00002472529,EGAS00001005340,ENA-CHECKLIST=ERC000026
CGPLLU501P,EGAN00003220334,SAMEA9240221,EGAR00002847045,EGAX00002472530,EGAS00001005340,ENA-CHECKLIST=ERC000026
CGPLLU502P,EGAN00003220711,SAMEA9240599,EGAR00002847046,EGAX00002472531,EGAS00001005340,ENA-CHECKLIST=ERC000026
CGPLLU503P,EGAN00003220471,SAMEA9240369,EGAR00002847047,EGAX00002472532,EGAS00001005340,ENA-CHECKLIST=ERC000026
CGPLLU504P,EGAN00003220705,SAMEA9240593,EGAR00002847048,EGAX00002472533,EGAS00001005340,ENA-CHECKLIST=ERC000026
CGPLLU505P,EGAN00003220702,SAMEA9240590,EGAR00002847049,EGAX00002472534,EGAS00001005340,ENA-CHECKLIST=ERC000026
CGPLLU506P,EGAN00003220700,SAMEA9240588,EGAR00002847050,EGAX00002472535,EGAS00001005340,ENA-CHECKLIST=ERC000026
CGPLLU507P,EGAN00003220826,SAMEA9240714,EGAR00002847051,EGAX00002472536,EGAS00001005340,ENA-CHECKLIST=ERC000026
CGPLLU508P,EGAN00003220784,SAMEA9240672,EGAR00002847052,EGAX00002472537,EGAS00001005340,ENA-CHECKLIST=ERC000026
CGPLLU509P,EGAN00003220984,SAMEA9240872,EGAR00002847053,EGAX00002472538,EGAS00001005340,ENA-CHECKLIST=ERC000026
CGPLLU510P,EGAN00003220697,SAMEA9240585,EGAR00002847054,EGAX00002472539,EGAS00001005340,ENA-CHECKLIST=ERC000026
CGPLLU511P,EGAN00003220336,SAMEA9240223,EGAR00002847055,EGAX00002472540,EGAS00001005340,ENA-CHECKLIST=ERC000026
CGPLLU512P,EGAN00003221028,SAMEA9240916,EGAR00002847056,EGAX00002472541,EGAS00001005340,ENA-CHECKLIST=ERC000026
CGPLLU513P,EGAN00003220820,SAMEA9240708,EGAR00002847057,EGAX00002472542,EGAS00001005340,ENA-CHECKLIST=ERC000026
CGPLLU514P,EGAN00003220451,SAMEA9240346,EGAR00002847058,EGAX00002472543,EGAS00001005340,ENA-CHECKLIST=ERC000026
CGPLLU515P,EGAN00003220544,SAMEA9240432,EGAR00002847059,EGAX00002472544,EGAS00001005340,ENA-CHECKLIST=ERC000026
CGPLLU516P,EGAN00003220549,SAMEA9240437,EGAR00002847060,EGAX00002472545,EGAS00001005340,ENA-CHECKLIST=ERC000026
CGPLLU517P,EGAN00003220786,SAMEA9240674,EGAR00002847061,EGAX00002472546,EGAS00001005340,ENA-CHECKLIST=ERC000026
CGPLLU518P,EGAN00003220548,SAMEA9240436,EGAR00002847062,EGAX00002472547,EGAS00001005340,ENA-CHECKLIST=ERC000026
CGPLLU519P,EGAN00003220880,SAMEA9240768,EGAR00002847063,EGAX00002472548,EGAS00001005340,ENA-CHECKLIST=ERC000026
CGPLLU520P,EGAN00003220301,SAMEA9240187,EGAR00002847064,EGAX00002472549,EGAS00001005340,ENA-CHECKLIST=ERC000026
CGPLLU521P,EGAN00003221088,SAMEA9240976,EGAR00002847065,EGAX00002472550,EGAS00001005340,ENA-CHECKLIST=ERC000026
CGPLLU522P,EGAN00003220791,SAMEA9240679,EGAR00002847066,EGAX00002472551,EGAS00001005340,ENA-CHECKLIST=ERC000026
CGPLLU523P,EGAN00003221064,SAMEA9240952,EGAR00002847067,EGAX00002472552,EGAS00001005340,ENA-CHECKLIST=ERC000026
CGPLLU524P,EGAN00003220539,SAMEA9240427,EGAR00002847068,EGAX00002472553,EGAS00001005340,ENA-CHECKLIST=ERC000026
CGPLLU525P,EGAN00003220982,SAMEA9240870,EGAR00002847069,EGAX00002472554,EGAS00001005340,ENA-CHECKLIST=ERC000026
CGPLLU526P,EGAN00003220547,SAMEA9240435,EGAR00002847070,EGAX00002472555,EGAS00001005340,ENA-CHECKLIST=ERC000026
CGPLLU527P,EGAN00003220439,SAMEA9240333,EGAR00002847071,EGAX00002472556,EGAS00001005340,ENA-CHECKLIST=ERC000026
CGPLLU528P,EGAN00003220871,SAMEA9240759,EGAR00002847072,EGAX00002472557,EGAS00001005340,ENA-CHECKLIST=ERC000026
CGPLLU529P,EGAN00003220551,SAMEA9240439,EGAR00002847073,EGAX00002472558,EGAS00001005340,ENA-CHECKLIST=ERC000026
CGPLLU530P,EGAN00003220486,SAMEA9240842,EGAR00002847074,EGAX00002472559,EGAS00001005340,ENA-CHECKLIST=ERC000026
CGPLLU531P,EGAN00003220550,SAMEA9240438,EGAR00002847075,EGAX00002472560,EGAS00001005340,ENA-CHECKLIST=ERC000026
CGPLLU532P,EGAN00003220622,SAMEA9240510,EGAR00002847076,EGAX00002472561,EGAS00001005340,ENA-CHECKLIST=ERC000026
CGPLLU533P,EGAN00003220339,SAMEA9240226,EGAR00002847077,EGAX00002472562,EGAS00001005340,ENA-CHECKLIST=ERC000026
CGPLLU534P,EGAN00003220405,SAMEA9240295,EGAR00002847078,EGAX00002472563,EGAS00001005340,ENA-CHECKLIST=ERC000026
CGPLLU535P,EGAN00003220443,SAMEA9240337,EGAR00002847079,EGAX00002472564,EGAS00001005340,ENA-CHECKLIST=ERC000026
CGPLLU536P,EGAN00003220648,SAMEA9240536,EGAR00002847080,EGAX00002472565,EGAS00001005340,ENA-CHECKLIST=ERC000026
CGPLLU537P,EGAN00003221009,SAMEA9240897,EGAR00002847081,EGAX00002472566,EGAS00001005340,ENA-CHECKLIST=ERC000026
CGPLLU538P,EGAN00003220555,SAMEA9240443,EGAR00002847082,EGAX00002472567,EGAS00001005340,ENA-CHECKLIST=ERC000026
CGPLLU539P,EGAN00003221032,SAMEA9240920,EGAR00002847083,EGAX00002472568,EGAS00001005340,ENA-CHECKLIST=ERC000026
CGPLLU540P,EGAN00003220695,SAMEA9240583,EGAR00002847084,EGAX00002472569,EGAS00001005340,ENA-CHECKLIST=ERC000026
CGPLLU541P,EGAN00003220690,SAMEA9240578,EGAR00002847085,EGAX00002472570,EGAS00001005340,ENA-CHECKLIST=ERC000026
CGPLLU542P,EGAN00003220771,SAMEA9240659,EGAR00002847086,EGAX00002472571,EGAS00001005340,ENA-CHECKLIST=ERC000026
CGPLLU543P,EGAN00003220768,SAMEA9240656,EGAR00002847087,EGAX00002472572,EGAS00001005340,ENA-CHECKLIST=ERC000026
CGPLLU544P,EGAN00003220769,SAMEA9240657,EGAR00002847088,EGAX00002472573,EGAS00001005340,ENA-CHECKLIST=ERC000026
CGPLLU545P,EGAN00003220823,SAMEA9240711,EGAR00002847089,EGAX00002472574,EGAS00001005340,ENA-CHECKLIST=ERC000026
CGPLLU546P,EGAN00003220494,SAMEA9240851,EGAR00002847090,EGAX00002472575,EGAS00001005340,ENA-CHECKLIST=ERC000026
CGPLLU547P,EGAN00003220330,SAMEA9240217,EGAR00002847091,EGAX00002472576,EGAS00001005340,ENA-CHECKLIST=ERC000026
CGPLLU548P,EGAN00003221042,SAMEA9240930,EGAR00002847092,EGAX00002472577,EGAS00001005340,ENA-CHECKLIST=ERC000026
CGPLLU549P,EGAN00003220645,SAMEA9240533,EGAR00002847093,EGAX00002472578,EGAS00001005340,ENA-CHECKLIST=ERC000026
CGPLLU550P,EGAN00003220764,SAMEA9240652,EGAR00002847094,EGAX00002472579,EGAS00001005340,ENA-CHECKLIST=ERC000026
CGPLLU551P,EGAN00003220341,SAMEA9240228,EGAR00002847095,EGAX00002472580,EGAS00001005340,ENA-CHECKLIST=ERC000026
CGPLLU552P,EGAN00003220812,SAMEA9240700,EGAR00002847096,EGAX00002472581,EGAS00001005340,ENA-CHECKLIST=ERC000026
CGPLLU553P,EGAN00003220832,SAMEA9240720,EGAR00002847097,EGAX00002472582,EGAS00001005340,ENA-CHECKLIST=ERC000026
CGPLLU554P,EGAN00003220454,SAMEA9240349,EGAR00002847098,EGAX00002472583,EGAS00001005340,ENA-CHECKLIST=ERC000026
CGPLLU555P,EGAN00003220821,SAMEA9240709,EGAR00002847099,EGAX00002472584,EGAS00001005340,ENA-CHECKLIST=ERC000026
CGPLLU556P,EGAN00003220735,SAMEA9240623,EGAR00002847100,EGAX00002472585,EGAS00001005340,ENA-CHECKLIST=ERC000026
CGPLLU557P,EGAN00003220814,SAMEA9240702,EGAR00002847101,EGAX00002472586,EGAS00001005340,ENA-CHECKLIST=ERC000026
CGPLLU558P,EGAN00003220756,SAMEA9240644,EGAR00002847102,EGAX00002472587,EGAS00001005340,ENA-CHECKLIST=ERC000026
CGPLLU559P,EGAN00003220754,SAMEA9240642,EGAR00002847103,EGAX00002472588,EGAS00001005340,ENA-CHECKLIST=ERC000026
CGPLLU560P,EGAN00003220385,SAMEA9240272,EGAR00002847104,EGAX00002472589,EGAS00001005340,ENA-CHECKLIST=ERC000026
CGPLLU561P,EGAN00003220854,SAMEA9240742,EGAR00002847105,EGAX00002472590,EGAS00001005340,ENA-CHECKLIST=ERC000026
CGPLLU562P,EGAN00003220445,SAMEA9240339,EGAR00002847106,EGAX00002472591,EGAS00001005340,ENA-CHECKLIST=ERC000026
CGPLLU563P,EGAN00003220542,SAMEA9240430,EGAR00002847107,EGAX00002472592,EGAS00001005340,ENA-CHECKLIST=ERC000026
CGPLLU564P,EGAN00003220543,SAMEA9240431,EGAR00002847108,EGAX00002472593,EGAS00001005340,ENA-CHECKLIST=ERC000026
CGPLLU565P,EGAN00003220858,SAMEA9240746,EGAR00002847109,EGAX00002472594,EGAS00001005340,ENA-CHECKLIST=ERC000026
CGPLLU566P,EGAN00003221010,SAMEA9240898,EGAR00002847110,EGAX00002472595,EGAS00001005340,ENA-CHECKLIST=ERC000026
CGPLLU567P,EGAN00003220535,SAMEA9240423,EGAR00002847111,EGAX00002472596,EGAS00001005340,ENA-CHECKLIST=ERC000026
CGPLLU568P,EGAN00003220317,SAMEA9240203,EGAR00002847112,EGAX00002472597,EGAS00001005340,ENA-CHECKLIST=ERC000026
CGPLLU569P,EGAN00003220973,SAMEA9240861,EGAR00002847113,EGAX00002472598,EGAS00001005340,ENA-CHECKLIST=ERC000026
CGPLLU570P,EGAN00003220492,SAMEA9240849,EGAR00002847114,EGAX00002472599,EGAS00001005340,ENA-CHECKLIST=ERC000026
CGPLLU571P,EGAN00003221049,SAMEA9240937,EGAR00002847115,EGAX00002472600,EGAS00001005340,ENA-CHECKLIST=ERC000026
CGPLLU572P,EGAN00003221006,SAMEA9240894,EGAR00002847116,EGAX00002472601,EGAS00001005340,ENA-CHECKLIST=ERC000026
CGPLLU573P,EGAN00003220868,SAMEA9240756,EGAR00002847117,EGAX00002472602,EGAS00001005340,ENA-CHECKLIST=ERC000026
CGPLLU574P,EGAN00003220673,SAMEA9240561,EGAR00002847118,EGAX00002472603,EGAS00001005340,ENA-CHECKLIST=ERC000026
CGPLLU575P,EGAN00003220452,SAMEA9240347,EGAR00002847119,EGAX00002472604,EGAS00001005340,ENA-CHECKLIST=ERC000026
CGPLLU576P,EGAN00003220848,SAMEA9240736,EGAR00002847120,EGAX00002472605,EGAS00001005340,ENA-CHECKLIST=ERC000026
CGPLLU577P,EGAN00003220532,SAMEA9240420,EGAR00002847121,EGAX00002472606,EGAS00001005340,ENA-CHECKLIST=ERC000026
CGPLLU578P,EGAN00003220985,SAMEA9240873,EGAR00002847122,EGAX00002472607,EGAS00001005340,ENA-CHECKLIST=ERC000026
CGPLLU580P,EGAN00003220332,SAMEA9240219,EGAR00002847123,EGAX00002472608,EGAS00001005340,ENA-CHECKLIST=ERC000026
CGPLLU581P,EGAN00003220331,SAMEA9240218,EGAR00002847124,EGAX00002472609,EGAS00001005340,ENA-CHECKLIST=ERC000026
CGPLLU582P,EGAN00003220374,SAMEA9240261,EGAR00002847125,EGAX00002472610,EGAS00001005340,ENA-CHECKLIST=ERC000026
CGPLLU583P,EGAN00003220992,SAMEA9240880,EGAR00002847126,EGAX00002472611,EGAS00001005340,ENA-CHECKLIST=ERC000026
CGPLLU584P,EGAN00003221086,SAMEA9240974,EGAR00002847127,EGAX00002472612,EGAS00001005340,ENA-CHECKLIST=ERC000026
CGPLLU585P,EGAN00003221083,SAMEA9240971,EGAR00002847128,EGAX00002472613,EGAS00001005340,ENA-CHECKLIST=ERC000026
CGPLLU586P,EGAN00003220509,SAMEA9240396,EGAR00002847129,EGAX00002472614,EGAS00001005340,ENA-CHECKLIST=ERC000026
CGPLLU587P,EGAN00003221076,SAMEA9240964,EGAR00002847130,EGAX00002472615,EGAS00001005340,ENA-CHECKLIST=ERC000026
CGPLLU588P,EGAN00003221055,SAMEA9240943,EGAR00002847131,EGAX00002472616,EGAS00001005340,ENA-CHECKLIST=ERC000026
CGPLLU589P,EGAN00003220553,SAMEA9240441,EGAR00002847132,EGAX00002472617,EGAS00001005340,ENA-CHECKLIST=ERC000026
CGPLLU590P,EGAN00003220612,SAMEA9240500,EGAR00002847133,EGAX00002472618,EGAS00001005340,ENA-CHECKLIST=ERC000026
CGPLLU591P,EGAN00003221054,SAMEA9240942,EGAR00002847134,EGAX00002472619,EGAS00001005340,ENA-CHECKLIST=ERC000026
CGPLLU592P,EGAN00003220696,SAMEA9240584,EGAR00002847135,EGAX00002472620,EGAS00001005340,ENA-CHECKLIST=ERC000026
CGPLLU593P,EGAN00003220885,SAMEA9240773,EGAR00002847136,EGAX00002472621,EGAS00001005340,ENA-CHECKLIST=ERC000026
CGPLLU594P,EGAN00003221067,SAMEA9240955,EGAR00002847137,EGAX00002472622,EGAS00001005340,ENA-CHECKLIST=ERC000026
CGPLLU596P,EGAN00003220766,SAMEA9240654,EGAR00002847138,EGAX00002472623,EGAS00001005340,ENA-CHECKLIST=ERC000026
CGPLLU597P,EGAN00003221005,SAMEA9240893,EGAR00002847139,EGAX00002472624,EGAS00001005340,ENA-CHECKLIST=ERC000026
CGPLLU598P,EGAN00003220400,SAMEA9240286,EGAR00002847140,EGAX00002472625,EGAS00001005340,ENA-CHECKLIST=ERC000026
CGPLLU599P,EGAN00003220748,SAMEA9240636,EGAR00002847141,EGAX00002472626,EGAS00001005340,ENA-CHECKLIST=ERC000026
CGPLLU5P,EGAN00003220938,SAMEA9240826,EGAR00002847142,EGAX00002472627,EGAS00001005340,ENA-CHECKLIST=ERC000026
CGPLLU600P,EGAN00003220442,SAMEA9240336,EGAR00002847143,EGAX00002472628,EGAS00001005340,ENA-CHECKLIST=ERC000026
CGPLLU601P,EGAN00003220440,SAMEA9240334,EGAR00002847144,EGAX00002472629,EGAS00001005340,ENA-CHECKLIST=ERC000026
CGPLLU602P,EGAN00003220524,SAMEA9240411,EGAR00002847145,EGAX00002472630,EGAS00001005340,ENA-CHECKLIST=ERC000026
CGPLLU603P,EGAN00003220922,SAMEA9240810,EGAR00002847146,EGAX00002472631,EGAS00001005340,ENA-CHECKLIST=ERC000026
CGPLLU604P,EGAN00003220785,SAMEA9240673,EGAR00002847147,EGAX00002472632,EGAS00001005340,ENA-CHECKLIST=ERC000026
CGPLLU605P,EGAN00003221007,SAMEA9240895,EGAR00002847148,EGAX00002472633,EGAS00001005340,ENA-CHECKLIST=ERC000026
CGPLLU606P,EGAN00003220392,SAMEA9240279,EGAR00002847149,EGAX00002472634,EGAS00001005340,ENA-CHECKLIST=ERC000026
CGPLLU607P,EGAN00003220468,SAMEA9240365,EGAR00002847150,EGAX00002472635,EGAS00001005340,ENA-CHECKLIST=ERC000026
CGPLLU608P,EGAN00003221029,SAMEA9240917,EGAR00002847151,EGAX00002472636,EGAS00001005340,ENA-CHECKLIST=ERC000026
CGPLLU609P,EGAN00003220563,SAMEA9240451,EGAR00002847152,EGAX00002472637,EGAS00001005340,ENA-CHECKLIST=ERC000026
CGPLLU610P,EGAN00003220552,SAMEA9240440,EGAR00002847153,EGAX00002472638,EGAS00001005340,ENA-CHECKLIST=ERC000026
CGPLLU611P,EGAN00003220398,SAMEA9240285,EGAR00002847154,EGAX00002472639,EGAS00001005340,ENA-CHECKLIST=ERC000026
CGPLLU612P,EGAN00003220399,SAMEA9240289,EGAR00002847155,EGAX00002472640,EGAS00001005340,ENA-CHECKLIST=ERC000026
CGPLLU613P,EGAN00003220831,SAMEA9240719,EGAR00002847156,EGAX00002472641,EGAS00001005340,ENA-CHECKLIST=ERC000026
CGPLLU614P,EGAN00003220541,SAMEA9240429,EGAR00002847157,EGAX00002472642,EGAS00001005340,ENA-CHECKLIST=ERC000026
CGPLLU615P,EGAN00003220528,SAMEA9240415,EGAR00002847158,EGAX00002472643,EGAS00001005340,ENA-CHECKLIST=ERC000026
CGPLLU616P,EGAN00003220397,SAMEA9240284,EGAR00002847159,EGAX00002472644,EGAS00001005340,ENA-CHECKLIST=ERC000026
CGPLLU617P,EGAN00003220455,SAMEA9240350,EGAR00002847160,EGAX00002472645,EGAS00001005340,ENA-CHECKLIST=ERC000026
CGPLLU618P,EGAN00003220493,SAMEA9240848,EGAR00002847161,EGAX00002472646,EGAS00001005340,ENA-CHECKLIST=ERC000026
CGPLLU619P,EGAN00003220444,SAMEA9240338,EGAR00002847162,EGAX00002472647,EGAS00001005340,ENA-CHECKLIST=ERC000026
CGPLLU620P,EGAN00003220447,SAMEA9240341,EGAR00002847163,EGAX00002472648,EGAS00001005340,ENA-CHECKLIST=ERC000026
CGPLLU621P,EGAN00003220559,SAMEA9240447,EGAR00002847164,EGAX00002472649,EGAS00001005340,ENA-CHECKLIST=ERC000026
CGPLLU622P,EGAN00003220894,SAMEA9240782,EGAR00002847165,EGAX00002472650,EGAS00001005340,ENA-CHECKLIST=ERC000026
CGPLLU623P,EGAN00003220546,SAMEA9240434,EGAR00002847166,EGAX00002472651,EGAS00001005340,ENA-CHECKLIST=ERC000026
CGPLLU624P,EGAN00003220324,SAMEA9240211,EGAR00002847167,EGAX00002472652,EGAS00001005340,ENA-CHECKLIST=ERC000026
CGPLLU625P,EGAN00003220386,SAMEA9240273,EGAR00002847168,EGAX00002472653,EGAS00001005340,ENA-CHECKLIST=ERC000026
CGPLLU626P,EGAN00003220381,SAMEA9240268,EGAR00002847169,EGAX00002472654,EGAS00001005340,ENA-CHECKLIST=ERC000026
CGPLLU627P,EGAN00003220383,SAMEA9240270,EGAR00002847170,EGAX00002472655,EGAS00001005340,ENA-CHECKLIST=ERC000026
CGPLLU628P,EGAN00003220464,SAMEA9240361,EGAR00002847171,EGAX00002472656,EGAS00001005340,ENA-CHECKLIST=ERC000026
CGPLLU629P,EGAN00003220819,SAMEA9240707,EGAR00002847172,EGAX00002472657,EGAS00001005340,ENA-CHECKLIST=ERC000026
CGPLLU630P,EGAN00003220781,SAMEA9240669,EGAR00002847173,EGAX00002472658,EGAS00001005340,ENA-CHECKLIST=ERC000026
CGPLLU631P,EGAN00003221128,SAMEA9241018,EGAR00002847174,EGAX00002472659,EGAS00001005340,ENA-CHECKLIST=ERC000026
CGPLLU632P,EGAN00003220646,SAMEA9240534,EGAR00002847175,EGAX00002472660,EGAS00001005340,ENA-CHECKLIST=ERC000026
CGPLLU633P,EGAN00003220783,SAMEA9240671,EGAR00002847176,EGAX00002472661,EGAS00001005340,ENA-CHECKLIST=ERC000026
CGPLLU634P,EGAN00003220309,SAMEA9240196,EGAR00002847177,EGAX00002472662,EGAS00001005340,ENA-CHECKLIST=ERC000026
CGPLLU635P,EGAN00003220630,SAMEA9240518,EGAR00002847178,EGAX00002472663,EGAS00001005340,ENA-CHECKLIST=ERC000026
CGPLLU636P,EGAN00003220804,SAMEA9240692,EGAR00002847183,EGAX00002472668,EGAS00001005340,ENA-CHECKLIST=ERC000026
CGPLLU637P,EGAN00003220806,SAMEA9240694,EGAR00002847184,EGAX00002472669,EGAS00001005340,ENA-CHECKLIST=ERC000026
CGPLLU638P,EGAN00003220808,SAMEA9240696,EGAR00002847185,EGAX00002472670,EGAS00001005340,ENA-CHECKLIST=ERC000026
CGPLLU639P,EGAN00003220809,SAMEA9240697,EGAR00002847186,EGAX00002472671,EGAS00001005340,ENA-CHECKLIST=ERC000026
CGPLLU63P,EGAN00003220772,SAMEA9240660,EGAR00002847187,EGAX00002472672,EGAS00001005340,ENA-CHECKLIST=ERC000026
CGPLLU64P,EGAN00003220776,SAMEA9240664,EGAR00002847188,EGAX00002472673,EGAS00001005340,ENA-CHECKLIST=ERC000026
CGPLLU6P,EGAN00003220953,SAMEA9240841,EGAR00002847189,EGAX00002472674,EGAS00001005340,ENA-CHECKLIST=ERC000026
