accession_id,run_file_type,extra_attributes,sample_accession_id,experiment_accession_id,submission_accession_id,created_at,edited_at
EGAR00002846314,bam,,EGAN00003221070,EGAX00002471799,EGA00002010749,2021-06-22 14:55:16+02,2021-10-07 16:23:40+02
EGAR00002846315,bam,,EGAN00003220777,EGAX00002471800,EGA00002010750,2021-06-22 14:55:20+02,2021-10-07 16:23:39+02
EGAR00002846316,bam,,EGAN00003220813,EGAX00002471801,EGA00002010751,2021-06-22 14:55:24+02,2021-10-07 16:23:39+02
EGAR00002846317,bam,,EGAN00003220790,EGAX00002471802,EGA00002010752,2021-06-22 14:55:28+02,2021-10-07 16:23:39+02
EGAR00002846318,bam,,EGAN00003220789,EGAX00002471803,EGA00002010753,2021-06-22 14:55:31+02,2021-10-07 16:23:40+02
EGAR00002846319,bam,,EGAN00003220788,EGAX00002471804,EGA00002010754,2021-06-22 14:55:35+02,2021-10-07 16:23:39+02
EGAR00002846320,bam,,EGAN00003220787,EGAX00002471805,EGA00002010755,2021-06-22 14:55:39+02,2021-10-07 16:23:40+02
EGAR00002846321,bam,,EGAN00003220795,EGAX00002471806,EGA00002010756,2021-06-22 14:55:43+02,2021-10-07 16:23:39+02
EGAR00002846322,bam,,EGAN00003220793,EGAX00002471807,EGA00002010757,2021-06-22 14:55:47+02,2021-10-07 16:23:40+02
EGAR00002846323,bam,,EGAN00003220965,EGAX00002471808,EGA00002010758,2021-06-22 14:55:51+02,2021-10-07 16:23:39+02
EGAR00002846324,bam,,EGAN00003220961,EGAX00002471809,EGA00002010759,2021-06-22 14:55:55+02,2021-10-07 16:23:40+02
EGAR00002846325,bam,,EGAN00003220960,EGAX00002471810,EGA00002010760,2021-06-22 14:55:58+02,2021-10-07 16:23:39+02
EGAR00002846326,bam,,EGAN00003220964,EGAX00002471811,EGA00002010761,2021-06-22 14:56:02+02,2021-10-07 16:23:40+02
EGAR00002846327,bam,,EGAN00003220963,EGAX00002471812,EGA00002010762,2021-06-22 14:56:06+02,2021-10-07 16:23:39+02
EGAR00002846328,bam,,EGAN00003220959,EGAX00002471813,EGA00002010763,2021-06-22 14:56:10+02,2021-10-07 16:23:40+02
EGAR00002846329,bam,,EGAN00003220958,EGAX00002471814,EGA00002010764,2021-06-22 14:56:14+02,2021-10-07 16:23:39+02
EGAR00002846330,bam,,EGAN00003221066,EGAX00002471815,EGA00002010765,2021-06-22 14:56:18+02,2021-10-07 16:23:40+02
EGAR00002846331,bam,,EGAN00003221062,EGAX00002471816,EGA00002010766,2021-06-22 14:56:21+02,2021-10-07 16:23:39+02
EGAR00002846332,bam,,EGAN00003221063,EGAX00002471817,EGA00002010767,2021-06-22 14:56:25+02,2021-10-07 16:23:40+02
EGAR00002846333,bam,,EGAN00003221074,EGAX00002471818,EGA00002010768,2021-06-22 14:56:29+02,2021-10-07 16:23:39+02
EGAR00002846334,bam,,EGAN00003221073,EGAX00002471819,EGA00002010769,2021-06-22 14:56:33+02,2021-10-07 16:23:40+02
EGAR00002846335,bam,,EGAN00003221068,EGAX00002471820,EGA00002010770,2021-06-22 14:56:37+02,2021-10-07 16:23:39+02
EGAR00002846336,bam,,EGAN00003221131,EGAX00002471821,EGA00002010771,2021-06-22 14:56:41+02,2021-10-07 16:23:40+02
EGAR00002846337,bam,,EGAN00003221130,EGAX00002471822,EGA00002010772,2021-06-22 14:56:45+02,2021-10-07 16:23:39+02
EGAR00002846338,bam,,EGAN00003221133,EGAX00002471823,EGA00002010773,2021-06-22 14:56:49+02,2021-10-07 16:23:40+02
EGAR00002846339,bam,,EGAN00003221132,EGAX00002471824,EGA00002010774,2021-06-22 14:56:52+02,2021-10-07 16:23:39+02
EGAR00002846340,bam,,EGAN00003220759,EGAX00002471825,EGA00002010775,2021-06-22 14:56:57+02,2021-10-07 16:23:40+02
EGAR00002846341,bam,,EGAN00003220758,EGAX00002471826,EGA00002010776,2021-06-22 14:57:00+02,2021-10-07 16:23:39+02
EGAR00002846342,bam,,EGAN00003220424,EGAX00002471827,EGA00002010777,2021-06-22 14:57:04+02,2021-10-07 16:23:40+02
EGAR00002846343,bam,,EGAN00003220423,EGAX00002471828,EGA00002010778,2021-06-22 14:57:08+02,2021-10-07 16:23:39+02
EGAR00002846344,bam,,EGAN00003220762,EGAX00002471829,EGA00002010779,2021-06-22 14:57:12+02,2021-10-07 16:23:40+02
EGAR00002846345,bam,,EGAN00003220760,EGAX00002471830,EGA00002010780,2021-06-22 14:57:16+02,2021-10-07 16:23:39+02
EGAR00002846346,bam,,EGAN00003221124,EGAX00002471831,EGA00002010781,2021-06-22 14:57:20+02,2021-10-07 16:23:39+02
EGAR00002846347,bam,,EGAN00003221123,EGAX00002471832,EGA00002010782,2021-06-22 14:57:23+02,2021-10-07 16:23:39+02
EGAR00002846348,bam,,EGAN00003221117,EGAX00002471833,EGA00002010783,2021-06-22 14:57:27+02,2021-10-07 16:23:40+02
EGAR00002846349,bam,,EGAN00003220434,EGAX00002471834,EGA00002010784,2021-06-22 14:57:31+02,2021-10-07 16:23:39+02
EGAR00002846350,bam,,EGAN00003220433,EGAX00002471835,EGA00002010785,2021-06-22 14:57:35+02,2021-10-07 16:23:40+02
EGAR00002846351,bam,,EGAN00003220436,EGAX00002471836,EGA00002010786,2021-06-22 14:57:38+02,2021-10-07 16:23:39+02
EGAR00002846352,bam,,EGAN00003220419,EGAX00002471837,EGA00002010787,2021-06-22 14:57:42+02,2021-10-07 16:23:40+02
EGAR00002846353,bam,,EGAN00003220422,EGAX00002471838,EGA00002010788,2021-06-22 14:57:46+02,2021-10-07 16:23:39+02
EGAR00002846354,bam,,EGAN00003220421,EGAX00002471839,EGA00002010789,2021-06-22 14:57:50+02,2021-10-07 16:23:40+02
EGAR00002846355,bam,,EGAN00003221096,EGAX00002471840,EGA00002010790,2021-06-22 14:57:54+02,2021-10-07 16:23:39+02
EGAR00002846356,bam,,EGAN00003221095,EGAX00002471841,EGA00002010791,2021-06-22 14:57:57+02,2021-10-07 16:23:40+02
EGAR00002846357,bam,,EGAN00003221094,EGAX00002471842,EGA00002010792,2021-06-22 14:58:01+02,2021-10-07 16:23:40+02
EGAR00002846358,bam,,EGAN00003221093,EGAX00002471843,EGA00002010793,2021-06-22 14:58:05+02,2021-10-07 16:23:40+02
EGAR00002846359,bam,,EGAN00003221105,EGAX00002471844,EGA00002010794,2021-06-22 14:58:09+02,2021-10-07 16:23:39+02
EGAR00002846360,bam,,EGAN00003221103,EGAX00002471845,EGA00002010795,2021-06-22 14:58:13+02,2021-10-07 16:23:40+02
EGAR00002846361,bam,,EGAN00003221101,EGAX00002471846,EGA00002010796,2021-06-22 14:58:17+02,2021-10-07 16:23:39+02
EGAR00002846362,bam,,EGAN00003220957,EGAX00002471847,EGA00002010797,2021-06-22 14:58:20+02,2021-10-07 16:23:40+02
EGAR00002846363,bam,,EGAN00003220956,EGAX00002471848,EGA00002010798,2021-06-22 14:58:24+02,2021-10-07 16:23:39+02
EGAR00002846364,bam,,EGAN00003220450,EGAX00002471849,EGA00002010799,2021-06-22 14:58:28+02,2021-10-07 16:23:40+02
EGAR00002846365,bam,,EGAN00003220407,EGAX00002471850,EGA00002010800,2021-06-22 14:58:32+02,2021-10-07 16:23:39+02
EGAR00002846366,bam,,EGAN00003220406,EGAX00002471851,EGA00002010801,2021-06-22 14:58:36+02,2021-10-07 16:23:40+02
EGAR00002846367,bam,,EGAN00003220408,EGAX00002471852,EGA00002010802,2021-06-22 14:58:40+02,2021-10-07 16:23:39+02
EGAR00002846368,bam,,EGAN00003220390,EGAX00002471853,EGA00002010803,2021-06-22 14:58:43+02,2021-10-07 16:23:40+02
EGAR00002846369,bam,,EGAN00003220994,EGAX00002471854,EGA00002010804,2021-06-22 14:58:47+02,2021-10-07 16:23:39+02
EGAR00002846370,bam,,EGAN00003220991,EGAX00002471855,EGA00002010805,2021-06-22 14:58:51+02,2021-10-07 16:23:40+02
EGAR00002846371,bam,,EGAN00003221022,EGAX00002471856,EGA00002010806,2021-06-22 14:58:55+02,2021-10-07 16:23:39+02
EGAR00002846372,bam,,EGAN00003221135,EGAX00002471857,EGA00002010807,2021-06-22 14:58:58+02,2021-10-07 16:23:40+02
EGAR00002846373,bam,,EGAN00003221134,EGAX00002471858,EGA00002010808,2021-06-22 14:59:02+02,2021-10-07 16:23:39+02
EGAR00002846374,bam,,EGAN00003220644,EGAX00002471859,EGA00002010809,2021-06-22 14:59:06+02,2021-10-07 16:23:40+02
EGAR00002846375,bam,,EGAN00003220638,EGAX00002471860,EGA00002010810,2021-06-22 14:59:10+02,2021-10-07 16:23:40+02
EGAR00002846376,bam,,EGAN00003220412,EGAX00002471861,EGA00002010811,2021-06-22 14:59:13+02,2021-10-07 16:23:40+02
EGAR00002846377,bam,,EGAN00003220411,EGAX00002471862,EGA00002010812,2021-06-22 14:59:17+02,2021-10-07 16:23:39+02
EGAR00002846378,bam,,EGAN00003220376,EGAX00002471863,EGA00002010813,2021-06-22 14:59:21+02,2021-10-07 16:23:39+02
EGAR00002846379,bam,,EGAN00003220363,EGAX00002471864,EGA00002010814,2021-06-22 14:59:25+02,2021-10-07 16:23:39+02
EGAR00002846380,bam,,EGAN00003220642,EGAX00002471865,EGA00002010815,2021-06-22 14:59:29+02,2021-10-07 16:23:39+02
EGAR00002846381,bam,,EGAN00003220712,EGAX00002471866,EGA00002010816,2021-06-22 14:59:32+02,2021-10-07 16:23:39+02
EGAR00002846382,bam,,EGAN00003220625,EGAX00002471867,EGA00002010817,2021-06-22 14:59:36+02,2021-10-07 16:23:39+02
EGAR00002846383,bam,,EGAN00003220640,EGAX00002471868,EGA00002010818,2021-06-22 14:59:40+02,2021-10-07 16:23:39+02
EGAR00002846384,bam,,EGAN00003220636,EGAX00002471869,EGA00002010819,2021-06-22 14:59:44+02,2021-10-07 16:23:39+02
EGAR00002846385,bam,,EGAN00003220634,EGAX00002471870,EGA00002010820,2021-06-22 14:59:47+02,2021-10-07 16:23:39+02
EGAR00002846386,bam,,EGAN00003220364,EGAX00002471871,EGA00002010821,2021-06-22 14:59:51+02,2021-10-07 16:23:39+02
EGAR00002846387,bam,,EGAN00003220366,EGAX00002471872,EGA00002010822,2021-06-22 14:59:55+02,2021-10-07 16:23:39+02
EGAR00002846388,bam,,EGAN00003220365,EGAX00002471873,EGA00002010823,2021-06-22 14:59:59+02,2021-10-07 16:23:39+02
EGAR00002846389,bam,,EGAN00003220717,EGAX00002471874,EGA00002010824,2021-06-22 15:00:02+02,2021-10-07 16:23:39+02
EGAR00002846390,bam,,EGAN00003220715,EGAX00002471875,EGA00002010825,2021-06-22 15:00:06+02,2021-10-07 16:23:39+02
EGAR00002846391,bam,,EGAN00003220721,EGAX00002471876,EGA00002010826,2021-06-22 15:00:10+02,2021-10-07 16:23:39+02
EGAR00002846392,bam,,EGAN00003220719,EGAX00002471877,EGA00002010827,2021-06-22 15:00:14+02,2021-10-07 16:23:39+02
EGAR00002846393,bam,,EGAN00003220725,EGAX00002471878,EGA00002010828,2021-06-22 15:00:17+02,2021-10-07 16:23:39+02
EGAR00002846394,bam,,EGAN00003220723,EGAX00002471879,EGA00002010829,2021-06-22 15:00:21+02,2021-10-07 16:23:39+02
EGAR00002846395,bam,,EGAN00003220728,EGAX00002471880,EGA00002010830,2021-06-22 15:00:25+02,2021-10-07 16:23:39+02
EGAR00002846396,bam,,EGAN00003220727,EGAX00002471881,EGA00002010831,2021-06-22 15:00:29+02,2021-10-07 16:23:39+02
EGAR00002846397,bam,,EGAN00003220649,EGAX00002471882,EGA00002010832,2021-06-22 15:00:33+02,2021-10-07 16:23:39+02
EGAR00002846398,bam,,EGAN00003220651,EGAX00002471883,EGA00002010833,2021-06-22 15:00:37+02,2021-10-07 16:23:39+02
EGAR00002846399,bam,,EGAN00003220650,EGAX00002471884,EGA00002010834,2021-06-22 15:00:40+02,2021-10-07 16:23:39+02
EGAR00002846400,bam,,EGAN00003220653,EGAX00002471885,EGA00002010835,2021-06-22 15:00:44+02,2021-10-07 16:23:39+02
EGAR00002846401,bam,,EGAN00003220652,EGAX00002471886,EGA00002010836,2021-06-22 15:00:48+02,2021-10-07 16:23:39+02
EGAR00002846402,bam,,EGAN00003220654,EGAX00002471887,EGA00002010837,2021-06-22 15:00:52+02,2021-10-07 16:23:39+02
EGAR00002846403,bam,,EGAN00003220655,EGAX00002471888,EGA00002010838,2021-06-22 15:00:56+02,2021-10-07 16:23:39+02
EGAR00002846404,bam,,EGAN00003220657,EGAX00002471889,EGA00002010839,2021-06-22 15:01:00+02,2021-10-07 16:23:39+02
EGAR00002846405,bam,,EGAN00003220656,EGAX00002471890,EGA00002010840,2021-06-22 15:01:04+02,2021-10-07 16:23:39+02
EGAR00002846406,bam,,EGAN00003220659,EGAX00002471891,EGA00002010841,2021-06-22 15:01:08+02,2021-10-07 16:23:39+02
EGAR00002846407,bam,,EGAN00003220658,EGAX00002471892,EGA00002010842,2021-06-22 15:01:12+02,2021-10-07 16:23:39+02
EGAR00002846408,bam,,EGAN00003220662,EGAX00002471893,EGA00002010843,2021-06-22 15:01:15+02,2021-10-07 16:23:39+02
EGAR00002846409,bam,,EGAN00003220660,EGAX00002471894,EGA00002010844,2021-06-22 15:01:19+02,2021-10-07 16:23:39+02
EGAR00002846410,bam,,EGAN00003220502,EGAX00002471895,EGA00002010845,2021-06-22 15:01:23+02,2021-10-07 16:23:39+02
EGAR00002846411,bam,,EGAN00003220504,EGAX00002471896,EGA00002010846,2021-06-22 15:01:27+02,2021-10-07 16:23:39+02
EGAR00002846412,bam,,EGAN00003220503,EGAX00002471897,EGA00002010847,2021-06-22 15:01:30+02,2021-10-07 16:23:39+02
EGAR00002846413,bam,,EGAN00003220513,EGAX00002471898,EGA00002010848,2021-06-22 15:01:34+02,2021-10-07 16:23:39+02
EGAR00002846414,bam,,EGAN00003220512,EGAX00002471899,EGA00002010849,2021-06-22 15:01:38+02,2021-10-07 16:23:39+02
EGAR00002846415,bam,,EGAN00003221021,EGAX00002471900,EGA00002010850,2021-06-22 15:01:42+02,2021-10-07 16:23:39+02
EGAR00002846416,bam,,EGAN00003221137,EGAX00002471901,EGA00002010851,2021-06-22 15:01:46+02,2021-10-07 16:23:39+02
EGAR00002846417,bam,,EGAN00003220511,EGAX00002471902,EGA00002010852,2021-06-22 15:01:50+02,2021-10-07 16:23:39+02
EGAR00002846418,bam,,EGAN00003220507,EGAX00002471903,EGA00002010853,2021-06-22 15:01:54+02,2021-10-07 16:23:39+02
EGAR00002846419,bam,,EGAN00003220506,EGAX00002471904,EGA00002010854,2021-06-22 15:01:57+02,2021-10-07 16:23:39+02
EGAR00002846420,bam,,EGAN00003220505,EGAX00002471905,EGA00002010855,2021-06-22 15:02:01+02,2021-10-07 16:23:39+02
EGAR00002846421,bam,,EGAN00003220519,EGAX00002471906,EGA00002010856,2021-06-22 15:02:05+02,2021-10-07 16:23:39+02
EGAR00002846422,bam,,EGAN00003220523,EGAX00002471907,EGA00002010857,2021-06-22 15:02:09+02,2021-10-07 16:23:39+02
EGAR00002846423,bam,,EGAN00003220522,EGAX00002471908,EGA00002010858,2021-06-22 15:02:13+02,2021-10-07 16:23:39+02
EGAR00002846424,bam,,EGAN00003220409,EGAX00002471909,EGA00002010859,2021-06-22 15:02:17+02,2021-10-07 16:23:39+02
EGAR00002846425,bam,,EGAN00003220521,EGAX00002471910,EGA00002010860,2021-06-22 15:02:21+02,2021-10-07 16:23:39+02
EGAR00002846426,bam,,EGAN00003220520,EGAX00002471911,EGA00002010861,2021-06-22 15:02:25+02,2021-10-07 16:23:39+02
EGAR00002846427,bam,,EGAN00003220517,EGAX00002471912,EGA00002010862,2021-06-22 15:02:29+02,2021-10-07 16:23:39+02
EGAR00002846428,bam,,EGAN00003220516,EGAX00002471913,EGA00002010863,2021-06-22 15:02:33+02,2021-10-07 16:23:39+02
EGAR00002846429,bam,,EGAN00003220515,EGAX00002471914,EGA00002010864,2021-06-22 15:02:36+02,2021-10-07 16:23:39+02
EGAR00002846430,bam,,EGAN00003220514,EGAX00002471915,EGA00002010865,2021-06-22 15:02:40+02,2021-10-07 16:23:39+02
EGAR00002846431,bam,,EGAN00003220518,EGAX00002471916,EGA00002010866,2021-06-22 15:02:44+02,2021-10-07 16:23:39+02
EGAR00002846432,bam,,EGAN00003220537,EGAX00002471917,EGA00002010867,2021-06-22 15:02:48+02,2021-10-07 16:23:39+02
EGAR00002846433,bam,,EGAN00003220536,EGAX00002471918,EGA00002010868,2021-06-22 15:02:51+02,2021-10-07 16:23:39+02
EGAR00002846434,bam,,EGAN00003220354,EGAX00002471919,EGA00002010869,2021-06-22 15:02:55+02,2021-10-07 16:23:39+02
EGAR00002846435,bam,,EGAN00003220360,EGAX00002471920,EGA00002010870,2021-06-22 15:02:59+02,2021-10-07 16:23:39+02
EGAR00002846436,bam,,EGAN00003220358,EGAX00002471921,EGA00002010871,2021-06-22 15:03:03+02,2021-10-07 16:23:39+02
EGAR00002846437,bam,,EGAN00003220362,EGAX00002471922,EGA00002010872,2021-06-22 15:03:07+02,2021-10-07 16:23:39+02
EGAR00002846438,bam,,EGAN00003220889,EGAX00002471923,EGA00002010873,2021-06-22 15:03:11+02,2021-10-07 16:23:39+02
EGAR00002846439,bam,,EGAN00003220888,EGAX00002471924,EGA00002010874,2021-06-22 15:03:15+02,2021-10-07 16:23:38+02
EGAR00002846440,bam,,EGAN00003220891,EGAX00002471925,EGA00002010875,2021-06-22 15:03:19+02,2021-10-07 16:23:39+02
EGAR00002846441,bam,,EGAN00003220595,EGAX00002471926,EGA00002010876,2021-06-22 15:03:23+02,2021-10-07 16:23:39+02
EGAR00002846442,bam,,EGAN00003220593,EGAX00002471927,EGA00002010877,2021-06-22 15:03:27+02,2021-10-07 16:23:39+02
EGAR00002846443,bam,,EGAN00003220592,EGAX00002471928,EGA00002010878,2021-06-22 15:03:31+02,2021-10-07 16:23:39+02
EGAR00002846444,bam,,EGAN00003220601,EGAX00002471929,EGA00002010879,2021-06-22 15:03:35+02,2021-10-07 16:23:39+02
EGAR00002846445,bam,,EGAN00003220600,EGAX00002471930,EGA00002010880,2021-06-22 15:03:39+02,2021-10-07 16:23:39+02
EGAR00002846446,bam,,EGAN00003220599,EGAX00002471931,EGA00002010881,2021-06-22 15:03:43+02,2021-10-07 16:23:39+02
EGAR00002846447,bam,,EGAN00003220598,EGAX00002471932,EGA00002010882,2021-06-22 15:03:46+02,2021-10-07 16:23:39+02
EGAR00002846448,bam,,EGAN00003220597,EGAX00002471933,EGA00002010883,2021-06-22 15:03:50+02,2021-10-07 16:23:39+02
EGAR00002846449,bam,,EGAN00003220581,EGAX00002471934,EGA00002010884,2021-06-22 15:03:54+02,2021-10-07 16:23:39+02
EGAR00002846450,bam,,EGAN00003220580,EGAX00002471935,EGA00002010885,2021-06-22 15:03:58+02,2021-10-07 16:23:39+02
EGAR00002846451,bam,,EGAN00003220579,EGAX00002471936,EGA00002010886,2021-06-22 15:04:02+02,2021-10-07 16:23:39+02
EGAR00002846452,bam,,EGAN00003220578,EGAX00002471937,EGA00002010887,2021-06-22 15:04:06+02,2021-10-07 16:23:39+02
EGAR00002846453,bam,,EGAN00003220577,EGAX00002471938,EGA00002010888,2021-06-22 15:04:10+02,2021-10-07 16:23:39+02
EGAR00002846454,bam,,EGAN00003220564,EGAX00002471939,EGA00002010889,2021-06-22 15:04:14+02,2021-10-07 16:23:39+02
EGAR00002846455,bam,,EGAN00003220980,EGAX00002471940,EGA00002010890,2021-06-22 15:04:18+02,2021-10-07 16:23:39+02
EGAR00002846456,bam,,EGAN00003220562,EGAX00002471941,EGA00002010891,2021-06-22 15:04:22+02,2021-10-07 16:23:39+02
EGAR00002846457,bam,,EGAN00003220561,EGAX00002471942,EGA00002010892,2021-06-22 15:04:26+02,2021-10-07 16:23:39+02
EGAR00002846458,bam,,EGAN00003220560,EGAX00002471943,EGA00002010893,2021-06-22 15:04:30+02,2021-10-07 16:23:39+02
EGAR00002846459,bam,,EGAN00003220979,EGAX00002471944,EGA00002010894,2021-06-22 15:04:34+02,2021-10-07 16:23:39+02
EGAR00002846460,bam,,EGAN00003221164,EGAX00002471945,EGA00002010895,2021-06-22 15:04:38+02,2021-10-07 16:23:39+02
EGAR00002846461,bam,,EGAN00003221168,EGAX00002471946,EGA00002010896,2021-06-22 15:04:42+02,2021-10-07 16:23:39+02
EGAR00002846462,bam,,EGAN00003221169,EGAX00002471947,EGA00002010897,2021-06-22 15:04:46+02,2021-10-07 16:23:39+02
EGAR00002846463,bam,,EGAN00003221166,EGAX00002471948,EGA00002010898,2021-06-22 15:04:51+02,2021-10-07 16:23:38+02
EGAR00002846464,bam,,EGAN00003221167,EGAX00002471949,EGA00002010899,2021-06-22 15:04:54+02,2021-10-07 16:23:39+02
EGAR00002846465,bam,,EGAN00003220978,EGAX00002471950,EGA00002010900,2021-06-22 15:04:58+02,2021-10-07 16:23:39+02
EGAR00002846466,bam,,EGAN00003221160,EGAX00002471951,EGA00002010901,2021-06-22 15:05:02+02,2021-10-07 16:23:39+02
EGAR00002846467,bam,,EGAN00003221011,EGAX00002471952,EGA00002010902,2021-06-22 15:05:06+02,2021-10-07 16:23:38+02
EGAR00002846468,bam,,EGAN00003221047,EGAX00002471953,EGA00002010903,2021-06-22 15:05:10+02,2021-10-07 16:23:38+02
EGAR00002846469,bam,,EGAN00003220842,EGAX00002471954,EGA00002010904,2021-06-22 15:05:13+02,2021-10-07 16:23:38+02
EGAR00002846470,bam,,EGAN00003221136,EGAX00002471955,EGA00002010905,2021-06-22 15:05:17+02,2021-10-07 16:23:39+02
EGAR00002846471,bam,,EGAN00003220841,EGAX00002471956,EGA00002010906,2021-06-22 15:05:21+02,2021-10-07 16:23:38+02
EGAR00002846472,bam,,EGAN00003220837,EGAX00002471957,EGA00002010907,2021-06-22 15:05:25+02,2021-10-07 16:23:39+02
EGAR00002846473,bam,,EGAN00003220836,EGAX00002471958,EGA00002010908,2021-06-22 15:05:29+02,2021-10-07 16:23:39+02
EGAR00002846474,bam,,EGAN00003220839,EGAX00002471959,EGA00002010909,2021-06-22 15:05:34+02,2021-10-07 16:23:38+02
EGAR00002846475,bam,,EGAN00003220838,EGAX00002471960,EGA00002010910,2021-06-22 15:05:38+02,2021-10-07 16:23:39+02
EGAR00002846476,bam,,EGAN00003220834,EGAX00002471961,EGA00002010911,2021-06-22 15:05:42+02,2021-10-07 16:23:39+02
EGAR00002846477,bam,,EGAN00003220833,EGAX00002471962,EGA00002010912,2021-06-22 15:05:45+02,2021-10-07 16:23:39+02
EGAR00002846478,bam,,EGAN00003220835,EGAX00002471963,EGA00002010913,2021-06-22 15:05:49+02,2021-10-07 16:23:38+02
EGAR00002846479,bam,,EGAN00003220869,EGAX00002471964,EGA00002010914,2021-06-22 15:05:53+02,2021-10-07 16:23:39+02
EGAR00002846480,bam,,EGAN00003220867,EGAX00002471965,EGA00002010915,2021-06-22 15:05:57+02,2021-10-07 16:23:39+02
EGAR00002846481,bam,,EGAN00003220856,EGAX00002471966,EGA00002010916,2021-06-22 15:06:01+02,2021-10-07 16:23:39+02
EGAR00002846482,bam,,EGAN00003220853,EGAX00002471967,EGA00002010917,2021-06-22 15:06:04+02,2021-10-07 16:23:39+02
EGAR00002846483,bam,,EGAN00003220862,EGAX00002471968,EGA00002010918,2021-06-22 15:06:08+02,2021-10-07 16:23:39+02
EGAR00002846484,bam,,EGAN00003220378,EGAX00002471969,EGA00002010919,2021-06-22 15:06:12+02,2021-10-07 16:23:39+02
EGAR00002846485,bam,,EGAN00003220859,EGAX00002471970,EGA00002010920,2021-06-22 15:06:16+02,2021-10-07 16:23:40+02
EGAR00002846486,bam,,EGAN00003220377,EGAX00002471971,EGA00002010921,2021-06-22 15:06:20+02,2021-10-07 16:23:40+02
EGAR00002846487,bam,,EGAN00003220850,EGAX00002471972,EGA00002010922,2021-06-22 15:06:24+02,2021-10-07 16:23:39+02
EGAR00002846488,bam,,EGAN00003220849,EGAX00002471973,EGA00002010923,2021-06-22 15:06:28+02,2021-10-07 16:23:39+02
EGAR00002846489,bam,,EGAN00003220746,EGAX00002471974,EGA00002010924,2021-06-22 15:06:32+02,2021-10-07 16:23:40+02
EGAR00002846490,bam,,EGAN00003220744,EGAX00002471975,EGA00002010925,2021-06-22 15:06:36+02,2021-10-07 16:23:39+02
EGAR00002846491,bam,,EGAN00003220743,EGAX00002471976,EGA00002010926,2021-06-22 15:06:40+02,2021-10-07 16:23:40+02
EGAR00002846492,bam,,EGAN00003220742,EGAX00002471977,EGA00002010927,2021-06-22 15:06:44+02,2021-10-07 16:23:39+02
EGAR00002846493,bam,,EGAN00003220936,EGAX00002471978,EGA00002010928,2021-06-22 15:06:47+02,2021-10-07 16:23:39+02
EGAR00002846494,bam,,EGAN00003220609,EGAX00002471979,EGA00002010929,2021-06-22 15:06:51+02,2021-10-07 16:23:39+02
EGAR00002846495,bam,,EGAN00003220482,EGAX00002471980,EGA00002010930,2021-06-22 15:06:55+02,2021-10-07 16:23:39+02
EGAR00002846496,bam,,EGAN00003220480,EGAX00002471981,EGA00002010931,2021-06-22 15:06:59+02,2021-10-07 16:23:39+02
EGAR00002846497,bam,,EGAN00003220487,EGAX00002471982,EGA00002010932,2021-06-22 15:07:03+02,2021-10-07 16:23:39+02
EGAR00002846498,bam,,EGAN00003220845,EGAX00002471983,EGA00002010933,2021-06-22 15:07:06+02,2021-10-07 16:23:39+02
EGAR00002846499,bam,,EGAN00003220844,EGAX00002471984,EGA00002010934,2021-06-22 15:07:10+02,2021-10-07 16:23:39+02
EGAR00002846500,bam,,EGAN00003220916,EGAX00002471985,EGA00002010935,2021-06-22 15:07:14+02,2021-10-07 16:23:39+02
EGAR00002846501,bam,,EGAN00003220915,EGAX00002471986,EGA00002010936,2021-06-22 15:07:18+02,2021-10-07 16:23:40+02
EGAR00002846502,bam,,EGAN00003220935,EGAX00002471987,EGA00002010937,2021-06-22 15:07:22+02,2021-10-07 16:23:39+02
EGAR00002846503,bam,,EGAN00003220944,EGAX00002471988,EGA00002010938,2021-06-22 15:07:26+02,2021-10-07 16:23:40+02
EGAR00002846504,bam,,EGAN00003220945,EGAX00002471989,EGA00002010939,2021-06-22 15:07:30+02,2021-10-07 16:23:40+02
EGAR00002846505,bam,,EGAN00003220942,EGAX00002471990,EGA00002010940,2021-06-22 15:07:34+02,2021-10-07 16:23:40+02
EGAR00002846506,bam,,EGAN00003220485,EGAX00002471991,EGA00002010941,2021-06-22 15:07:38+02,2021-10-07 16:23:39+02
EGAR00002846507,bam,,EGAN00003220488,EGAX00002471992,EGA00002010942,2021-06-22 15:07:42+02,2021-10-07 16:23:40+02
EGAR00002846508,bam,,EGAN00003220481,EGAX00002471993,EGA00002010943,2021-06-22 15:07:45+02,2021-10-07 16:23:39+02
EGAR00002846509,bam,,EGAN00003220818,EGAX00002471994,EGA00002010944,2021-06-22 15:07:49+02,2021-10-07 16:23:40+02
EGAR00002846510,bam,,EGAN00003220817,EGAX00002471995,EGA00002010945,2021-06-22 15:07:53+02,2021-10-07 16:23:40+02
EGAR00002846511,bam,,EGAN00003220816,EGAX00002471996,EGA00002010946,2021-06-22 15:07:57+02,2021-10-07 16:23:40+02
EGAR00002846512,bam,,EGAN00003220799,EGAX00002471997,EGA00002010947,2021-06-22 15:08:01+02,2021-10-07 16:23:39+02
EGAR00002846513,bam,,EGAN00003220798,EGAX00002471998,EGA00002010948,2021-06-22 15:08:04+02,2021-10-07 16:23:39+02
EGAR00002846514,bam,,EGAN00003220797,EGAX00002471999,EGA00002010949,2021-06-22 15:08:08+02,2021-10-07 16:23:38+02
EGAR00002846515,bam,,EGAN00003220796,EGAX00002472000,EGA00002010950,2021-06-22 15:08:12+02,2021-10-07 16:23:39+02
EGAR00002846516,bam,,EGAN00003221085,EGAX00002472001,EGA00002010951,2021-06-22 15:08:16+02,2021-10-07 16:23:38+02
EGAR00002846517,bam,,EGAN00003221097,EGAX00002472002,EGA00002010952,2021-06-22 15:08:20+02,2021-10-07 16:23:39+02
EGAR00002846518,bam,,EGAN00003221110,EGAX00002472003,EGA00002010953,2021-06-22 15:08:24+02,2021-10-07 16:23:38+02
EGAR00002846519,bam,,EGAN00003221112,EGAX00002472004,EGA00002010954,2021-06-22 15:08:27+02,2021-10-07 16:23:38+02
EGAR00002846520,bam,,EGAN00003221111,EGAX00002472005,EGA00002010955,2021-06-22 15:08:31+02,2021-10-07 16:23:39+02
EGAR00002846521,bam,,EGAN00003221114,EGAX00002472006,EGA00002010956,2021-06-22 15:08:35+02,2021-10-07 16:23:39+02
EGAR00002846522,bam,,EGAN00003220569,EGAX00002472007,EGA00002010957,2021-06-22 15:08:39+02,2021-10-07 16:23:40+02
EGAR00002846523,bam,,EGAN00003220904,EGAX00002472008,EGA00002010958,2021-06-22 15:08:43+02,2021-10-07 16:23:40+02
EGAR00002846524,bam,,EGAN00003220902,EGAX00002472009,EGA00002010959,2021-06-22 15:08:47+02,2021-10-07 16:23:40+02
EGAR00002846525,bam,,EGAN00003220900,EGAX00002472010,EGA00002010960,2021-06-22 15:08:51+02,2021-10-07 16:23:40+02
EGAR00002846526,bam,,EGAN00003220371,EGAX00002472011,EGA00002010961,2021-06-22 15:08:55+02,2021-10-07 16:23:40+02
EGAR00002846527,bam,,EGAN00003220373,EGAX00002472012,EGA00002010962,2021-06-22 15:08:58+02,2021-10-07 16:23:40+02
EGAR00002846528,bam,,EGAN00003220375,EGAX00002472013,EGA00002010963,2021-06-22 15:09:02+02,2021-10-07 16:23:40+02
EGAR00002846529,bam,,EGAN00003220901,EGAX00002472014,EGA00002010964,2021-06-22 15:09:06+02,2021-10-07 16:23:39+02
EGAR00002846530,bam,,EGAN00003220903,EGAX00002472015,EGA00002010965,2021-06-22 15:09:10+02,2021-10-07 16:23:40+02
EGAR00002846531,bam,,EGAN00003220684,EGAX00002472016,EGA00002010966,2021-06-22 15:09:14+02,2021-10-07 16:23:39+02
EGAR00002846532,bam,,EGAN00003220682,EGAX00002472017,EGA00002010967,2021-06-22 15:09:18+02,2021-10-07 16:23:38+02
EGAR00002846533,bam,,EGAN00003220680,EGAX00002472018,EGA00002010968,2021-06-22 15:09:22+02,2021-10-07 16:23:38+02
EGAR00002846534,bam,,EGAN00003220677,EGAX00002472019,EGA00002010969,2021-06-22 15:09:26+02,2021-10-07 16:23:39+02
EGAR00002846535,bam,,EGAN00003220674,EGAX00002472020,EGA00002010970,2021-06-22 15:09:29+02,2021-10-07 16:23:38+02
EGAR00002846536,bam,,EGAN00003220474,EGAX00002472021,EGA00002010971,2021-06-22 15:09:33+02,2021-10-07 16:23:40+02
EGAR00002846537,bam,,EGAN00003220473,EGAX00002472022,EGA00002010972,2021-06-22 15:09:37+02,2021-10-07 16:23:38+02
EGAR00002846538,bam,,EGAN00003220477,EGAX00002472023,EGA00002010973,2021-06-22 15:09:41+02,2021-10-07 16:23:38+02
EGAR00002846539,bam,,EGAN00003220943,EGAX00002472024,EGA00002010974,2021-06-22 15:09:45+02,2021-10-07 16:23:38+02
EGAR00002846540,bam,,EGAN00003220941,EGAX00002472025,EGA00002010975,2021-06-22 15:09:49+02,2021-10-07 16:23:38+02
EGAR00002846541,bam,,EGAN00003220703,EGAX00002472026,EGA00002010976,2021-06-22 15:09:53+02,2021-10-07 16:23:38+02
EGAR00002846542,bam,,EGAN00003220498,EGAX00002472027,EGA00002010977,2021-06-22 15:09:56+02,2021-10-07 16:23:38+02
EGAR00002846543,bam,,EGAN00003220497,EGAX00002472028,EGA00002010978,2021-06-22 15:10:00+02,2021-10-07 16:23:38+02
EGAR00002846544,bam,,EGAN00003220501,EGAX00002472029,EGA00002010979,2021-06-22 15:10:04+02,2021-10-07 16:23:38+02
EGAR00002846545,bam,,EGAN00003220606,EGAX00002472030,EGA00002010980,2021-06-22 15:10:08+02,2021-10-07 16:23:39+02
EGAR00002846546,bam,,EGAN00003220603,EGAX00002472031,EGA00002010981,2021-06-22 15:10:12+02,2021-10-07 16:23:38+02
EGAR00002846547,bam,,EGAN00003220604,EGAX00002472032,EGA00002010982,2021-06-22 15:10:16+02,2021-10-07 16:23:41+02
EGAR00002846548,bam,,EGAN00003220608,EGAX00002472033,EGA00002010983,2021-06-22 15:10:20+02,2021-10-07 16:23:38+02
EGAR00002846549,bam,,EGAN00003220611,EGAX00002472034,EGA00002010984,2021-06-22 15:10:24+02,2021-10-07 16:23:41+02
EGAR00002846550,bam,,EGAN00003220618,EGAX00002472035,EGA00002010985,2021-06-22 15:10:28+02,2021-10-07 16:23:38+02
EGAR00002846551,bam,,EGAN00003220675,EGAX00002472036,EGA00002010986,2021-06-22 15:10:32+02,2021-10-07 16:23:41+02
EGAR00002846552,bam,,EGAN00003220678,EGAX00002472037,EGA00002010987,2021-06-22 15:10:35+02,2021-10-07 16:23:39+02
EGAR00002846553,bam,,EGAN00003220688,EGAX00002472038,EGA00002010988,2021-06-22 15:10:39+02,2021-10-07 16:23:40+02
EGAR00002846554,bam,,EGAN00003220689,EGAX00002472039,EGA00002010989,2021-06-22 15:10:43+02,2021-10-07 16:23:39+02
EGAR00002846555,bam,,EGAN00003220701,EGAX00002472040,EGA00002010990,2021-06-22 15:10:46+02,2021-10-07 16:23:39+02
EGAR00002846556,bam,,EGAN00003220704,EGAX00002472041,EGA00002010991,2021-06-22 15:10:50+02,2021-10-07 16:23:39+02
EGAR00002846557,bam,,EGAN00003220345,EGAX00002472042,EGA00002010992,2021-06-22 15:10:54+02,2021-10-07 16:23:39+02
EGAR00002846558,bam,,EGAN00003220346,EGAX00002472043,EGA00002010993,2021-06-22 15:10:58+02,2021-10-07 16:23:39+02
EGAR00002846559,bam,,EGAN00003220347,EGAX00002472044,EGA00002010994,2021-06-22 15:11:02+02,2021-10-07 16:23:39+02
EGAR00002846560,bam,,EGAN00003220351,EGAX00002472045,EGA00002010995,2021-06-22 15:11:06+02,2021-10-07 16:23:39+02
EGAR00002846561,bam,,EGAN00003220359,EGAX00002472046,EGA00002010996,2021-06-22 15:11:09+02,2021-10-07 16:23:39+02
EGAR00002846562,bam,,EGAN00003220361,EGAX00002472047,EGA00002010997,2021-06-22 15:11:13+02,2021-10-07 16:23:39+02
EGAR00002846563,bam,,EGAN00003220940,EGAX00002472048,EGA00002010998,2021-06-22 15:11:17+02,2021-10-07 16:23:39+02
EGAR00002846564,bam,,EGAN00003220937,EGAX00002472049,EGA00002010999,2021-06-22 15:11:21+02,2021-10-07 16:23:39+02
EGAR00002846565,bam,,EGAN00003220685,EGAX00002472050,EGA00002011000,2021-06-22 15:11:25+02,2021-10-07 16:23:38+02
EGAR00002846566,bam,,EGAN00003221058,EGAX00002472051,EGA00002011001,2021-06-22 15:11:29+02,2021-10-07 16:23:38+02
EGAR00002846567,bam,,EGAN00003221057,EGAX00002472052,EGA00002011002,2021-06-22 15:11:33+02,2021-10-07 16:23:38+02
EGAR00002846568,bam,,EGAN00003221060,EGAX00002472053,EGA00002011003,2021-06-22 15:11:37+02,2021-10-07 16:23:38+02
EGAR00002846569,bam,,EGAN00003221059,EGAX00002472054,EGA00002011004,2021-06-22 15:11:41+02,2021-10-07 16:23:41+02
EGAR00002846570,bam,,EGAN00003220574,EGAX00002472055,EGA00002011005,2021-06-22 15:11:44+02,2021-10-07 16:23:38+02
EGAR00002846571,bam,,EGAN00003220966,EGAX00002472056,EGA00002011006,2021-06-22 15:11:48+02,2021-10-07 16:23:41+02
EGAR00002846572,bam,,EGAN00003220687,EGAX00002472057,EGA00002011007,2021-06-22 15:11:52+02,2021-10-07 16:23:41+02
EGAR00002846573,bam,,EGAN00003220710,EGAX00002472058,EGA00002011008,2021-06-22 15:11:56+02,2021-10-07 16:23:41+02
EGAR00002846574,bam,,EGAN00003221043,EGAX00002472059,EGA00002011009,2021-06-22 15:11:59+02,2021-10-07 16:23:41+02
EGAR00002846575,bam,,EGAN00003220572,EGAX00002472060,EGA00002011010,2021-06-22 15:12:03+02,2021-10-07 16:23:38+02
EGAR00002846576,bam,,EGAN00003220571,EGAX00002472061,EGA00002011011,2021-06-22 15:12:07+02,2021-10-07 16:23:41+02
EGAR00002846577,bam,,EGAN00003220590,EGAX00002472062,EGA00002011012,2021-06-22 15:12:11+02,2021-10-07 16:23:38+02
EGAR00002846578,bam,,EGAN00003220589,EGAX00002472063,EGA00002011013,2021-06-22 15:12:14+02,2021-10-07 16:23:41+02
EGAR00002846579,bam,,EGAN00003220588,EGAX00002472064,EGA00002011014,2021-06-22 15:12:18+02,2021-10-07 16:23:38+02
EGAR00002846580,bam,,EGAN00003220763,EGAX00002472065,EGA00002011015,2021-06-22 15:12:22+02,2021-10-07 16:23:39+02
EGAR00002846581,bam,,EGAN00003221162,EGAX00002472066,EGA00002011016,2021-06-22 15:12:26+02,2021-10-07 16:23:38+02
EGAR00002846582,bam,,EGAN00003221122,EGAX00002472067,EGA00002011017,2021-06-22 15:12:29+02,2021-10-07 16:23:38+02
EGAR00002846583,bam,,EGAN00003221121,EGAX00002472068,EGA00002011018,2021-06-22 15:12:33+02,2021-10-07 16:23:38+02
EGAR00002846584,bam,,EGAN00003221120,EGAX00002472069,EGA00002011019,2021-06-22 15:12:37+02,2021-10-07 16:23:38+02
EGAR00002846585,bam,,EGAN00003220435,EGAX00002472070,EGA00002011020,2021-06-22 15:12:41+02,2021-10-07 16:23:38+02
EGAR00002846586,bam,,EGAN00003220430,EGAX00002472071,EGA00002011021,2021-06-22 15:12:45+02,2021-10-07 16:23:38+02
EGAR00002846587,bam,,EGAN00003220429,EGAX00002472072,EGA00002011022,2021-06-22 15:12:49+02,2021-10-07 16:23:38+02
EGAR00002846588,bam,,EGAN00003220432,EGAX00002472073,EGA00002011023,2021-06-22 15:12:53+02,2021-10-07 16:23:38+02
EGAR00002846589,bam,,EGAN00003220431,EGAX00002472074,EGA00002011024,2021-06-22 15:12:57+02,2021-10-07 16:23:39+02
EGAR00002846590,bam,,EGAN00003220437,EGAX00002472075,EGA00002011025,2021-06-22 15:13:00+02,2021-10-07 16:23:38+02
EGAR00002846591,bam,,EGAN00003220420,EGAX00002472076,EGA00002011026,2021-06-22 15:13:04+02,2021-10-07 16:23:39+02
EGAR00002846592,bam,,EGAN00003220418,EGAX00002472077,EGA00002011027,2021-06-22 15:13:08+02,2021-10-07 16:23:39+02
EGAR00002846593,bam,,EGAN00003220417,EGAX00002472078,EGA00002011028,2021-06-22 15:13:12+02,2021-10-07 16:23:39+02
EGAR00002846594,bam,,EGAN00003220428,EGAX00002472079,EGA00002011029,2021-06-22 15:13:15+02,2021-10-07 16:23:39+02
EGAR00002846595,bam,,EGAN00003220427,EGAX00002472080,EGA00002011030,2021-06-22 15:13:19+02,2021-10-07 16:23:39+02
EGAR00002846596,bam,,EGAN00003221080,EGAX00002472081,EGA00002011031,2021-06-22 15:13:23+02,2021-10-07 16:23:39+02
EGAR00002846597,bam,,EGAN00003221079,EGAX00002472082,EGA00002011032,2021-06-22 15:13:27+02,2021-10-07 16:23:39+02
EGAR00002846598,bam,,EGAN00003221078,EGAX00002472083,EGA00002011033,2021-06-22 15:13:31+02,2021-10-07 16:23:39+02
EGAR00002846599,bam,,EGAN00003221092,EGAX00002472084,EGA00002011034,2021-06-22 15:13:34+02,2021-10-07 16:23:39+02
EGAR00002846600,bam,,EGAN00003221091,EGAX00002472085,EGA00002011035,2021-06-22 15:13:38+02,2021-10-07 16:23:40+02
EGAR00002846601,bam,,EGAN00003221090,EGAX00002472086,EGA00002011036,2021-06-22 15:13:42+02,2021-10-07 16:23:39+02
EGAR00002846602,bam,,EGAN00003221089,EGAX00002472087,EGA00002011037,2021-06-22 15:13:46+02,2021-10-07 16:23:40+02
EGAR00002846603,bam,,EGAN00003221107,EGAX00002472088,EGA00002011038,2021-06-22 15:13:49+02,2021-10-07 16:23:39+02
EGAR00002846604,bam,,EGAN00003220947,EGAX00002472089,EGA00002011039,2021-06-22 15:13:53+02,2021-10-07 16:23:39+02
EGAR00002846605,bam,,EGAN00003220946,EGAX00002472090,EGA00002011040,2021-06-22 15:13:57+02,2021-10-07 16:23:39+02
EGAR00002846606,bam,,EGAN00003220932,EGAX00002472091,EGA00002011041,2021-06-22 15:14:01+02,2021-10-07 16:23:39+02
EGAR00002846607,bam,,EGAN00003220927,EGAX00002472092,EGA00002011042,2021-06-22 15:14:05+02,2021-10-07 16:23:38+02
EGAR00002846608,bam,,EGAN00003220925,EGAX00002472093,EGA00002011043,2021-06-22 15:14:09+02,2021-10-07 16:23:38+02
EGAR00002846609,bam,,EGAN00003220931,EGAX00002472094,EGA00002011044,2021-06-22 15:14:12+02,2021-10-07 16:23:38+02
EGAR00002846610,bam,,EGAN00003220929,EGAX00002472095,EGA00002011045,2021-06-22 15:14:16+02,2021-10-07 16:23:38+02
EGAR00002846611,bam,,EGAN00003220875,EGAX00002472096,EGA00002011046,2021-06-22 15:14:20+02,2021-10-07 16:23:38+02
EGAR00002846612,bam,,EGAN00003220874,EGAX00002472097,EGA00002011047,2021-06-22 15:14:24+02,2021-10-07 16:23:38+02
EGAR00002846613,bam,,EGAN00003220877,EGAX00002472098,EGA00002011048,2021-06-22 15:14:27+02,2021-10-07 16:23:39+02
EGAR00002846614,bam,,EGAN00003220876,EGAX00002472099,EGA00002011049,2021-06-22 15:14:31+02,2021-10-07 16:23:39+02
EGAR00002846615,bam,,EGAN00003220872,EGAX00002472100,EGA00002011050,2021-06-22 15:14:35+02,2021-10-07 16:23:39+02
EGAR00002846616,bam,,EGAN00003220576,EGAX00002472101,EGA00002011051,2021-06-22 15:14:39+02,2021-10-07 16:23:38+02
EGAR00002846617,bam,,EGAN00003220575,EGAX00002472102,EGA00002011052,2021-06-22 15:14:43+02,2021-10-07 16:23:40+02
EGAR00002846618,bam,,EGAN00003220587,EGAX00002472103,EGA00002011053,2021-06-22 15:14:46+02,2021-10-07 16:23:40+02
EGAR00002846619,bam,,EGAN00003220586,EGAX00002472104,EGA00002011054,2021-06-22 15:14:50+02,2021-10-07 16:23:39+02
EGAR00002846620,bam,,EGAN00003220585,EGAX00002472105,EGA00002011055,2021-06-22 15:14:54+02,2021-10-07 16:23:40+02
EGAR00002846621,bam,,EGAN00003220584,EGAX00002472106,EGA00002011056,2021-06-22 15:14:58+02,2021-10-07 16:23:39+02
EGAR00002846622,bam,,EGAN00003220583,EGAX00002472107,EGA00002011057,2021-06-22 15:15:02+02,2021-10-07 16:23:41+02
EGAR00002846623,bam,,EGAN00003220582,EGAX00002472108,EGA00002011058,2021-06-22 15:15:05+02,2021-10-07 16:23:39+02
EGAR00002846624,bam,,EGAN00003220573,EGAX00002472109,EGA00002011059,2021-06-22 15:15:09+02,2021-10-07 16:23:39+02
EGAR00002846625,bam,,EGAN00003220310,EGAX00002472110,EGA00002011060,2021-06-22 15:15:13+02,2021-10-07 16:23:39+02
EGAR00002846626,bam,,EGAN00003220306,EGAX00002472111,EGA00002011061,2021-06-22 15:15:17+02,2021-10-07 16:23:39+02
EGAR00002846627,bam,,EGAN00003221008,EGAX00002472112,EGA00002011062,2021-06-22 15:15:21+02,2021-10-07 16:23:39+02
EGAR00002846628,bam,,EGAN00003220983,EGAX00002472113,EGA00002011063,2021-06-22 15:15:25+02,2021-10-07 16:23:39+02
EGAR00002846629,bam,,EGAN00003220308,EGAX00002472114,EGA00002011064,2021-06-22 15:15:29+02,2021-10-07 16:23:39+02
EGAR00002846630,bam,,EGAN00003221046,EGAX00002472115,EGA00002011065,2021-06-22 15:15:33+02,2021-10-07 16:23:39+02
EGAR00002846631,bam,,EGAN00003220988,EGAX00002472116,EGA00002011066,2021-06-22 15:15:36+02,2021-10-07 16:23:39+02
EGAR00002846632,bam,,EGAN00003220987,EGAX00002472117,EGA00002011067,2021-06-22 15:15:40+02,2021-10-07 16:23:39+02
EGAR00002846633,bam,,EGAN00003221048,EGAX00002472118,EGA00002011068,2021-06-22 15:15:44+02,2021-10-07 16:23:39+02
EGAR00002846634,bam,,EGAN00003221001,EGAX00002472119,EGA00002011069,2021-06-22 15:15:48+02,2021-10-07 16:23:39+02
EGAR00002846635,bam,,EGAN00003220993,EGAX00002472120,EGA00002011070,2021-06-22 15:15:51+02,2021-10-07 16:23:39+02
EGAR00002846636,bam,,EGAN00003220990,EGAX00002472121,EGA00002011071,2021-06-22 15:15:55+02,2021-10-07 16:23:38+02
EGAR00002846637,bam,,EGAN00003220972,EGAX00002472122,EGA00002011072,2021-06-22 15:15:59+02,2021-10-07 16:23:38+02
EGAR00002846638,bam,,EGAN00003220970,EGAX00002472123,EGA00002011073,2021-06-22 15:16:03+02,2021-10-07 16:23:38+02
EGAR00002846639,bam,,EGAN00003220969,EGAX00002472124,EGA00002011074,2021-06-22 15:16:07+02,2021-10-07 16:23:38+02
EGAR00002846640,bam,,EGAN00003220977,EGAX00002472125,EGA00002011075,2021-06-22 15:16:10+02,2021-10-07 16:23:38+02
EGAR00002846641,bam,,EGAN00003221148,EGAX00002472126,EGA00002011076,2021-06-22 15:16:14+02,2021-10-07 16:23:38+02
EGAR00002846642,bam,,EGAN00003221155,EGAX00002472127,EGA00002011077,2021-06-22 15:16:18+02,2021-10-07 16:23:38+02
EGAR00002846643,bam,,EGAN00003221158,EGAX00002472128,EGA00002011078,2021-06-22 15:16:22+02,2021-10-07 16:23:38+02
EGAR00002846644,bam,,EGAN00003221150,EGAX00002472129,EGA00002011079,2021-06-22 15:16:26+02,2021-10-07 16:23:38+02
EGAR00002846645,bam,,EGAN00003221153,EGAX00002472130,EGA00002011080,2021-06-22 15:16:30+02,2021-10-07 16:23:38+02
EGAR00002846646,bam,,EGAN00003221143,EGAX00002472131,EGA00002011081,2021-06-22 15:16:33+02,2021-10-07 16:23:39+02
EGAR00002846647,bam,,EGAN00003221165,EGAX00002472132,EGA00002011082,2021-06-22 15:16:37+02,2021-10-07 16:23:39+02
EGAR00002846648,bam,,EGAN00003221163,EGAX00002472133,EGA00002011083,2021-06-22 15:16:41+02,2021-10-07 16:23:38+02
EGAR00002846649,bam,,EGAN00003220976,EGAX00002472134,EGA00002011084,2021-06-22 15:16:45+02,2021-10-07 16:23:39+02
EGAR00002846650,bam,,EGAN00003220975,EGAX00002472135,EGA00002011085,2021-06-22 15:16:49+02,2021-10-07 16:23:38+02
EGAR00002846651,bam,,EGAN00003220974,EGAX00002472136,EGA00002011086,2021-06-22 15:16:53+02,2021-10-07 16:23:39+02
EGAR00002846652,bam,,EGAN00003220843,EGAX00002472137,EGA00002011087,2021-06-22 15:16:57+02,2021-10-07 16:23:40+02
EGAR00002846653,bam,,EGAN00003220840,EGAX00002472138,EGA00002011088,2021-06-22 15:17:00+02,2021-10-07 16:23:40+02
EGAR00002846654,bam,,EGAN00003220807,EGAX00002472139,EGA00002011089,2021-06-22 15:17:05+02,2021-10-07 16:23:39+02
EGAR00002846655,bam,,EGAN00003220805,EGAX00002472140,EGA00002011090,2021-06-22 15:17:08+02,2021-10-07 16:23:39+02
EGAR00002846656,bam,,EGAN00003220803,EGAX00002472141,EGA00002011091,2021-06-22 15:17:12+02,2021-10-07 16:23:39+02
EGAR00002846657,bam,,EGAN00003220801,EGAX00002472142,EGA00002011092,2021-06-22 15:17:16+02,2021-10-07 16:23:39+02
EGAR00002846658,bam,,EGAN00003220800,EGAX00002472143,EGA00002011093,2021-06-22 15:17:20+02,2021-10-07 16:23:40+02
EGAR00002846659,bam,,EGAN00003221098,EGAX00002472144,EGA00002011094,2021-06-22 15:17:24+02,2021-10-07 16:23:39+02
EGAR00002846660,bam,,EGAN00003221100,EGAX00002472145,EGA00002011095,2021-06-22 15:17:27+02,2021-10-07 16:23:39+02
EGAR00002846661,bam,,EGAN00003220353,EGAX00002472146,EGA00002011096,2021-06-22 15:17:31+02,2021-10-07 16:23:39+02
EGAR00002846662,bam,,EGAN00003221099,EGAX00002472147,EGA00002011097,2021-06-22 15:17:35+02,2021-10-07 16:23:39+02
EGAR00002846663,bam,,EGAN00003221104,EGAX00002472148,EGA00002011098,2021-06-22 15:17:39+02,2021-10-07 16:23:39+02
EGAR00002846664,bam,,EGAN00003221102,EGAX00002472149,EGA00002011099,2021-06-22 15:17:43+02,2021-10-07 16:23:39+02
EGAR00002846665,bam,,EGAN00003220348,EGAX00002472150,EGA00002011100,2021-06-22 15:17:47+02,2021-10-07 16:23:39+02
EGAR00002846666,bam,,EGAN00003220349,EGAX00002472151,EGA00002011101,2021-06-22 15:17:51+02,2021-10-07 16:23:39+02
EGAR00002846667,bam,,EGAN00003220968,EGAX00002472152,EGA00002011102,2021-06-22 15:17:55+02,2021-10-07 16:23:38+02
EGAR00002846668,bam,,EGAN00003220350,EGAX00002472153,EGA00002011103,2021-06-22 15:17:59+02,2021-10-07 16:23:39+02
EGAR00002846669,bam,,EGAN00003221106,EGAX00002472154,EGA00002011104,2021-06-22 15:18:02+02,2021-10-07 16:23:38+02
EGAR00002846670,bam,,EGAN00003221109,EGAX00002472155,EGA00002011105,2021-06-22 15:18:06+02,2021-10-07 16:23:38+02
EGAR00002846671,bam,,EGAN00003220934,EGAX00002472156,EGA00002011106,2021-06-22 15:18:10+02,2021-10-07 16:23:38+02
EGAR00002846672,bam,,EGAN00003220914,EGAX00002472157,EGA00002011107,2021-06-22 15:18:14+02,2021-10-07 16:23:39+02
EGAR00002846673,bam,,EGAN00003220913,EGAX00002472158,EGA00002011108,2021-06-22 15:18:18+02,2021-10-07 16:23:38+02
EGAR00002846674,bam,,EGAN00003220918,EGAX00002472159,EGA00002011109,2021-06-22 15:18:22+02,2021-10-07 16:23:39+02
EGAR00002846675,bam,,EGAN00003220917,EGAX00002472160,EGA00002011110,2021-06-22 15:18:25+02,2021-10-07 16:23:38+02
EGAR00002846676,bam,,EGAN00003220356,EGAX00002472161,EGA00002011111,2021-06-22 15:18:29+02,2021-10-07 16:23:39+02
EGAR00002846677,bam,,EGAN00003220357,EGAX00002472162,EGA00002011112,2021-06-22 15:18:33+02,2021-10-07 16:23:38+02
EGAR00002846678,bam,,EGAN00003220367,EGAX00002472163,EGA00002011113,2021-06-22 15:18:37+02,2021-10-07 16:23:40+02
EGAR00002846679,bam,,EGAN00003220368,EGAX00002472164,EGA00002011114,2021-06-22 15:18:41+02,2021-10-07 16:23:40+02
EGAR00002846680,bam,,EGAN00003220707,EGAX00002472165,EGA00002011115,2021-06-22 15:18:44+02,2021-10-07 16:23:39+02
EGAR00002846681,bam,,EGAN00003220370,EGAX00002472166,EGA00002011116,2021-06-22 15:18:48+02,2021-10-07 16:23:39+02
EGAR00002846682,bam,,EGAN00003220740,EGAX00002472167,EGA00002011117,2021-06-22 15:18:52+02,2021-10-07 16:23:39+02
EGAR00002846683,bam,,EGAN00003220753,EGAX00002472168,EGA00002011118,2021-06-22 15:18:56+02,2021-10-07 16:23:38+02
EGAR00002846684,bam,,EGAN00003220752,EGAX00002472169,EGA00002011119,2021-06-22 15:19:00+02,2021-10-07 16:23:39+02
EGAR00002846685,bam,,EGAN00003220751,EGAX00002472170,EGA00002011120,2021-06-22 15:19:04+02,2021-10-07 16:23:38+02
EGAR00002846686,bam,,EGAN00003220686,EGAX00002472171,EGA00002011121,2021-06-22 15:19:07+02,2021-10-07 16:23:39+02
EGAR00002846687,bam,,EGAN00003220484,EGAX00002472172,EGA00002011122,2021-06-22 15:19:11+02,2021-10-07 16:23:38+02
EGAR00002846688,bam,,EGAN00003220491,EGAX00002472173,EGA00002011123,2021-06-22 15:19:15+02,2021-10-07 16:23:38+02
EGAR00002846689,bam,,EGAN00003220489,EGAX00002472174,EGA00002011124,2021-06-22 15:19:19+02,2021-10-07 16:23:39+02
EGAR00002846690,bam,,EGAN00003220472,EGAX00002472175,EGA00002011125,2021-06-22 15:19:23+02,2021-10-07 16:23:39+02
EGAR00002846691,bam,,EGAN00003220470,EGAX00002472176,EGA00002011126,2021-06-22 15:19:26+02,2021-10-07 16:23:38+02
EGAR00002846692,bam,,EGAN00003220616,EGAX00002472177,EGA00002011127,2021-06-22 15:19:30+02,2021-10-07 16:23:39+02
EGAR00002846693,bam,,EGAN00003220716,EGAX00002472178,EGA00002011128,2021-06-22 15:19:34+02,2021-10-07 16:23:39+02
EGAR00002846694,bam,,EGAN00003220714,EGAX00002472179,EGA00002011129,2021-06-22 15:19:38+02,2021-10-07 16:23:39+02
EGAR00002846695,bam,,EGAN00003220713,EGAX00002472180,EGA00002011130,2021-06-22 15:19:42+02,2021-10-07 16:23:39+02
EGAR00002846696,bam,,EGAN00003220726,EGAX00002472181,EGA00002011131,2021-06-22 15:19:45+02,2021-10-07 16:23:39+02
EGAR00002846697,bam,,EGAN00003220709,EGAX00002472182,EGA00002011132,2021-06-22 15:19:49+02,2021-10-07 16:23:39+02
EGAR00002846698,bam,,EGAN00003220706,EGAX00002472183,EGA00002011133,2021-06-22 15:19:53+02,2021-10-07 16:23:39+02
EGAR00002846699,bam,,EGAN00003220896,EGAX00002472184,EGA00002011134,2021-06-22 15:19:57+02,2021-10-07 16:23:39+02
EGAR00002846700,bam,,EGAN00003220897,EGAX00002472185,EGA00002011135,2021-06-22 15:20:01+02,2021-10-07 16:23:39+02
EGAR00002846701,bam,,EGAN00003220898,EGAX00002472186,EGA00002011136,2021-06-22 15:20:05+02,2021-10-07 16:23:39+02
EGAR00002846702,bam,,EGAN00003220602,EGAX00002472187,EGA00002011137,2021-06-22 15:20:09+02,2021-10-07 16:23:39+02
EGAR00002846703,bam,,EGAN00003220605,EGAX00002472188,EGA00002011138,2021-06-22 15:20:13+02,2021-10-07 16:23:39+02
EGAR00002846704,bam,,EGAN00003220613,EGAX00002472189,EGA00002011139,2021-06-22 15:20:16+02,2021-10-07 16:23:39+02
EGAR00002846705,bam,,EGAN00003220614,EGAX00002472190,EGA00002011140,2021-06-22 15:20:20+02,2021-10-07 16:23:39+02
EGAR00002846706,bam,,EGAN00003220621,EGAX00002472191,EGA00002011141,2021-06-22 15:20:24+02,2021-10-07 16:23:39+02
EGAR00002846707,bam,,EGAN00003220623,EGAX00002472192,EGA00002011142,2021-06-22 15:20:28+02,2021-10-07 16:23:40+02
EGAR00002846708,bam,,EGAN00003220664,EGAX00002472193,EGA00002011143,2021-06-22 15:20:32+02,2021-10-07 16:23:39+02
EGAR00002846709,bam,,EGAN00003220732,EGAX00002472194,EGA00002011144,2021-06-22 15:20:36+02,2021-10-07 16:23:39+02
EGAR00002846710,bam,,EGAN00003220739,EGAX00002472195,EGA00002011145,2021-06-22 15:20:40+02,2021-10-07 16:23:39+02
EGAR00002846711,bam,,EGAN00003220663,EGAX00002472196,EGA00002011146,2021-06-22 15:20:43+02,2021-10-07 16:23:40+02
EGAR00002846712,bam,,EGAN00003220661,EGAX00002472197,EGA00002011147,2021-06-22 15:20:47+02,2021-10-07 16:23:39+02
EGAR00002846713,bam,,EGAN00003220672,EGAX00002472198,EGA00002011148,2021-06-22 15:20:51+02,2021-10-07 16:23:39+02
EGAR00002846714,bam,,EGAN00003220670,EGAX00002472199,EGA00002011149,2021-06-22 15:20:55+02,2021-10-07 16:23:39+02
EGAR00002846715,bam,,EGAN00003220668,EGAX00002472200,EGA00002011150,2021-06-22 15:20:59+02,2021-10-07 16:23:40+02
EGAR00002846716,bam,,EGAN00003220738,EGAX00002472201,EGA00002011151,2021-06-22 15:21:03+02,2021-10-07 16:23:39+02
EGAR00002846717,bam,,EGAN00003220737,EGAX00002472202,EGA00002011152,2021-06-22 15:21:06+02,2021-10-07 16:23:40+02
EGAR00002846718,bam,,EGAN00003220736,EGAX00002472203,EGA00002011153,2021-06-22 15:21:10+02,2021-10-07 16:23:40+02
EGAR00002846719,bam,,EGAN00003220724,EGAX00002472204,EGA00002011154,2021-06-22 15:21:14+02,2021-10-07 16:23:40+02
EGAR00002846720,bam,,EGAN00003220722,EGAX00002472205,EGA00002011155,2021-06-22 15:21:18+02,2021-10-07 16:23:40+02
EGAR00002846721,bam,,EGAN00003220720,EGAX00002472206,EGA00002011156,2021-06-22 15:21:22+02,2021-10-07 16:23:40+02
EGAR00002846722,bam,,EGAN00003220730,EGAX00002472207,EGA00002011157,2021-06-22 15:21:25+02,2021-10-07 16:23:40+02
EGAR00002846723,bam,,EGAN00003220729,EGAX00002472208,EGA00002011158,2021-06-22 15:21:31+02,2021-10-07 16:23:40+02
EGAR00002846724,bam,,EGAN00003220666,EGAX00002472209,EGA00002011159,2021-06-22 15:21:35+02,2021-10-07 16:23:40+02
EGAR00002846725,bam,,EGAN00003220683,EGAX00002472210,EGA00002011160,2021-06-22 15:21:39+02,2021-10-07 16:23:40+02
EGAR00002846726,bam,,EGAN00003220681,EGAX00002472211,EGA00002011161,2021-06-22 15:21:43+02,2021-10-07 16:23:39+02
EGAR00002846727,bam,,EGAN00003220679,EGAX00002472212,EGA00002011162,2021-06-22 15:21:47+02,2021-10-07 16:23:40+02
EGAR00002846728,bam,,EGAN00003220733,EGAX00002472213,EGA00002011163,2021-06-22 15:21:51+02,2021-10-07 16:23:39+02
EGAR00002846729,bam,,EGAN00003220388,EGAX00002472214,EGA00002011164,2021-06-22 15:21:54+02,2021-10-07 16:23:40+02
EGAR00002846730,bam,,EGAN00003220380,EGAX00002472215,EGA00002011165,2021-06-22 15:21:58+02,2021-10-07 16:23:39+02
EGAR00002846731,bam,,EGAN00003220379,EGAX00002472216,EGA00002011166,2021-06-22 15:22:02+02,2021-10-07 16:23:40+02
EGAR00002846732,bam,,EGAN00003220384,EGAX00002472217,EGA00002011167,2021-06-22 15:22:06+02,2021-10-07 16:23:39+02
EGAR00002846733,bam,,EGAN00003220382,EGAX00002472218,EGA00002011168,2021-06-22 15:22:10+02,2021-10-07 16:23:40+02
EGAR00002846734,bam,,EGAN00003220414,EGAX00002472219,EGA00002011169,2021-06-22 15:22:13+02,2021-10-07 16:23:39+02
EGAR00002846735,bam,,EGAN00003220413,EGAX00002472220,EGA00002011170,2021-06-22 15:22:17+02,2021-10-07 16:23:39+02
EGAR00002846736,bam,,EGAN00003220416,EGAX00002472221,EGA00002011171,2021-06-22 15:22:21+02,2021-10-07 16:23:39+02
EGAR00002846737,bam,,EGAN00003220415,EGAX00002472222,EGA00002011172,2021-06-22 15:22:25+02,2021-10-07 16:23:39+02
EGAR00002846738,bam,,EGAN00003220410,EGAX00002472223,EGA00002011173,2021-06-22 15:22:29+02,2021-10-07 16:23:39+02
EGAR00002846739,bam,,EGAN00003220395,EGAX00002472224,EGA00002011174,2021-06-22 15:22:33+02,2021-10-07 16:23:39+02
EGAR00002846740,bam,,EGAN00003220394,EGAX00002472225,EGA00002011175,2021-06-22 15:22:37+02,2021-10-07 16:23:39+02
EGAR00002846741,bam,,EGAN00003220425,EGAX00002472226,EGA00002011176,2021-06-22 15:22:40+02,2021-10-07 16:23:39+02
EGAR00002846742,bam,,EGAN00003220426,EGAX00002472227,EGA00002011177,2021-06-22 15:22:44+02,2021-10-07 16:23:39+02
EGAR00002846743,bam,,EGAN00003221002,EGAX00002472228,EGA00002011178,2021-06-22 15:22:48+02,2021-10-07 16:23:39+02
EGAR00002846744,bam,,EGAN00003220999,EGAX00002472229,EGA00002011179,2021-06-22 15:22:52+02,2021-10-07 16:23:39+02
EGAR00002846745,bam,,EGAN00003220998,EGAX00002472230,EGA00002011180,2021-06-22 15:22:56+02,2021-10-07 16:23:39+02
EGAR00002846746,bam,,EGAN00003220996,EGAX00002472231,EGA00002011181,2021-06-22 15:22:59+02,2021-10-07 16:23:39+02
EGAR00002846747,bam,,EGAN00003221045,EGAX00002472232,EGA00002011182,2021-06-22 15:23:03+02,2021-10-07 16:23:39+02
EGAR00002846748,bam,,EGAN00003221041,EGAX00002472233,EGA00002011183,2021-06-22 15:23:07+02,2021-10-07 16:23:39+02
EGAR00002846749,bam,,EGAN00003221039,EGAX00002472234,EGA00002011184,2021-06-22 15:23:11+02,2021-10-07 16:23:39+02
EGAR00002846750,bam,,EGAN00003221037,EGAX00002472235,EGA00002011185,2021-06-22 15:23:15+02,2021-10-07 16:23:39+02
EGAR00002846751,bam,,EGAN00003221036,EGAX00002472236,EGA00002011186,2021-06-22 15:23:18+02,2021-10-07 16:23:39+02
EGAR00002846752,bam,,EGAN00003221035,EGAX00002472237,EGA00002011187,2021-06-22 15:23:22+02,2021-10-07 16:23:39+02
EGAR00002846753,bam,,EGAN00003221034,EGAX00002472238,EGA00002011188,2021-06-22 15:23:26+02,2021-10-07 16:23:39+02
EGAR00002846754,bam,,EGAN00003221154,EGAX00002472239,EGA00002011189,2021-06-22 15:23:30+02,2021-10-07 16:23:39+02
EGAR00002846755,bam,,EGAN00003221151,EGAX00002472240,EGA00002011190,2021-06-22 15:23:33+02,2021-10-07 16:23:39+02
EGAR00002846756,bam,,EGAN00003221159,EGAX00002472241,EGA00002011191,2021-06-22 15:23:37+02,2021-10-07 16:23:39+02
EGAR00002846757,bam,,EGAN00003221141,EGAX00002472242,EGA00002011192,2021-06-22 15:23:41+02,2021-10-07 16:23:39+02
EGAR00002846758,bam,,EGAN00003221139,EGAX00002472243,EGA00002011193,2021-06-22 15:23:45+02,2021-10-07 16:23:39+02
EGAR00002846759,bam,,EGAN00003220757,EGAX00002472244,EGA00002011194,2021-06-22 15:23:49+02,2021-10-07 16:23:39+02
EGAR00002846760,bam,,EGAN00003220568,EGAX00002472245,EGA00002011195,2021-06-22 15:23:53+02,2021-10-07 16:23:39+02
EGAR00002846761,bam,,EGAN00003220567,EGAX00002472246,EGA00002011196,2021-06-22 15:23:57+02,2021-10-07 16:23:39+02
EGAR00002846762,bam,,EGAN00003220566,EGAX00002472247,EGA00002011197,2021-06-22 15:24:01+02,2021-10-07 16:23:39+02
EGAR00002846763,bam,,EGAN00003220570,EGAX00002472248,EGA00002011198,2021-06-22 15:24:05+02,2021-10-07 16:23:39+02
EGAR00002846764,bam,,EGAN00003220565,EGAX00002472249,EGA00002011199,2021-06-22 15:24:08+02,2021-10-07 16:23:39+02
EGAR00002846765,bam,,EGAN00003220591,EGAX00002472250,EGA00002011200,2021-06-22 15:24:12+02,2021-10-07 16:23:39+02
EGAR00002846766,bam,,EGAN00003220596,EGAX00002472251,EGA00002011201,2021-06-22 15:24:16+02,2021-10-07 16:23:39+02
EGAR00002846767,bam,,EGAN00003220594,EGAX00002472252,EGA00002011202,2021-06-22 15:24:20+02,2021-10-07 16:23:39+02
EGAR00002846768,bam,,EGAN00003220393,EGAX00002472253,EGA00002011203,2021-06-22 15:24:24+02,2021-10-07 16:23:39+02
EGAR00002846769,bam,,EGAN00003221119,EGAX00002472254,EGA00002011204,2021-06-22 15:24:28+02,2021-10-07 16:23:39+02
EGAR00002846770,bam,,EGAN00003221082,EGAX00002472255,EGA00002011205,2021-06-22 15:24:31+02,2021-10-07 16:23:39+02
EGAR00002846771,bam,,EGAN00003221081,EGAX00002472256,EGA00002011206,2021-06-22 15:24:35+02,2021-10-07 16:23:39+02
EGAR00002846772,bam,,EGAN00003221077,EGAX00002472257,EGA00002011207,2021-06-22 15:24:39+02,2021-10-07 16:23:39+02
EGAR00002846773,bam,,EGAN00003221118,EGAX00002472258,EGA00002011208,2021-06-22 15:24:43+02,2021-10-07 16:23:39+02
EGAR00002846774,bam,,EGAN00003221156,EGAX00002472259,EGA00002011209,2021-06-22 15:24:46+02,2021-10-07 16:23:39+02
EGAR00002846775,bam,,EGAN00003220775,EGAX00002472260,EGA00002011210,2021-06-22 15:24:50+02,2021-10-07 16:23:39+02
EGAR00002846776,bam,,EGAN00003220774,EGAX00002472261,EGA00002011211,2021-06-22 15:24:54+02,2021-10-07 16:23:39+02
EGAR00002846777,bam,,EGAN00003220949,EGAX00002472262,EGA00002011212,2021-06-22 15:24:58+02,2021-10-07 16:23:39+02
EGAR00002846778,bam,,EGAN00003220773,EGAX00002472263,EGA00002011213,2021-06-22 15:25:02+02,2021-10-07 16:23:39+02
EGAR00002846779,bam,,EGAN00003220952,EGAX00002472264,EGA00002011214,2021-06-22 15:25:06+02,2021-10-07 16:23:39+02
EGAR00002846780,bam,,EGAN00003220780,EGAX00002472265,EGA00002011215,2021-06-22 15:25:09+02,2021-10-07 16:23:39+02
EGAR00002846781,bam,,EGAN00003220779,EGAX00002472266,EGA00002011216,2021-06-22 15:25:13+02,2021-10-07 16:23:39+02
EGAR00002846782,bam,,EGAN00003220778,EGAX00002472267,EGA00002011217,2021-06-22 15:25:17+02,2021-10-07 16:23:39+02
EGAR00002846783,bam,,EGAN00003220933,EGAX00002472268,EGA00002011218,2021-06-22 15:25:21+02,2021-10-07 16:23:39+02
EGAR00002846784,bam,,EGAN00003220955,EGAX00002472269,EGA00002011219,2021-06-22 15:25:25+02,2021-10-07 16:23:39+02
EGAR00002846785,bam,,EGAN00003220610,EGAX00002472270,EGA00002011220,2021-06-22 15:25:29+02,2021-10-07 16:23:39+02
EGAR00002846786,bam,,EGAN00003220615,EGAX00002472271,EGA00002011221,2021-06-22 15:25:32+02,2021-10-07 16:23:39+02
EGAR00002846787,bam,,EGAN00003220344,EGAX00002472272,EGA00002011222,2021-06-22 15:25:36+02,2021-10-07 16:23:39+02
EGAR00002846788,bam,,EGAN00003220352,EGAX00002472273,EGA00002011223,2021-06-22 15:25:40+02,2021-10-07 16:23:39+02
EGAR00002846789,bam,,EGAN00003220342,EGAX00002472274,EGA00002011224,2021-06-22 15:25:44+02,2021-10-07 16:23:39+02
EGAR00002846790,bam,,EGAN00003220343,EGAX00002472275,EGA00002011225,2021-06-22 15:25:48+02,2021-10-07 16:23:39+02
EGAR00002846791,bam,,EGAN00003221113,EGAX00002472276,EGA00002011226,2021-06-22 15:25:51+02,2021-10-07 16:23:39+02
EGAR00002846792,bam,,EGAN00003221116,EGAX00002472277,EGA00002011227,2021-06-22 15:25:55+02,2021-10-07 16:23:39+02
EGAR00002846793,bam,,EGAN00003221115,EGAX00002472278,EGA00002011228,2021-06-22 15:25:59+02,2021-10-07 16:23:39+02
EGAR00002846794,bam,,EGAN00003220954,EGAX00002472279,EGA00002011229,2021-06-22 15:26:03+02,2021-10-07 16:23:39+02
EGAR00002846795,bam,,EGAN00003221108,EGAX00002472280,EGA00002011230,2021-06-22 15:26:07+02,2021-10-07 16:23:39+02
EGAR00002846796,bam,,EGAN00003220899,EGAX00002472281,EGA00002011231,2021-06-22 15:26:11+02,2021-10-07 16:23:39+02
EGAR00002846797,bam,,EGAN00003220911,EGAX00002472282,EGA00002011232,2021-06-22 15:26:14+02,2021-10-07 16:23:39+02
EGAR00002846798,bam,,EGAN00003220909,EGAX00002472283,EGA00002011233,2021-06-22 15:26:18+02,2021-10-07 16:23:39+02
EGAR00002846799,bam,,EGAN00003220907,EGAX00002472284,EGA00002011234,2021-06-22 15:26:22+02,2021-10-07 16:23:39+02
EGAR00002846800,bam,,EGAN00003220962,EGAX00002472285,EGA00002011235,2021-06-22 15:26:26+02,2021-10-07 16:23:39+02
EGAR00002846801,bam,,EGAN00003220355,EGAX00002472286,EGA00002011236,2021-06-22 15:26:30+02,2021-10-07 16:23:39+02
EGAR00002846802,bam,,EGAN00003220905,EGAX00002472287,EGA00002011237,2021-06-22 15:26:34+02,2021-10-07 16:23:39+02
EGAR00002846803,bam,,EGAN00003220906,EGAX00002472288,EGA00002011238,2021-06-22 15:26:37+02,2021-10-07 16:23:39+02
EGAR00002846804,bam,,EGAN00003220908,EGAX00002472289,EGA00002011239,2021-06-22 15:26:41+02,2021-10-07 16:23:39+02
EGAR00002846805,bam,,EGAN00003220910,EGAX00002472290,EGA00002011240,2021-06-22 15:26:45+02,2021-10-07 16:23:39+02
EGAR00002846806,bam,,EGAN00003220912,EGAX00002472291,EGA00002011241,2021-06-22 15:26:49+02,2021-10-07 16:23:39+02
EGAR00002846807,bam,,EGAN00003220718,EGAX00002472292,EGA00002011242,2021-06-22 15:26:52+02,2021-10-07 16:23:39+02
EGAR00002846808,bam,,EGAN00003220939,EGAX00002472293,EGA00002011243,2021-06-22 15:26:56+02,2021-10-07 16:23:39+02
EGAR00002846809,bam,,EGAN00003220967,EGAX00002472294,EGA00002011244,2021-06-22 15:27:00+02,2021-10-07 16:23:39+02
EGAR00002846810,bam,,EGAN00003220671,EGAX00002472295,EGA00002011245,2021-06-22 15:27:04+02,2021-10-07 16:23:39+02
EGAR00002846811,bam,,EGAN00003221146,EGAX00002472296,EGA00002011246,2021-06-22 15:27:07+02,2021-10-07 16:23:39+02
EGAR00002846812,bam,,EGAN00003220822,EGAX00002472297,EGA00002011247,2021-06-22 15:27:11+02,2021-10-07 16:23:39+02
EGAR00002846813,bam,,EGAN00003220448,EGAX00002472298,EGA00002011248,2021-06-22 15:27:15+02,2021-10-07 16:23:39+02
EGAR00002846814,bam,,EGAN00003220676,EGAX00002472299,EGA00002011249,2021-06-22 15:27:19+02,2021-10-07 16:23:39+02
EGAR00002846815,bam,,EGAN00003220466,EGAX00002472300,EGA00002011250,2021-06-22 15:27:23+02,2021-10-07 16:23:39+02
EGAR00002846816,bam,,EGAN00003220401,EGAX00002472301,EGA00002011251,2021-06-22 15:27:26+02,2021-10-07 16:23:39+02
EGAR00002846817,bam,,EGAN00003220456,EGAX00002472302,EGA00002011252,2021-06-22 15:27:30+02,2021-10-07 16:23:39+02
EGAR00002846818,bam,,EGAN00003220460,EGAX00002472303,EGA00002011253,2021-06-22 15:27:34+02,2021-10-07 16:23:39+02
EGAR00002846819,bam,,EGAN00003220458,EGAX00002472304,EGA00002011254,2021-06-22 15:27:38+02,2021-10-07 16:23:39+02
EGAR00002846820,bam,,EGAN00003220510,EGAX00002472305,EGA00002011255,2021-06-22 15:27:42+02,2021-10-07 16:23:39+02
EGAR00002846821,bam,,EGAN00003221053,EGAX00002472306,EGA00002011256,2021-06-22 15:27:46+02,2021-10-07 16:23:39+02
EGAR00002846822,bam,,EGAN00003220554,EGAX00002472307,EGA00002011257,2021-06-22 15:27:50+02,2021-10-07 16:23:39+02
EGAR00002846823,bam,,EGAN00003220556,EGAX00002472308,EGA00002011258,2021-06-22 15:27:54+02,2021-10-07 16:23:39+02
EGAR00002846824,bam,,EGAN00003220475,EGAX00002472309,EGA00002011259,2021-06-22 15:27:58+02,2021-10-07 16:23:39+02
EGAR00002846825,bam,,EGAN00003160957,EGAX00002472310,EGA00002011260,2021-06-22 15:28:01+02,2021-10-07 16:23:39+02
EGAR00002846826,bam,,EGAN00003220304,EGAX00002472311,EGA00002011261,2021-06-22 15:28:05+02,2021-10-07 16:23:39+02
EGAR00002846827,bam,,EGAN00003220692,EGAX00002472312,EGA00002011262,2021-06-22 15:28:09+02,2021-10-07 16:23:39+02
EGAR00002846828,bam,,EGAN00003220989,EGAX00002472313,EGA00002011263,2021-06-22 15:28:13+02,2021-10-07 16:23:39+02
EGAR00002846829,bam,,EGAN00003220459,EGAX00002472314,EGA00002011264,2021-06-22 15:28:17+02,2021-10-07 16:23:39+02
EGAR00002846830,bam,,EGAN00003220328,EGAX00002472315,EGA00002011265,2021-06-22 15:28:21+02,2021-10-07 16:23:39+02
EGAR00002846831,bam,,EGAN00003220633,EGAX00002472316,EGA00002011266,2021-06-22 15:28:25+02,2021-10-07 16:23:39+02
EGAR00002846832,bam,,EGAN00003220825,EGAX00002472317,EGA00002011267,2021-06-22 15:28:28+02,2021-10-07 16:23:39+02
EGAR00002846833,bam,,EGAN00003220496,EGAX00002472318,EGA00002011268,2021-06-22 15:28:32+02,2021-10-07 16:23:39+02
EGAR00002846834,bam,,EGAN00003220335,EGAX00002472319,EGA00002011269,2021-06-22 15:28:36+02,2021-10-07 16:23:39+02
EGAR00002846835,bam,,EGAN00003220919,EGAX00002472320,EGA00002011270,2021-06-22 15:28:40+02,2021-10-07 16:23:39+02
EGAR00002846836,bam,,EGAN00003220810,EGAX00002472321,EGA00002011271,2021-06-22 15:28:44+02,2021-10-07 16:23:39+02
EGAR00002846837,bam,,EGAN00003220337,EGAX00002472322,EGA00002011272,2021-06-22 15:28:48+02,2021-10-07 16:23:39+02
EGAR00002846838,bam,,EGAN00003221152,EGAX00002472323,EGA00002011273,2021-06-22 15:28:52+02,2021-10-07 16:23:39+02
EGAR00002846839,bam,,EGAN00003220538,EGAX00002472324,EGA00002011274,2021-06-22 15:28:55+02,2021-10-07 16:23:39+02
EGAR00002846840,bam,,EGAN00003220462,EGAX00002472325,EGA00002011275,2021-06-22 15:28:59+02,2021-10-07 16:23:39+02
EGAR00002846841,bam,,EGAN00003220948,EGAX00002472326,EGA00002011276,2021-06-22 15:29:03+02,2021-10-07 16:23:39+02
EGAR00002846842,bam,,EGAN00003221127,EGAX00002472327,EGA00002011277,2021-06-22 15:29:07+02,2021-10-07 16:23:39+02
EGAR00002846843,bam,,EGAN00003220883,EGAX00002472328,EGA00002011278,2021-06-22 15:29:11+02,2021-10-07 16:23:39+02
EGAR00002846844,bam,,EGAN00003220882,EGAX00002472329,EGA00002011280,2021-06-22 15:29:15+02,2021-10-07 16:23:39+02
EGAR00002846845,bam,,EGAN00003220534,EGAX00002472330,EGA00002011281,2021-06-22 15:29:19+02,2021-10-07 16:23:39+02
EGAR00002846846,bam,,EGAN00003220749,EGAX00002472331,EGA00002011282,2021-06-22 15:29:22+02,2021-10-07 16:23:39+02
EGAR00002846847,bam,,EGAN00003220631,EGAX00002472332,EGA00002011283,2021-06-22 15:29:26+02,2021-10-07 16:23:39+02
EGAR00002846848,bam,,EGAN00003220878,EGAX00002472333,EGA00002011284,2021-06-22 15:29:30+02,2021-10-07 16:23:39+02
EGAR00002846849,bam,,EGAN00003220847,EGAX00002472334,EGA00002011285,2021-06-22 15:29:34+02,2021-10-07 16:23:39+02
EGAR00002846850,bam,,EGAN00003220527,EGAX00002472335,EGA00002011286,2021-06-22 15:29:37+02,2021-10-07 16:23:39+02
EGAR00002846851,bam,,EGAN00003220558,EGAX00002472336,EGA00002011287,2021-06-22 15:29:41+02,2021-10-07 16:23:39+02
EGAR00002846852,bam,,EGAN00003220461,EGAX00002472337,EGA00002011288,2021-06-22 15:29:45+02,2021-10-07 16:23:39+02
EGAR00002846853,bam,,EGAN00003221157,EGAX00002472338,EGA00002011289,2021-06-22 15:29:49+02,2021-10-07 16:23:39+02
EGAR00002846854,bam,,EGAN00003220864,EGAX00002472339,EGA00002011290,2021-06-22 15:29:53+02,2021-10-07 16:23:39+02
EGAR00002846855,bam,,EGAN00003220340,EGAX00002472340,EGA00002011291,2021-06-22 15:29:56+02,2021-10-07 16:23:39+02
EGAR00002846856,bam,,EGAN00003220860,EGAX00002472341,EGA00002011292,2021-06-22 15:30:00+02,2021-10-07 16:23:39+02
EGAR00002846857,bam,,EGAN00003220857,EGAX00002472342,EGA00002011293,2021-06-22 15:30:04+02,2021-10-07 16:23:39+02
EGAR00002846858,bam,,EGAN00003220312,EGAX00002472343,EGA00002011294,2021-06-22 15:30:08+02,2021-10-07 16:23:39+02
EGAR00002846859,bam,,EGAN00003220851,EGAX00002472344,EGA00002011295,2021-06-22 15:30:12+02,2021-10-07 16:23:39+02
EGAR00002846860,bam,,EGAN00003221138,EGAX00002472345,EGA00002011296,2021-06-22 15:30:16+02,2021-10-07 16:23:39+02
EGAR00002846861,bam,,EGAN00003220441,EGAX00002472346,EGA00002011297,2021-06-22 15:30:20+02,2021-10-07 16:23:39+02
EGAR00002846862,bam,,EGAN00003220453,EGAX00002472347,EGA00002011298,2021-06-22 15:30:24+02,2021-10-07 16:23:39+02
EGAR00002846863,bam,,EGAN00003220870,EGAX00002472348,EGA00002011299,2021-06-22 15:30:28+02,2021-10-07 16:23:39+02
EGAR00002846864,bam,,EGAN00003220893,EGAX00002472349,EGA00002011300,2021-06-22 15:30:31+02,2021-10-07 16:23:39+02
EGAR00002846865,bam,,EGAN00003220669,EGAX00002472350,EGA00002011301,2021-06-22 15:30:35+02,2021-10-07 16:23:39+02
EGAR00002846866,bam,,EGAN00003220890,EGAX00002472351,EGA00002011302,2021-06-22 15:30:39+02,2021-10-07 16:23:39+02
EGAR00002846867,bam,,EGAN00003220830,EGAX00002472352,EGA00002011303,2021-06-22 15:30:43+02,2021-10-07 16:23:39+02
EGAR00002846868,bam,,EGAN00003220873,EGAX00002472353,EGA00002011304,2021-06-22 15:30:47+02,2021-10-07 16:23:39+02
EGAR00002846869,bam,,EGAN00003220824,EGAX00002472354,EGA00002011305,2021-06-22 15:30:50+02,2021-10-07 16:23:39+02
EGAR00002846870,bam,,EGAN00003220895,EGAX00002472355,EGA00002011307,2021-06-22 15:30:54+02,2021-10-07 16:23:39+02
EGAR00002846871,bam,,EGAN00003220479,EGAX00002472356,EGA00002011308,2021-06-22 15:30:58+02,2021-10-07 16:23:39+02
EGAR00002846872,bam,,EGAN00003220628,EGAX00002472357,EGA00002011309,2021-06-22 15:31:02+02,2021-10-07 16:23:39+02
EGAR00002846873,bam,,EGAN00003221161,EGAX00002472358,EGA00002011310,2021-06-22 15:31:06+02,2021-10-07 16:23:39+02
EGAR00002846874,bam,,EGAN00003220545,EGAX00002472359,EGA00002011311,2021-06-22 15:31:10+02,2021-10-07 16:23:39+02
EGAR00002846875,bam,,EGAN00003220300,EGAX00002472360,EGA00002011312,2021-06-22 15:31:14+02,2021-10-07 16:23:39+02
EGAR00002846876,bam,,EGAN00003220886,EGAX00002472361,EGA00002011313,2021-06-22 15:31:18+02,2021-10-07 16:23:39+02
EGAR00002846877,bam,,EGAN00003221056,EGAX00002472362,EGA00002011314,2021-06-22 15:31:22+02,2021-10-07 16:23:39+02
EGAR00002846878,bam,,EGAN00003221040,EGAX00002472363,EGA00002011315,2021-06-22 15:31:25+02,2021-10-07 16:23:39+02
EGAR00002846879,bam,,EGAN00003221038,EGAX00002472364,EGA00002011316,2021-06-22 15:31:29+02,2021-10-07 16:23:39+02
EGAR00002846880,bam,,EGAN00003220792,EGAX00002472365,EGA00002011317,2021-06-22 15:31:33+02,2021-10-07 16:23:39+02
EGAR00002846881,bam,,EGAN00003220321,EGAX00002472366,EGA00002011318,2021-06-22 15:31:37+02,2021-10-07 16:23:39+02
EGAR00002846882,bam,,EGAN00003221071,EGAX00002472367,EGA00002011319,2021-06-22 15:31:40+02,2021-10-07 16:23:39+02
EGAR00002846883,bam,,EGAN00003221147,EGAX00002472368,EGA00002011320,2021-06-22 15:31:44+02,2021-10-07 16:23:39+02
EGAR00002846884,bam,,EGAN00003220855,EGAX00002472369,EGA00002011321,2021-06-22 15:31:48+02,2021-10-07 16:23:39+02
EGAR00002846885,bam,,EGAN00003220495,EGAX00002472370,EGA00002011322,2021-06-22 15:31:52+02,2021-10-07 16:23:39+02
EGAR00002846886,bam,,EGAN00003220852,EGAX00002472371,EGA00002011323,2021-06-22 15:31:56+02,2021-10-07 16:23:39+02
EGAR00002846887,bam,,EGAN00003220861,EGAX00002472372,EGA00002011324,2021-06-22 15:31:59+02,2021-10-07 16:23:39+02
EGAR00002846888,bam,,EGAN00003220483,EGAX00002472373,EGA00002011325,2021-06-22 15:32:03+02,2021-10-07 16:23:39+02
EGAR00002846889,bam,,EGAN00003220866,EGAX00002472374,EGA00002011326,2021-06-22 15:32:07+02,2021-10-07 16:23:39+02
EGAR00002846890,bam,,EGAN00003220865,EGAX00002472375,EGA00002011327,2021-06-22 15:32:11+02,2021-10-07 16:23:39+02
EGAR00002846891,bam,,EGAN00003221142,EGAX00002472376,EGA00002011328,2021-06-22 15:32:14+02,2021-10-07 16:23:39+02
EGAR00002846892,bam,,EGAN00003221033,EGAX00002472377,EGA00002011329,2021-06-22 15:32:18+02,2021-10-07 16:23:39+02
EGAR00002846893,bam,,EGAN00003220465,EGAX00002472378,EGA00002011330,2021-06-22 15:32:22+02,2021-10-07 16:23:39+02
EGAR00002846894,bam,,EGAN00003220761,EGAX00002472379,EGA00002011331,2021-06-22 15:32:26+02,2021-10-07 16:23:39+02
EGAR00002846895,bam,,EGAN00003221016,EGAX00002472380,EGA00002011332,2021-06-22 15:32:30+02,2021-10-07 16:23:39+02
EGAR00002846896,bam,,EGAN00003221027,EGAX00002472381,EGA00002011333,2021-06-22 15:32:33+02,2021-10-07 16:23:39+02
EGAR00002846897,bam,,EGAN00003221044,EGAX00002472382,EGA00002011334,2021-06-22 15:32:37+02,2021-10-07 16:23:39+02
EGAR00002846898,bam,,EGAN00003221144,EGAX00002472383,EGA00002011335,2021-06-22 15:32:41+02,2021-10-07 16:23:39+02
EGAR00002846899,bam,,EGAN00003220626,EGAX00002472384,EGA00002011336,2021-06-22 15:32:45+02,2021-10-07 16:23:39+02
EGAR00002846900,bam,,EGAN00003220463,EGAX00002472385,EGA00002011337,2021-06-22 15:32:48+02,2021-10-07 16:23:39+02
EGAR00002846901,bam,,EGAN00003221069,EGAX00002472386,EGA00002011338,2021-06-22 15:32:52+02,2021-10-07 16:23:39+02
EGAR00002846902,bam,,EGAN00003220887,EGAX00002472387,EGA00002011339,2021-06-22 15:32:56+02,2021-10-07 16:23:39+02
EGAR00002846903,bam,,EGAN00003220884,EGAX00002472388,EGA00002011340,2021-06-22 15:33:00+02,2021-10-07 16:23:39+02
EGAR00002846904,bam,,EGAN00003220767,EGAX00002472389,EGA00002011341,2021-06-22 15:33:04+02,2021-10-07 16:23:39+02
EGAR00002846905,bam,,EGAN00003220641,EGAX00002472390,EGA00002011342,2021-06-22 15:33:08+02,2021-10-07 16:23:39+02
EGAR00002846906,bam,,EGAN00003220446,EGAX00002472391,EGA00002011343,2021-06-22 15:33:12+02,2021-10-07 16:23:39+02
EGAR00002846907,bam,,EGAN00003221024,EGAX00002472392,EGA00002011344,2021-06-22 15:33:15+02,2021-10-07 16:23:39+02
EGAR00002846908,bam,,EGAN00003220449,EGAX00002472393,EGA00002011345,2021-06-22 15:33:19+02,2021-10-07 16:23:39+02
EGAR00002846909,bam,,EGAN00003221125,EGAX00002472394,EGA00002011346,2021-06-22 15:33:23+02,2021-10-07 16:23:39+02
EGAR00002846910,bam,,EGAN00003220325,EGAX00002472395,EGA00002011347,2021-06-22 15:33:27+02,2021-10-07 16:23:39+02
EGAR00002846911,bam,,EGAN00003220708,EGAX00002472396,EGA00002011348,2021-06-22 15:33:30+02,2021-10-07 16:23:39+02
EGAR00002846912,bam,,EGAN00003220694,EGAX00002472397,EGA00002011349,2021-06-22 15:33:34+02,2021-10-07 16:23:39+02
EGAR00002846913,bam,,EGAN00003220829,EGAX00002472398,EGA00002011350,2021-06-22 15:33:38+02,2021-10-07 16:23:39+02
EGAR00002846914,bam,,EGAN00003220499,EGAX00002472399,EGA00002011351,2021-06-22 15:33:42+02,2021-10-07 16:23:39+02
EGAR00002846915,bam,,EGAN00003220404,EGAX00002472400,EGA00002011352,2021-06-22 15:33:46+02,2021-10-07 16:23:39+02
EGAR00002846916,bam,,EGAN00003220632,EGAX00002472401,EGA00002011353,2021-06-22 15:33:50+02,2021-10-07 16:23:39+02
EGAR00002846917,bam,,EGAN00003220467,EGAX00002472402,EGA00002011354,2021-06-22 15:33:54+02,2021-10-07 16:23:39+02
EGAR00002846918,bam,,EGAN00003220643,EGAX00002472403,EGA00002011355,2021-06-22 15:33:57+02,2021-10-07 16:23:39+02
EGAR00002846919,bam,,EGAN00003221126,EGAX00002472404,EGA00002011356,2021-06-22 15:34:01+02,2021-10-07 16:23:39+02
EGAR00002846920,bam,,EGAN00003220782,EGAX00002472405,EGA00002011357,2021-06-22 15:34:05+02,2021-10-07 16:23:39+02
EGAR00002846921,bam,,EGAN00003220639,EGAX00002472406,EGA00002011358,2021-06-22 15:34:08+02,2021-10-07 16:23:39+02
EGAR00002846922,bam,,EGAN00003220765,EGAX00002472407,EGA00002011359,2021-06-22 15:34:12+02,2021-10-07 16:23:39+02
EGAR00002846923,bam,,EGAN00003220402,EGAX00002472408,EGA00002011360,2021-06-22 15:34:16+02,2021-10-07 16:23:39+02
EGAR00002846924,bam,,EGAN00003220526,EGAX00002472409,EGA00002011361,2021-06-22 15:34:20+02,2021-10-07 16:23:39+02
EGAR00002846925,bam,,EGAN00003221052,EGAX00002472410,EGA00002011362,2021-06-22 15:34:24+02,2021-10-07 16:23:39+02
EGAR00002846926,bam,,EGAN00003220619,EGAX00002472411,EGA00002011363,2021-06-22 15:34:28+02,2021-10-07 16:23:39+02
EGAR00002846927,bam,,EGAN00003220617,EGAX00002472412,EGA00002011364,2021-06-22 15:34:31+02,2021-10-07 16:23:39+02
EGAR00002846928,bam,,EGAN00003220698,EGAX00002472413,EGA00002011365,2021-06-22 15:34:35+02,2021-10-07 16:23:39+02
EGAR00002846929,bam,,EGAN00003221087,EGAX00002472414,EGA00002011366,2021-06-22 15:34:39+02,2021-10-07 16:23:39+02
EGAR00002846930,bam,,EGAN00003220770,EGAX00002472415,EGA00002011367,2021-06-22 15:34:43+02,2021-10-07 16:23:39+02
EGAR00002846931,bam,,EGAN00003220530,EGAX00002472416,EGA00002011368,2021-06-22 15:34:46+02,2021-10-07 16:23:39+02
EGAR00002846932,bam,,EGAN00003221072,EGAX00002472417,EGA00002011369,2021-06-22 15:34:50+02,2021-10-07 16:23:39+02
EGAR00002846933,bam,,EGAN00003220533,EGAX00002472418,EGA00002011370,2021-06-22 15:34:54+02,2021-10-07 16:23:39+02
EGAR00002846934,bam,,EGAN00003220396,EGAX00002472419,EGA00002011371,2021-06-22 15:34:58+02,2021-10-07 16:23:39+02
EGAR00002846935,bam,,EGAN00003220525,EGAX00002472420,EGA00002011372,2021-06-22 15:35:02+02,2021-10-07 16:23:39+02
EGAR00002846936,bam,,EGAN00003220403,EGAX00002472421,EGA00002011373,2021-06-22 15:35:05+02,2021-10-07 16:23:39+02
EGAR00002846937,bam,,EGAN00003220302,EGAX00002472422,EGA00002011374,2021-06-22 15:35:09+02,2021-10-07 16:23:39+02
EGAR00002846938,bam,,EGAN00003220892,EGAX00002472423,EGA00002011375,2021-06-22 15:35:13+02,2021-10-07 16:23:39+02
EGAR00002846939,bam,,EGAN00003220750,EGAX00002472424,EGA00002011376,2021-06-22 15:35:17+02,2021-10-07 16:23:39+02
EGAR00002846940,bam,,EGAN00003220747,EGAX00002472425,EGA00002011377,2021-06-22 15:35:21+02,2021-10-07 16:23:39+02
EGAR00002846941,bam,,EGAN00003220827,EGAX00002472426,EGA00002011378,2021-06-22 15:35:24+02,2021-10-07 16:23:39+02
EGAR00002846942,bam,,EGAN00003220951,EGAX00002472427,EGA00002011379,2021-06-22 15:35:28+02,2021-10-07 16:23:39+02
EGAR00002846943,bam,,EGAN00003220745,EGAX00002472428,EGA00002011380,2021-06-22 15:35:32+02,2021-10-07 16:23:39+02
EGAR00002846944,bam,,EGAN00003221050,EGAX00002472429,EGA00002011381,2021-06-22 15:35:36+02,2021-10-07 16:23:39+02
EGAR00002846945,bam,,EGAN00003221065,EGAX00002472430,EGA00002011382,2021-06-22 15:35:40+02,2021-10-07 16:23:39+02
EGAR00002846946,bam,,EGAN00003220741,EGAX00002472431,EGA00002011383,2021-06-22 15:35:43+02,2021-10-07 16:23:39+02
EGAR00002846947,bam,,EGAN00003220731,EGAX00002472432,EGA00002011384,2021-06-22 15:35:47+02,2021-10-07 16:23:39+02
EGAR00002846948,bam,,EGAN00003220624,EGAX00002472433,EGA00002011385,2021-06-22 15:35:51+02,2021-10-07 16:23:39+02
EGAR00002846949,bam,,EGAN00003220986,EGAX00002472434,EGA00002011386,2021-06-22 15:35:55+02,2021-10-07 16:23:39+02
EGAR00002846950,bam,,EGAN00003221017,EGAX00002472435,EGA00002011387,2021-06-22 15:35:59+02,2021-10-07 16:23:39+02
EGAR00002846951,bam,,EGAN00003220323,EGAX00002472436,EGA00002011388,2021-06-22 15:36:03+02,2021-10-07 16:23:40+02
EGAR00002846952,bam,,EGAN00003220322,EGAX00002472437,EGA00002011389,2021-06-22 15:36:07+02,2021-10-07 16:23:40+02
EGAR00002846953,bam,,EGAN00003220635,EGAX00002472438,EGA00002011390,2021-06-22 15:36:10+02,2021-10-07 16:23:39+02
EGAR00002846954,bam,,EGAN00003220529,EGAX00002472439,EGA00002011391,2021-06-22 15:36:14+02,2021-10-07 16:23:39+02
EGAR00002846955,bam,,EGAN00003220320,EGAX00002472440,EGA00002011392,2021-06-22 15:36:18+02,2021-10-07 16:23:39+02
EGAR00002846956,bam,,EGAN00003220881,EGAX00002472441,EGA00002011393,2021-06-22 15:36:22+02,2021-10-07 16:23:39+02
EGAR00002846957,bam,,EGAN00003220318,EGAX00002472442,EGA00002011394,2021-06-22 15:36:26+02,2021-10-07 16:23:40+02
EGAR00002846958,bam,,EGAN00003220299,EGAX00002472443,EGA00002011395,2021-06-22 15:36:30+02,2021-10-07 16:23:40+02
EGAR00002846959,bam,,EGAN00003221025,EGAX00002472444,EGA00002011396,2021-06-22 15:36:34+02,2021-10-07 16:23:40+02
EGAR00002846960,bam,,EGAN00003220811,EGAX00002472445,EGA00002011397,2021-06-22 15:36:38+02,2021-10-07 16:23:40+02
EGAR00002846961,bam,,EGAN00003220303,EGAX00002472446,EGA00002011398,2021-06-22 15:36:41+02,2021-10-07 16:23:39+02
EGAR00002846962,bam,,EGAN00003221030,EGAX00002472447,EGA00002011399,2021-06-22 15:36:45+02,2021-10-07 16:23:39+02
EGAR00002846963,bam,,EGAN00003220311,EGAX00002472448,EGA00002011400,2021-06-22 15:36:49+02,2021-10-07 16:23:39+02
EGAR00002846964,bam,,EGAN00003220981,EGAX00002472449,EGA00002011401,2021-06-22 15:36:52+02,2021-10-07 16:23:39+02
EGAR00002846965,bam,,EGAN00003220319,EGAX00002472450,EGA00002011402,2021-06-22 15:36:56+02,2021-10-07 16:23:38+02
EGAR00002846966,bam,,EGAN00003220307,EGAX00002472451,EGA00002011403,2021-06-22 15:37:00+02,2021-10-07 16:23:39+02
EGAR00002846967,bam,,EGAN00003220305,EGAX00002472452,EGA00002011404,2021-06-22 15:37:04+02,2021-10-07 16:23:40+02
EGAR00002846968,bam,,EGAN00003221084,EGAX00002472453,EGA00002011405,2021-06-22 15:37:08+02,2021-10-07 16:23:40+02
EGAR00002846969,bam,,EGAN00003220316,EGAX00002472454,EGA00002011406,2021-06-22 15:37:11+02,2021-10-07 16:23:38+02
EGAR00002846970,bam,,EGAN00003220500,EGAX00002472455,EGA00002011407,2021-06-22 15:37:15+02,2021-10-07 16:23:40+02
EGAR00002846971,bam,,EGAN00003220508,EGAX00002472456,EGA00002011408,2021-06-22 15:37:19+02,2021-10-07 16:23:38+02
EGAR00002846972,bam,,EGAN00003220314,EGAX00002472457,EGA00002011409,2021-06-22 15:37:23+02,2021-10-07 16:23:38+02
EGAR00002846973,bam,,EGAN00003220313,EGAX00002472458,EGA00002011410,2021-06-22 15:37:27+02,2021-10-07 16:23:39+02
EGAR00002846974,bam,,EGAN00003220863,EGAX00002472459,EGA00002011411,2021-06-22 15:37:30+02,2021-10-07 16:23:41+02
EGAR00002846975,bam,,EGAN00003220389,EGAX00002472460,EGA00002011412,2021-06-22 15:37:34+02,2021-10-07 16:23:39+02
EGAR00002846976,bam,,EGAN00003220531,EGAX00002472461,EGA00002011413,2021-06-22 15:37:38+02,2021-10-07 16:23:39+02
EGAR00002846977,bam,,EGAN00003220815,EGAX00002472462,EGA00002011414,2021-06-22 15:37:42+02,2021-10-07 16:23:39+02
EGAR00002846978,bam,,EGAN00003220326,EGAX00002472463,EGA00002011415,2021-06-22 15:37:46+02,2021-10-07 16:23:39+02
EGAR00002846979,bam,,EGAN00003220699,EGAX00002472464,EGA00002011416,2021-06-22 15:37:49+02,2021-10-07 16:23:39+02
EGAR00002846980,bam,,EGAN00003221019,EGAX00002472465,EGA00002011417,2021-06-22 15:37:53+02,2021-10-07 16:23:39+02
EGAR00002846981,bam,,EGAN00003220794,EGAX00002472466,EGA00002011418,2021-06-22 15:37:57+02,2021-10-07 16:23:40+02
EGAR00002846982,bam,,EGAN00003221018,EGAX00002472467,EGA00002011419,2021-06-22 15:38:01+02,2021-10-07 16:23:39+02
EGAR00002846983,bam,,EGAN00003221013,EGAX00002472468,EGA00002011420,2021-06-22 15:38:05+02,2021-10-07 16:23:38+02
EGAR00002846984,bam,,EGAN00003221003,EGAX00002472469,EGA00002011421,2021-06-22 15:38:08+02,2021-10-07 16:23:39+02
EGAR00002846985,bam,,EGAN00003220802,EGAX00002472470,EGA00002011422,2021-06-22 15:38:12+02,2021-10-07 16:23:39+02
EGAR00002846986,bam,,EGAN00003221004,EGAX00002472471,EGA00002011423,2021-06-22 15:38:16+02,2021-10-07 16:23:39+02
EGAR00002846987,bam,,EGAN00003220478,EGAX00002472472,EGA00002011424,2021-06-22 15:38:20+02,2021-10-07 16:23:38+02
EGAR00002846988,bam,,EGAN00003221020,EGAX00002472473,EGA00002011425,2021-06-22 15:38:24+02,2021-10-07 16:23:40+02
EGAR00002846989,bam,,EGAN00003221051,EGAX00002472474,EGA00002011426,2021-06-22 15:38:27+02,2021-10-07 16:23:40+02
EGAR00002846990,bam,,EGAN00003221014,EGAX00002472475,EGA00002011427,2021-06-22 15:38:31+02,2021-10-07 16:23:40+02
EGAR00002846991,bam,,EGAN00003220476,EGAX00002472476,EGA00002011428,2021-06-22 15:38:35+02,2021-10-07 16:23:40+02
EGAR00002846992,bam,,EGAN00003221012,EGAX00002472477,EGA00002011429,2021-06-22 15:38:39+02,2021-10-07 16:23:38+02
EGAR00002846993,bam,,EGAN00003220457,EGAX00002472478,EGA00002011430,2021-06-22 15:38:43+02,2021-10-07 16:23:39+02
EGAR00002846994,bam,,EGAN00003220926,EGAX00002472479,EGA00002011431,2021-06-22 15:38:46+02,2021-10-07 16:23:39+02
EGAR00002846995,bam,,EGAN00003221015,EGAX00002472480,EGA00002011432,2021-06-22 15:38:50+02,2021-10-07 16:23:40+02
EGAR00002846996,bam,,EGAN00003220691,EGAX00002472481,EGA00002011433,2021-06-22 15:38:54+02,2021-10-07 16:23:39+02
EGAR00002846997,bam,,EGAN00003220971,EGAX00002472482,EGA00002011434,2021-06-22 15:38:58+02,2021-10-07 16:23:40+02
EGAR00002846998,bam,,EGAN00003220693,EGAX00002472483,EGA00002011435,2021-06-22 15:39:02+02,2021-10-07 16:23:39+02
EGAR00002846999,bam,,EGAN00003220997,EGAX00002472484,EGA00002011436,2021-06-22 15:39:05+02,2021-10-07 16:23:40+02
EGAR00002847000,bam,,EGAN00003220995,EGAX00002472485,EGA00002011437,2021-06-22 15:39:09+02,2021-10-07 16:23:39+02
EGAR00002847001,bam,,EGAN00003221000,EGAX00002472486,EGA00002011438,2021-06-22 15:39:13+02,2021-10-07 16:23:39+02
EGAR00002847002,bam,,EGAN00003220755,EGAX00002472487,EGA00002011439,2021-06-22 15:39:17+02,2021-10-07 16:23:39+02
EGAR00002847003,bam,,EGAN00003220557,EGAX00002472488,EGA00002011440,2021-06-22 15:39:21+02,2021-10-07 16:23:39+02
EGAR00002847004,bam,,EGAN00003220879,EGAX00002472489,EGA00002011441,2021-06-22 15:39:25+02,2021-10-07 16:23:39+02
EGAR00002847005,bam,,EGAN00003220620,EGAX00002472490,EGA00002011442,2021-06-22 15:39:28+02,2021-10-07 16:23:39+02
EGAR00002847006,bam,,EGAN00003220667,EGAX00002472491,EGA00002011443,2021-06-22 15:39:32+02,2021-10-07 16:23:41+02
EGAR00002847007,bam,,EGAN00003220629,EGAX00002472492,EGA00002011444,2021-06-22 15:39:36+02,2021-10-07 16:23:39+02
EGAR00002847008,bam,,EGAN00003220647,EGAX00002472493,EGA00002011445,2021-06-22 15:39:40+02,2021-10-07 16:23:39+02
EGAR00002847009,bam,,EGAN00003220333,EGAX00002472494,EGA00002011446,2021-06-22 15:39:43+02,2021-10-07 16:23:39+02
EGAR00002847010,bam,,EGAN00003220327,EGAX00002472495,EGA00002011447,2021-06-22 15:39:47+02,2021-10-07 16:23:39+02
EGAR00002847011,bam,,EGAN00003221026,EGAX00002472496,EGA00002011448,2021-06-22 15:39:51+02,2021-10-07 16:23:39+02
EGAR00002847012,bam,,EGAN00003221140,EGAX00002472497,EGA00002011449,2021-06-22 15:39:55+02,2021-10-07 16:23:39+02
EGAR00002847013,bam,,EGAN00003220469,EGAX00002472498,EGA00002011450,2021-06-22 15:39:59+02,2021-10-07 16:23:41+02
EGAR00002847014,bam,,EGAN00003220828,EGAX00002472499,EGA00002011451,2021-06-22 15:40:03+02,2021-10-07 16:23:38+02
EGAR00002847015,bam,,EGAN00003220846,EGAX00002472500,EGA00002011452,2021-06-22 15:40:07+02,2021-10-07 16:23:41+02
EGAR00002847016,bam,,EGAN00003221145,EGAX00002472501,EGA00002011453,2021-06-22 15:40:11+02,2021-10-07 16:23:41+02
EGAR00002847017,bam,,EGAN00003221023,EGAX00002472502,EGA00002011454,2021-06-22 15:40:14+02,2021-10-07 16:23:41+02
EGAR00002847018,bam,,EGAN00003220438,EGAX00002472503,EGA00002011455,2021-06-22 15:40:18+02,2021-10-07 16:23:40+02
EGAR00002847019,bam,,EGAN00003220387,EGAX00002472504,EGA00002011456,2021-06-22 15:40:22+02,2021-10-07 16:23:39+02
EGAR00002847020,bam,,EGAN00003221061,EGAX00002472505,EGA00002011457,2021-06-22 15:40:26+02,2021-10-07 16:23:40+02
EGAR00002847021,bam,,EGAN00003220369,EGAX00002472506,EGA00002011458,2021-06-22 15:40:29+02,2021-10-07 16:23:39+02
EGAR00002847022,bam,,EGAN00003221149,EGAX00002472507,EGA00002011459,2021-06-22 15:40:33+02,2021-10-07 16:23:40+02
EGAR00002847023,bam,,EGAN00003220372,EGAX00002472508,EGA00002011460,2021-06-22 15:40:37+02,2021-10-07 16:23:39+02
EGAR00002847024,bam,,EGAN00003220329,EGAX00002472509,EGA00002011461,2021-06-22 15:40:41+02,2021-10-07 16:23:41+02
EGAR00002847025,bam,,EGAN00003220924,EGAX00002472510,EGA00002011462,2021-06-22 15:40:44+02,2021-10-07 16:23:41+02
EGAR00002847026,bam,,EGAN00003220930,EGAX00002472511,EGA00002011463,2021-06-22 15:40:48+02,2021-10-07 16:23:41+02
EGAR00002847027,bam,,EGAN00003220928,EGAX00002472512,EGA00002011464,2021-06-22 15:40:52+02,2021-10-07 16:23:40+02
EGAR00002847028,bam,,EGAN00003220921,EGAX00002472513,EGA00002011465,2021-06-22 15:40:56+02,2021-10-07 16:23:41+02
EGAR00002847029,bam,,EGAN00003220338,EGAX00002472514,EGA00002011466,2021-06-22 15:40:59+02,2021-10-07 16:23:40+02
EGAR00002847030,bam,,EGAN00003220920,EGAX00002472515,EGA00002011467,2021-06-22 15:41:04+02,2021-10-07 16:23:39+02
EGAR00002847031,bam,,EGAN00003220923,EGAX00002472516,EGA00002011468,2021-06-22 15:41:07+02,2021-10-07 16:23:40+02
EGAR00002847032,bam,,EGAN00003221075,EGAX00002472517,EGA00002011469,2021-06-22 15:41:11+02,2021-10-07 16:23:39+02
EGAR00002847033,bam,,EGAN00003220734,EGAX00002472518,EGA00002011470,2021-06-22 15:41:16+02,2021-10-07 16:23:38+02
EGAR00002847034,bam,,EGAN00003220607,EGAX00002472519,EGA00002011471,2021-06-22 15:41:19+02,2021-10-07 16:23:38+02
EGAR00002847035,bam,,EGAN00003221129,EGAX00002472520,EGA00002011472,2021-06-22 15:41:23+02,2021-10-07 16:23:38+02
EGAR00002847036,bam,,EGAN00003220490,EGAX00002472521,EGA00002011473,2021-06-22 15:41:27+02,2021-10-07 16:23:38+02
EGAR00002847037,bam,,EGAN00003220627,EGAX00002472522,EGA00002011474,2021-06-22 15:41:31+02,2021-10-07 16:23:38+02
EGAR00002847038,bam,,EGAN00003220315,EGAX00002472523,EGA00002011475,2021-06-22 15:41:35+02,2021-10-07 16:23:38+02
EGAR00002847039,bam,,EGAN00003220637,EGAX00002472524,EGA00002011476,2021-06-22 15:41:38+02,2021-10-07 16:23:38+02
EGAR00002847040,bam,,EGAN00003221031,EGAX00002472525,EGA00002011477,2021-06-22 15:41:42+02,2021-10-07 16:23:38+02
EGAR00002847041,bam,,EGAN00003220540,EGAX00002472526,EGA00002011478,2021-06-22 15:41:46+02,2021-10-07 16:23:41+02
EGAR00002847042,bam,,EGAN00003220391,EGAX00002472527,EGA00002011479,2021-06-22 15:41:50+02,2021-10-07 16:23:38+02
EGAR00002847043,bam,,EGAN00003220950,EGAX00002472528,EGA00002011480,2021-06-22 15:41:53+02,2021-10-07 16:23:41+02
EGAR00002847044,bam,,EGAN00003220665,EGAX00002472529,EGA00002011481,2021-06-22 15:41:57+02,2021-10-07 16:23:40+02
EGAR00002847045,bam,,EGAN00003220334,EGAX00002472530,EGA00002011482,2021-06-22 15:42:01+02,2021-10-07 16:23:40+02
EGAR00002847046,bam,,EGAN00003220711,EGAX00002472531,EGA00002011483,2021-06-22 15:42:05+02,2021-10-07 16:23:40+02
EGAR00002847047,bam,,EGAN00003220471,EGAX00002472532,EGA00002011484,2021-06-22 15:42:08+02,2021-10-07 16:23:38+02
EGAR00002847048,bam,,EGAN00003220705,EGAX00002472533,EGA00002011485,2021-06-22 15:42:12+02,2021-10-07 16:23:40+02
EGAR00002847049,bam,,EGAN00003220702,EGAX00002472534,EGA00002011486,2021-06-22 15:42:16+02,2021-10-07 16:23:38+02
EGAR00002847050,bam,,EGAN00003220700,EGAX00002472535,EGA00002011487,2021-06-22 15:42:20+02,2021-10-07 16:23:40+02
EGAR00002847051,bam,,EGAN00003220826,EGAX00002472536,EGA00002011488,2021-06-22 15:42:24+02,2021-10-07 16:23:38+02
EGAR00002847052,bam,,EGAN00003220784,EGAX00002472537,EGA00002011489,2021-06-22 15:42:28+02,2021-10-07 16:23:39+02
EGAR00002847053,bam,,EGAN00003220984,EGAX00002472538,EGA00002011490,2021-06-22 15:42:31+02,2021-10-07 16:23:38+02
EGAR00002847054,bam,,EGAN00003220697,EGAX00002472539,EGA00002011491,2021-06-22 15:42:35+02,2021-10-07 16:23:39+02
EGAR00002847055,bam,,EGAN00003220336,EGAX00002472540,EGA00002011492,2021-06-22 15:42:39+02,2021-10-07 16:23:38+02
EGAR00002847056,bam,,EGAN00003221028,EGAX00002472541,EGA00002011511,2021-06-22 15:42:43+02,2021-10-07 16:23:39+02
EGAR00002847057,bam,,EGAN00003220820,EGAX00002472542,EGA00002011517,2021-06-22 15:42:47+02,2021-10-07 16:23:39+02
EGAR00002847058,bam,,EGAN00003220451,EGAX00002472543,EGA00002011518,2021-06-22 15:42:51+02,2021-10-07 16:23:39+02
EGAR00002847059,bam,,EGAN00003220544,EGAX00002472544,EGA00002011519,2021-06-22 15:42:54+02,2021-10-07 16:23:39+02
EGAR00002847060,bam,,EGAN00003220549,EGAX00002472545,EGA00002011520,2021-06-22 15:42:58+02,2021-10-07 16:23:39+02
EGAR00002847061,bam,,EGAN00003220786,EGAX00002472546,EGA00002011521,2021-06-22 15:43:02+02,2021-10-07 16:23:39+02
EGAR00002847062,bam,,EGAN00003220548,EGAX00002472547,EGA00002011522,2021-06-22 15:43:06+02,2021-10-07 16:23:40+02
EGAR00002847063,bam,,EGAN00003220880,EGAX00002472548,EGA00002011523,2021-06-22 15:43:10+02,2021-10-07 16:23:40+02
EGAR00002847064,bam,,EGAN00003220301,EGAX00002472549,EGA00002011524,2021-06-22 15:43:13+02,2021-10-07 16:23:40+02
EGAR00002847065,bam,,EGAN00003221088,EGAX00002472550,EGA00002011525,2021-06-22 15:43:17+02,2021-10-07 16:23:40+02
EGAR00002847066,bam,,EGAN00003220791,EGAX00002472551,EGA00002011526,2021-06-22 15:43:21+02,2021-10-07 16:23:40+02
EGAR00002847067,bam,,EGAN00003221064,EGAX00002472552,EGA00002011527,2021-06-22 15:43:25+02,2021-10-07 16:23:39+02
EGAR00002847068,bam,,EGAN00003220539,EGAX00002472553,EGA00002011528,2021-06-22 15:43:29+02,2021-10-07 16:23:39+02
EGAR00002847069,bam,,EGAN00003220982,EGAX00002472554,EGA00002011529,2021-06-22 15:43:32+02,2021-10-07 16:23:39+02
EGAR00002847070,bam,,EGAN00003220547,EGAX00002472555,EGA00002011530,2021-06-22 15:43:36+02,2021-10-07 16:23:39+02
EGAR00002847071,bam,,EGAN00003220439,EGAX00002472556,EGA00002011531,2021-06-22 15:43:40+02,2021-10-07 16:23:39+02
EGAR00002847072,bam,,EGAN00003220871,EGAX00002472557,EGA00002011532,2021-06-22 15:43:44+02,2021-10-07 16:23:39+02
EGAR00002847073,bam,,EGAN00003220551,EGAX00002472558,EGA00002011533,2021-06-22 15:43:47+02,2021-10-07 16:23:40+02
EGAR00002847074,bam,,EGAN00003220486,EGAX00002472559,EGA00002011534,2021-06-22 15:43:51+02,2021-10-07 16:23:40+02
EGAR00002847075,bam,,EGAN00003220550,EGAX00002472560,EGA00002011535,2021-06-22 15:43:55+02,2021-10-07 16:23:40+02
EGAR00002847076,bam,,EGAN00003220622,EGAX00002472561,EGA00002011536,2021-06-22 15:43:59+02,2021-10-07 16:23:40+02
EGAR00002847077,bam,,EGAN00003220339,EGAX00002472562,EGA00002011537,2021-06-22 15:44:03+02,2021-10-07 16:23:40+02
EGAR00002847078,bam,,EGAN00003220405,EGAX00002472563,EGA00002011538,2021-06-22 15:44:06+02,2021-10-07 16:23:39+02
EGAR00002847079,bam,,EGAN00003220443,EGAX00002472564,EGA00002011539,2021-06-22 15:44:10+02,2021-10-07 16:23:39+02
EGAR00002847080,bam,,EGAN00003220648,EGAX00002472565,EGA00002011540,2021-06-22 15:44:14+02,2021-10-07 16:23:39+02
EGAR00002847081,bam,,EGAN00003221009,EGAX00002472566,EGA00002011541,2021-06-22 15:44:17+02,2021-10-07 16:23:40+02
EGAR00002847082,bam,,EGAN00003220555,EGAX00002472567,EGA00002011542,2021-06-22 15:44:21+02,2021-10-07 16:23:39+02
EGAR00002847083,bam,,EGAN00003221032,EGAX00002472568,EGA00002011543,2021-06-22 15:44:25+02,2021-10-07 16:23:40+02
EGAR00002847084,bam,,EGAN00003220695,EGAX00002472569,EGA00002011544,2021-06-22 15:44:29+02,2021-10-07 16:23:39+02
EGAR00002847085,bam,,EGAN00003220690,EGAX00002472570,EGA00002011545,2021-06-22 15:44:32+02,2021-10-07 16:23:40+02
EGAR00002847086,bam,,EGAN00003220771,EGAX00002472571,EGA00002011546,2021-06-22 15:44:36+02,2021-10-07 16:23:40+02
EGAR00002847087,bam,,EGAN00003220768,EGAX00002472572,EGA00002011547,2021-06-22 15:44:40+02,2021-10-07 16:23:40+02
EGAR00002847088,bam,,EGAN00003220769,EGAX00002472573,EGA00002011548,2021-06-22 15:44:44+02,2021-10-07 16:23:39+02
EGAR00002847089,bam,,EGAN00003220823,EGAX00002472574,EGA00002011549,2021-06-22 15:44:48+02,2021-10-07 16:23:41+02
EGAR00002847090,bam,,EGAN00003220494,EGAX00002472575,EGA00002011550,2021-06-22 15:44:51+02,2021-10-07 16:23:39+02
EGAR00002847091,bam,,EGAN00003220330,EGAX00002472576,EGA00002011551,2021-06-22 15:44:55+02,2021-10-07 16:23:39+02
EGAR00002847092,bam,,EGAN00003221042,EGAX00002472577,EGA00002011552,2021-06-22 15:44:59+02,2021-10-07 16:23:39+02
EGAR00002847093,bam,,EGAN00003220645,EGAX00002472578,EGA00002011553,2021-06-22 15:45:03+02,2021-10-07 16:23:39+02
EGAR00002847094,bam,,EGAN00003220764,EGAX00002472579,EGA00002011554,2021-06-22 15:45:07+02,2021-10-07 16:23:39+02
EGAR00002847095,bam,,EGAN00003220341,EGAX00002472580,EGA00002011555,2021-06-22 15:45:10+02,2021-10-07 16:23:39+02
EGAR00002847096,bam,,EGAN00003220812,EGAX00002472581,EGA00002011556,2021-06-22 15:45:15+02,2021-10-07 16:23:39+02
EGAR00002847097,bam,,EGAN00003220832,EGAX00002472582,EGA00002011557,2021-06-22 15:45:18+02,2021-10-07 16:23:39+02
EGAR00002847098,bam,,EGAN00003220454,EGAX00002472583,EGA00002011558,2021-06-22 15:45:22+02,2021-10-07 16:23:39+02
EGAR00002847099,bam,,EGAN00003220821,EGAX00002472584,EGA00002011559,2021-06-22 15:45:26+02,2021-10-07 16:23:39+02
EGAR00002847100,bam,,EGAN00003220735,EGAX00002472585,EGA00002011560,2021-06-22 15:45:30+02,2021-10-07 16:23:39+02
EGAR00002847101,bam,,EGAN00003220814,EGAX00002472586,EGA00002011561,2021-06-22 15:45:33+02,2021-10-07 16:23:39+02
EGAR00002847102,bam,,EGAN00003220756,EGAX00002472587,EGA00002011562,2021-06-22 15:45:37+02,2021-10-07 16:23:38+02
EGAR00002847103,bam,,EGAN00003220754,EGAX00002472588,EGA00002011563,2021-06-22 15:45:41+02,2021-10-07 16:23:38+02
EGAR00002847104,bam,,EGAN00003220385,EGAX00002472589,EGA00002011564,2021-06-22 15:45:45+02,2021-10-07 16:23:38+02
EGAR00002847105,bam,,EGAN00003220854,EGAX00002472590,EGA00002011565,2021-06-22 15:45:49+02,2021-10-07 16:23:38+02
EGAR00002847106,bam,,EGAN00003220445,EGAX00002472591,EGA00002011566,2021-06-22 15:45:53+02,2021-10-07 16:23:38+02
EGAR00002847107,bam,,EGAN00003220542,EGAX00002472592,EGA00002011567,2021-06-22 15:45:56+02,2021-10-07 16:23:38+02
EGAR00002847108,bam,,EGAN00003220543,EGAX00002472593,EGA00002011568,2021-06-22 15:46:00+02,2021-10-07 16:23:38+02
EGAR00002847109,bam,,EGAN00003220858,EGAX00002472594,EGA00002011569,2021-06-22 15:46:04+02,2021-10-07 16:23:38+02
EGAR00002847110,bam,,EGAN00003221010,EGAX00002472595,EGA00002011570,2021-06-22 15:46:07+02,2021-10-07 16:23:38+02
EGAR00002847111,bam,,EGAN00003220535,EGAX00002472596,EGA00002011571,2021-06-22 15:46:11+02,2021-10-07 16:23:38+02
EGAR00002847112,bam,,EGAN00003220317,EGAX00002472597,EGA00002011572,2021-06-22 15:46:15+02,2021-10-07 16:23:38+02
EGAR00002847113,bam,,EGAN00003220973,EGAX00002472598,EGA00002011573,2021-06-22 15:46:19+02,2021-10-07 16:23:38+02
EGAR00002847114,bam,,EGAN00003220492,EGAX00002472599,EGA00002011574,2021-06-22 15:46:22+02,2021-10-07 16:23:38+02
EGAR00002847115,bam,,EGAN00003221049,EGAX00002472600,EGA00002011575,2021-06-22 15:46:26+02,2021-10-07 16:23:39+02
EGAR00002847116,bam,,EGAN00003221006,EGAX00002472601,EGA00002011576,2021-06-22 15:46:30+02,2021-10-07 16:23:38+02
EGAR00002847117,bam,,EGAN00003220868,EGAX00002472602,EGA00002011577,2021-06-22 15:46:33+02,2021-10-07 16:23:40+02
EGAR00002847118,bam,,EGAN00003220673,EGAX00002472603,EGA00002011578,2021-06-22 15:46:37+02,2021-10-07 16:23:38+02
EGAR00002847119,bam,,EGAN00003220452,EGAX00002472604,EGA00002011579,2021-06-22 15:46:41+02,2021-10-07 16:23:40+02
EGAR00002847120,bam,,EGAN00003220848,EGAX00002472605,EGA00002011580,2021-06-22 15:46:45+02,2021-10-07 16:23:40+02
EGAR00002847121,bam,,EGAN00003220532,EGAX00002472606,EGA00002011581,2021-06-22 15:46:49+02,2021-10-07 16:23:40+02
EGAR00002847122,bam,,EGAN00003220985,EGAX00002472607,EGA00002011582,2021-06-22 15:46:52+02,2021-10-07 16:23:39+02
EGAR00002847123,bam,,EGAN00003220332,EGAX00002472608,EGA00002011583,2021-06-22 15:46:56+02,2021-10-07 16:23:40+02
EGAR00002847124,bam,,EGAN00003220331,EGAX00002472609,EGA00002011584,2021-06-22 15:47:00+02,2021-10-07 16:23:39+02
EGAR00002847125,bam,,EGAN00003220374,EGAX00002472610,EGA00002011585,2021-06-22 15:47:04+02,2021-10-07 16:23:39+02
EGAR00002847126,bam,,EGAN00003220992,EGAX00002472611,EGA00002011586,2021-06-22 15:47:07+02,2021-10-07 16:23:39+02
EGAR00002847127,bam,,EGAN00003221086,EGAX00002472612,EGA00002011587,2021-06-22 15:47:11+02,2021-10-07 16:23:39+02
EGAR00002847128,bam,,EGAN00003221083,EGAX00002472613,EGA00002011588,2021-06-22 15:47:15+02,2021-10-07 16:23:39+02
EGAR00002847129,bam,,EGAN00003220509,EGAX00002472614,EGA00002011589,2021-06-22 15:47:19+02,2021-10-07 16:23:39+02
EGAR00002847130,bam,,EGAN00003221076,EGAX00002472615,EGA00002011590,2021-06-22 15:47:22+02,2021-10-07 16:23:39+02
EGAR00002847131,bam,,EGAN00003221055,EGAX00002472616,EGA00002011591,2021-06-22 15:47:26+02,2021-10-07 16:23:39+02
EGAR00002847132,bam,,EGAN00003220553,EGAX00002472617,EGA00002011592,2021-06-22 15:47:30+02,2021-10-07 16:23:39+02
EGAR00002847133,bam,,EGAN00003220612,EGAX00002472618,EGA00002011593,2021-06-22 15:47:34+02,2021-10-07 16:23:39+02
EGAR00002847134,bam,,EGAN00003221054,EGAX00002472619,EGA00002011594,2021-06-22 15:47:38+02,2021-10-07 16:23:38+02
EGAR00002847135,bam,,EGAN00003220696,EGAX00002472620,EGA00002011595,2021-06-22 15:47:42+02,2021-10-07 16:23:39+02
EGAR00002847136,bam,,EGAN00003220885,EGAX00002472621,EGA00002011596,2021-06-22 15:47:45+02,2021-10-07 16:23:38+02
EGAR00002847137,bam,,EGAN00003221067,EGAX00002472622,EGA00002011597,2021-06-22 15:47:49+02,2021-10-07 16:23:38+02
EGAR00002847138,bam,,EGAN00003220766,EGAX00002472623,EGA00002011598,2021-06-22 15:47:53+02,2021-10-07 16:23:38+02
EGAR00002847139,bam,,EGAN00003221005,EGAX00002472624,EGA00002011599,2021-06-22 15:47:56+02,2021-10-07 16:23:38+02
EGAR00002847140,bam,,EGAN00003220400,EGAX00002472625,EGA00002011600,2021-06-22 15:48:00+02,2021-10-07 16:23:38+02
EGAR00002847141,bam,,EGAN00003220748,EGAX00002472626,EGA00002011601,2021-06-22 15:48:04+02,2021-10-07 16:23:39+02
EGAR00002847142,bam,,EGAN00003220938,EGAX00002472627,EGA00002011602,2021-06-22 15:48:08+02,2021-10-07 16:23:38+02
EGAR00002847143,bam,,EGAN00003220442,EGAX00002472628,EGA00002011603,2021-06-22 15:48:11+02,2021-10-07 16:23:39+02
EGAR00002847144,bam,,EGAN00003220440,EGAX00002472629,EGA00002011604,2021-06-22 15:48:15+02,2021-10-07 16:23:38+02
EGAR00002847145,bam,,EGAN00003220524,EGAX00002472630,EGA00002011605,2021-06-22 15:48:19+02,2021-10-07 16:23:39+02
EGAR00002847146,bam,,EGAN00003220922,EGAX00002472631,EGA00002011606,2021-06-22 15:48:23+02,2021-10-07 16:23:38+02
EGAR00002847147,bam,,EGAN00003220785,EGAX00002472632,EGA00002011607,2021-06-22 15:48:27+02,2021-10-07 16:23:39+02
EGAR00002847148,bam,,EGAN00003221007,EGAX00002472633,EGA00002011608,2021-06-22 15:48:31+02,2021-10-07 16:23:38+02
EGAR00002847149,bam,,EGAN00003220392,EGAX00002472634,EGA00002011609,2021-06-22 15:48:34+02,2021-10-07 16:23:39+02
EGAR00002847150,bam,,EGAN00003220468,EGAX00002472635,EGA00002011610,2021-06-22 15:48:38+02,2021-10-07 16:23:38+02
EGAR00002847151,bam,,EGAN00003221029,EGAX00002472636,EGA00002011611,2021-06-22 15:48:42+02,2021-10-07 16:23:39+02
EGAR00002847152,bam,,EGAN00003220563,EGAX00002472637,EGA00002011612,2021-06-22 15:48:45+02,2021-10-07 16:23:38+02
EGAR00002847153,bam,,EGAN00003220552,EGAX00002472638,EGA00002011613,2021-06-22 15:48:49+02,2021-10-07 16:23:39+02
EGAR00002847154,bam,,EGAN00003220398,EGAX00002472639,EGA00002011614,2021-06-22 15:48:53+02,2021-10-07 16:23:38+02
EGAR00002847155,bam,,EGAN00003220399,EGAX00002472640,EGA00002011615,2021-06-22 15:48:57+02,2021-10-07 16:23:38+02
EGAR00002847156,bam,,EGAN00003220831,EGAX00002472641,EGA00002011616,2021-06-22 15:49:01+02,2021-10-07 16:23:39+02
EGAR00002847157,bam,,EGAN00003220541,EGAX00002472642,EGA00002011617,2021-06-22 15:49:04+02,2021-10-07 16:23:38+02
EGAR00002847158,bam,,EGAN00003220528,EGAX00002472643,EGA00002011618,2021-06-22 15:49:08+02,2021-10-07 16:23:39+02
EGAR00002847159,bam,,EGAN00003220397,EGAX00002472644,EGA00002011619,2021-06-22 15:49:12+02,2021-10-07 16:23:39+02
EGAR00002847160,bam,,EGAN00003220455,EGAX00002472645,EGA00002011620,2021-06-22 15:49:16+02,2021-10-07 16:23:39+02
EGAR00002847161,bam,,EGAN00003220493,EGAX00002472646,EGA00002011621,2021-06-22 15:49:19+02,2021-10-07 16:23:39+02
EGAR00002847162,bam,,EGAN00003220444,EGAX00002472647,EGA00002011622,2021-06-22 15:49:23+02,2021-10-07 16:23:39+02
EGAR00002847163,bam,,EGAN00003220447,EGAX00002472648,EGA00002011623,2021-06-22 15:49:27+02,2021-10-07 16:23:39+02
EGAR00002847164,bam,,EGAN00003220559,EGAX00002472649,EGA00002011624,2021-06-22 15:49:31+02,2021-10-07 16:23:39+02
EGAR00002847165,bam,,EGAN00003220894,EGAX00002472650,EGA00002011625,2021-06-22 15:49:35+02,2021-10-07 16:23:39+02
EGAR00002847166,bam,,EGAN00003220546,EGAX00002472651,EGA00002011626,2021-06-22 15:49:38+02,2021-10-07 16:23:39+02
EGAR00002847167,bam,,EGAN00003220324,EGAX00002472652,EGA00002011627,2021-06-22 15:49:42+02,2021-10-07 16:23:39+02
EGAR00002847168,bam,,EGAN00003220386,EGAX00002472653,EGA00002011628,2021-06-22 15:49:46+02,2021-10-07 16:23:39+02
EGAR00002847169,bam,,EGAN00003220381,EGAX00002472654,EGA00002011629,2021-06-22 15:49:50+02,2021-10-07 16:23:41+02
EGAR00002847170,bam,,EGAN00003220383,EGAX00002472655,EGA00002011630,2021-06-22 15:49:54+02,2021-10-07 16:23:39+02
EGAR00002847171,bam,,EGAN00003220464,EGAX00002472656,EGA00002011631,2021-06-22 15:49:57+02,2021-10-07 16:23:39+02
EGAR00002847172,bam,,EGAN00003220819,EGAX00002472657,EGA00002011632,2021-06-22 15:50:01+02,2021-10-07 16:23:39+02
EGAR00002847173,bam,,EGAN00003220781,EGAX00002472658,EGA00002011633,2021-06-22 15:50:05+02,2021-10-07 16:23:39+02
EGAR00002847174,bam,,EGAN00003221128,EGAX00002472659,EGA00002011634,2021-06-22 15:50:08+02,2021-10-07 16:23:39+02
EGAR00002847175,bam,,EGAN00003220646,EGAX00002472660,EGA00002011635,2021-06-22 15:50:12+02,2021-10-07 16:23:39+02
EGAR00002847176,bam,,EGAN00003220783,EGAX00002472661,EGA00002011636,2021-06-22 15:50:16+02,2021-10-07 16:23:40+02
EGAR00002847177,bam,,EGAN00003220309,EGAX00002472662,EGA00002011637,2021-06-22 15:50:19+02,2021-10-07 16:23:40+02
EGAR00002847178,bam,,EGAN00003220630,EGAX00002472663,EGA00002011638,2021-06-22 15:50:23+02,2021-10-07 16:23:40+02
EGAR00002847183,bam,,EGAN00003220804,EGAX00002472668,EGA00002011640,2021-06-22 15:50:27+02,2021-10-07 16:23:40+02
EGAR00002847184,bam,,EGAN00003220806,EGAX00002472669,EGA00002011641,2021-06-22 15:50:31+02,2021-10-07 16:23:40+02
EGAR00002847185,bam,,EGAN00003220808,EGAX00002472670,EGA00002011642,2021-06-22 15:50:35+02,2021-10-07 16:23:40+02
EGAR00002847186,bam,,EGAN00003220809,EGAX00002472671,EGA00002011643,2021-06-22 15:50:38+02,2021-10-07 16:23:40+02
EGAR00002847187,bam,,EGAN00003220772,EGAX00002472672,EGA00002011644,2021-06-22 15:50:42+02,2021-10-07 16:23:40+02
EGAR00002847188,bam,,EGAN00003220776,EGAX00002472673,EGA00002011645,2021-06-22 15:50:46+02,2021-10-07 16:23:40+02
EGAR00002847189,bam,,EGAN00003220953,EGAX00002472674,EGA00002011646,2021-06-22 15:50:50+02,2021-10-07 16:23:40+02
