sample_accession_id,sample_alias,file_name,file_accession_id
EGAN00003160957,CGPLLU286P,CGPLLU286P.bam,EGAF00005323192
EGAN00003220299,CGPLLU415P,CGPLLU415P.bam,EGAF00005323325
EGAN00003220300,CGPLLU332P,CGPLLU332P.bam,EGAF00005323242
EGAN00003220301,CGPLLU520P,CGPLLU520P.bam,EGAF00005323431
EGAN00003220302,CGPLLU395P,CGPLLU395P.bam,EGAF00005323304
EGAN00003220303,CGPLLU418P,CGPLLU418P.bam,EGAF00005323328
EGAN00003220304,CGPLLU287P,CGPLLU287P.bam,EGAF00005323193
EGAN00003220305,CGPLLU424P,CGPLLU424P.bam,EGAF00005323334
EGAN00003220306,CGPLH826P,CGPLH826P.bam,EGAF00005322993
EGAN00003220307,CGPLLU423P,CGPLLU423P.bam,EGAF00005323333
EGAN00003220308,CGPLH829P,CGPLH829P.bam,EGAF00005322996
EGAN00003220309,CGPLLU634P,CGPLLU634P.bam,EGAF00005323544
EGAN00003220310,CGPLH825P,CGPLH825P.bam,EGAF00005322992
EGAN00003220311,CGPLLU420P,CGPLLU420P.bam,EGAF00005323330
EGAN00003220312,CGPLLU315P,CGPLLU315P.bam,EGAF00005323225
EGAN00003220313,CGPLLU430P,CGPLLU430P.bam,EGAF00005323340
EGAN00003220314,CGPLLU429P,CGPLLU429P.bam,EGAF00005323339
EGAN00003220315,CGPLLU495P,CGPLLU495P.bam,EGAF00005323405
EGAN00003220316,CGPLLU426P,CGPLLU426P.bam,EGAF00005323336
EGAN00003220317,CGPLLU568P,CGPLLU568P.bam,EGAF00005323479
EGAN00003220318,CGPLLU414P,CGPLLU414P.bam,EGAF00005323324
EGAN00003220319,CGPLLU422P,CGPLLU422P.bam,EGAF00005323332
EGAN00003220320,CGPLLU412P,CGPLLU412P.bam,EGAF00005323322
EGAN00003220321,CGPLLU338P,CGPLLU338P.bam,EGAF00005323248
EGAN00003220322,CGPLLU409P,CGPLLU409P.bam,EGAF00005323319
EGAN00003220323,CGPLLU408P,CGPLLU408P.bam,EGAF00005323318
EGAN00003220324,CGPLLU624P,CGPLLU624P.bam,EGAF00005323534
EGAN00003220325,CGPLLU367P,CGPLLU367P.bam,EGAF00005323277
EGAN00003220326,CGPLLU435P,CGPLLU435P.bam,EGAF00005323345
EGAN00003220327,CGPLLU467P,CGPLLU467P.bam,EGAF00005323377
EGAN00003220328,CGPLLU290P,CGPLLU290P.bam,EGAF00005323197
EGAN00003220329,CGPLLU481P,CGPLLU481P.bam,EGAF00005323391
EGAN00003220330,CGPLLU547P,CGPLLU547P.bam,EGAF00005323458
EGAN00003220331,CGPLLU581P,CGPLLU581P.bam,EGAF00005323491
EGAN00003220332,CGPLLU580P,CGPLLU580P.bam,EGAF00005323490
EGAN00003220333,CGPLLU466P,CGPLLU466P.bam,EGAF00005323376
EGAN00003220334,CGPLLU501P,CGPLLU501P.bam,EGAF00005323412
EGAN00003220335,CGPLLU294P,CGPLLU294P.bam,EGAF00005323201
EGAN00003220336,CGPLLU511P,CGPLLU511P.bam,EGAF00005323422
EGAN00003220337,CGPLLU297P,CGPLLU297P.bam,EGAF00005323204
EGAN00003220338,CGPLLU486P,CGPLLU486P.bam,EGAF00005323396
EGAN00003220339,CGPLLU533P,CGPLLU533P.bam,EGAF00005323444
EGAN00003220340,CGPLLU312P,CGPLLU312P.bam,EGAF00005323222
EGAN00003220341,CGPLLU551P,CGPLLU551P.bam,EGAF00005323462
EGAN00003220342,CGPLLU225P,CGPLLU225P.bam,EGAF00005323156
EGAN00003220343,CGPLLU226P,CGPLLU226P.bam,EGAF00005323157
EGAN00003220344,CGPLLU223P,CGPLLU223P.bam,EGAF00005323154
EGAN00003220345,CGPLH720P_1,CGPLH720P_1.bam,EGAF00005322924
EGAN00003220346,CGPLH721P_1,CGPLH721P_1.bam,EGAF00005322925
EGAN00003220347,CGPLH722P_1,CGPLH722P_1.bam,EGAF00005322926
EGAN00003220348,CGPLH882P,CGPLH882P.bam,EGAF00005323032
EGAN00003220349,CGPLH883P,CGPLH883P.bam,EGAF00005323033
EGAN00003220350,CGPLH886P,CGPLH886P.bam,EGAF00005323035
EGAN00003220351,CGPLH723P_1,CGPLH723P_1.bam,EGAF00005322927
EGAN00003220352,CGPLLU224P,CGPLLU224P.bam,EGAF00005323155
EGAN00003220353,CGPLH877P,CGPLH877P.bam,EGAF00005323028
EGAN00003220354,CGPLH587P_1,CGPLH587P_1.bam,EGAF00005322801
EGAN00003220355,CGPLLU241P,CGPLLU241P.bam,EGAF00005323168
EGAN00003220356,CGPLH894P,CGPLH894P.bam,EGAF00005323043
EGAN00003220357,CGPLH895P,CGPLH895P.bam,EGAF00005323044
EGAN00003220358,CGPLH589P_1,CGPLH589P_1.bam,EGAF00005322803
EGAN00003220359,CGPLH724P_1,CGPLH724P_1.bam,EGAF00005322928
EGAN00003220360,CGPLH588P_1,CGPLH588P_1.bam,EGAF00005322802
EGAN00003220361,CGPLH725P_1,CGPLH725P_1.bam,EGAF00005322929
EGAN00003220362,CGPLH590P_1,CGPLH590P_1.bam,EGAF00005322804
EGAN00003220363,CGPLH358P_2,CGPLH358P_2.bam,EGAF00005322746
EGAN00003220364,CGPLH408P_2,CGPLH408P_2.bam,EGAF00005322753
EGAN00003220365,CGPLH417P_2,CGPLH417P_2.bam,EGAF00005322755
EGAN00003220366,CGPLH411P_2,CGPLH411P_2.bam,EGAF00005322754
EGAN00003220367,CGPLH897P,CGPLH897P.bam,EGAF00005323045
EGAN00003220368,CGPLH899P,CGPLH899P.bam,EGAF00005323046
EGAN00003220369,CGPLLU478P,CGPLLU478P.bam,EGAF00005323388
EGAN00003220370,CGPLH901P,CGPLH901P.bam,EGAF00005323048
EGAN00003220371,CGPLH688P_1,CGPLH688P_1.bam,EGAF00005322893
EGAN00003220372,CGPLLU480P,CGPLLU480P.bam,EGAF00005323390
EGAN00003220373,CGPLH689P_1,CGPLH689P_1.bam,EGAF00005322894
EGAN00003220374,CGPLLU582P,CGPLLU582P.bam,EGAF00005323492
EGAN00003220375,CGPLH690P_1,CGPLH690P_1.bam,EGAF00005322895
EGAN00003220376,CGPLH351P_2,CGPLH351P_2.bam,EGAF00005322745
EGAN00003220377,CGPLH646P_2,CGPLH646P_2.bam,EGAF00005322853
EGAN00003220378,CGPLH643P_2,CGPLH643P_2.bam,EGAF00005322851
EGAN00003220379,CGPLH956P,CGPLH956P.bam,EGAF00005323098
EGAN00003220380,CGPLH955P,CGPLH955P.bam,EGAF00005323097
EGAN00003220381,CGPLLU626P,CGPLLU626P.bam,EGAF00005323536
EGAN00003220382,CGPLH958P,CGPLH958P.bam,EGAF00005323100
EGAN00003220383,CGPLLU627P,CGPLLU627P.bam,EGAF00005323537
EGAN00003220384,CGPLH957P,CGPLH957P.bam,EGAF00005323099
EGAN00003220385,CGPLLU560P,CGPLLU560P.bam,EGAF00005323471
EGAN00003220386,CGPLLU625P,CGPLLU625P.bam,EGAF00005323535
EGAN00003220387,CGPLLU476P,CGPLLU476P.bam,EGAF00005323386
EGAN00003220388,CGPLH954P,CGPLH954P.bam,EGAF00005323096
EGAN00003220389,CGPLLU432P,CGPLLU432P.bam,EGAF00005323342
EGAN00003220390,CGPLH293P_2,CGPLH293P_2.bam,EGAF00005322735
EGAN00003220391,CGPLLU499P,CGPLLU499P.bam,EGAF00005323409
EGAN00003220392,CGPLLU606P,CGPLLU606P.bam,EGAF00005323516
EGAN00003220393,CGPLH993P,CGPLH993P.bam,EGAF00005323135
EGAN00003220394,CGPLH965P,CGPLH965P.bam,EGAF00005323107
EGAN00003220395,CGPLH964P,CGPLH964P.bam,EGAF00005323106
EGAN00003220396,CGPLLU391P,CGPLLU391P.bam,EGAF00005323301
EGAN00003220397,CGPLLU616P,CGPLLU616P.bam,EGAF00005323526
EGAN00003220398,CGPLLU611P,CGPLLU611P.bam,EGAF00005323521
EGAN00003220399,CGPLLU612P,CGPLLU612P.bam,EGAF00005323522
EGAN00003220400,CGPLLU598P,CGPLLU598P.bam,EGAF00005323507
EGAN00003220401,CGPLLU278P,CGPLLU278P.bam,EGAF00005323183
EGAN00003220402,CGPLLU380P,CGPLLU380P.bam,EGAF00005323290
EGAN00003220403,CGPLLU393P,CGPLLU393P.bam,EGAF00005323303
EGAN00003220404,CGPLLU372P,CGPLLU372P.bam,EGAF00005323282
EGAN00003220405,CGPLLU534P,CGPLLU534P.bam,EGAF00005323445
EGAN00003220406,CGPLH291P_2,CGPLH291P_2.bam,EGAF00005322733
EGAN00003220407,CGPLH290P_2,CGPLH290P_2.bam,EGAF00005322732
EGAN00003220408,CGPLH292P_2,CGPLH292P_2.bam,EGAF00005322734
EGAN00003220409,CGPLH577P_2,CGPLH577P_2.bam,EGAF00005322791
EGAN00003220410,CGPLH963P,CGPLH963P.bam,EGAF00005323105
EGAN00003220411,CGPLH334P_2,CGPLH334P_2.bam,EGAF00005322744
EGAN00003220412,CGPLH332P_2,CGPLH332P_2.bam,EGAF00005322743
EGAN00003220413,CGPLH960P,CGPLH960P.bam,EGAF00005323102
EGAN00003220414,CGPLH959P,CGPLH959P.bam,EGAF00005323101
EGAN00003220415,CGPLH962P,CGPLH962P.bam,EGAF00005323104
EGAN00003220416,CGPLH961P,CGPLH961P.bam,EGAF00005323103
EGAN00003220417,CGPLH756P_1,CGPLH756P_1.bam,EGAF00005322960
EGAN00003220418,CGPLH755P_1,CGPLH755P_1.bam,EGAF00005322959
EGAN00003220419,CGPLH1016P,CGPLH1016P.bam,EGAF00005322719
EGAN00003220420,CGPLH754P_1,CGPLH754P_1.bam,EGAF00005322958
EGAN00003220421,CGPLH1018P,CGPLH1018P.bam,EGAF00005322721
EGAN00003220422,CGPLH1017P,CGPLH1017P.bam,EGAF00005322720
EGAN00003220423,CGPLH1007P,CGPLH1007P.bam,EGAF00005322710
EGAN00003220424,CGPLH1006P,CGPLH1006P.bam,EGAF00005322709
EGAN00003220425,CGPLH966P,CGPLH966P.bam,EGAF00005323108
EGAN00003220426,CGPLH967P,CGPLH967P.bam,EGAF00005323109
EGAN00003220427,CGPLH758P_1,CGPLH758P_1.bam,EGAF00005322962
EGAN00003220428,CGPLH757P_1,CGPLH757P_1.bam,EGAF00005322961
EGAN00003220429,CGPLH750P_1,CGPLH750P_1.bam,EGAF00005322954
EGAN00003220430,CGPLH749P_1,CGPLH749P_1.bam,EGAF00005322953
EGAN00003220431,CGPLH752P_1,CGPLH752P_1.bam,EGAF00005322956
EGAN00003220432,CGPLH751P_1,CGPLH751P_1.bam,EGAF00005322955
EGAN00003220433,CGPLH1014P,CGPLH1014P.bam,EGAF00005322717
EGAN00003220434,CGPLH1013P,CGPLH1013P.bam,EGAF00005322716
EGAN00003220435,CGPLH748P_1,CGPLH748P_1.bam,EGAF00005322952
EGAN00003220436,CGPLH1015P,CGPLH1015P.bam,EGAF00005322718
EGAN00003220437,CGPLH753P_1,CGPLH753P_1.bam,EGAF00005322957
EGAN00003220438,CGPLLU475P,CGPLLU475P.bam,EGAF00005323385
EGAN00003220439,CGPLLU527P,CGPLLU527P.bam,EGAF00005323438
EGAN00003220440,CGPLLU601P,CGPLLU601P.bam,EGAF00005323511
EGAN00003220441,CGPLLU318P,CGPLLU318P.bam,EGAF00005323228
EGAN00003220442,CGPLLU600P,CGPLLU600P.bam,EGAF00005323510
EGAN00003220443,CGPLLU535P,CGPLLU535P.bam,EGAF00005323446
EGAN00003220444,CGPLLU619P,CGPLLU619P.bam,EGAF00005323529
EGAN00003220445,CGPLLU562P,CGPLLU562P.bam,EGAF00005323473
EGAN00003220446,CGPLLU363P,CGPLLU363P.bam,EGAF00005323273
EGAN00003220447,CGPLLU620P,CGPLLU620P.bam,EGAF00005323530
EGAN00003220448,CGPLLU275P,CGPLLU275P.bam,EGAF00005323180
EGAN00003220449,CGPLLU365P,CGPLLU365P.bam,EGAF00005323275
EGAN00003220450,CGPLH289P_2,CGPLH289P_2.bam,EGAF00005322731
EGAN00003220451,CGPLLU514P,CGPLLU514P.bam,EGAF00005323425
EGAN00003220452,CGPLLU575P,CGPLLU575P.bam,EGAF00005323486
EGAN00003220453,CGPLLU319P,CGPLLU319P.bam,EGAF00005323229
EGAN00003220454,CGPLLU554P,CGPLLU554P.bam,EGAF00005323465
EGAN00003220455,CGPLLU617P,CGPLLU617P.bam,EGAF00005323527
EGAN00003220456,CGPLLU279P,CGPLLU279P.bam,EGAF00005323184
EGAN00003220457,CGPLLU450P,CGPLLU450P.bam,EGAF00005323360
EGAN00003220458,CGPLLU280P,CGPLLU280P.bam,EGAF00005323186
EGAN00003220459,CGPLLU28P,CGPLLU28P.bam,EGAF00005323196
EGAN00003220460,CGPLLU27P,CGPLLU27P.bam,EGAF00005323185
EGAN00003220461,CGPLLU30P,CGPLLU30P.bam,EGAF00005323219
EGAN00003220462,CGPLLU29P,CGPLLU29P.bam,EGAF00005323207
EGAN00003220463,CGPLLU357P,CGPLLU357P.bam,EGAF00005323267
EGAN00003220464,CGPLLU628P,CGPLLU628P.bam,EGAF00005323538
EGAN00003220465,CGPLLU350P,CGPLLU350P.bam,EGAF00005323260
EGAN00003220466,CGPLLU277P,CGPLLU277P.bam,EGAF00005323182
EGAN00003220467,CGPLLU374P,CGPLLU374P.bam,EGAF00005323284
EGAN00003220468,CGPLLU607P,CGPLLU607P.bam,EGAF00005323517
EGAN00003220469,CGPLLU470P,CGPLLU470P.bam,EGAF00005323380
EGAN00003220470,CGPLH911P,CGPLH911P.bam,EGAF00005323058
EGAN00003220471,CGPLLU503P,CGPLLU503P.bam,EGAF00005323414
EGAN00003220472,CGPLH910P,CGPLH910P.bam,EGAF00005323057
EGAN00003220473,CGPLH699P_1,CGPLH699P_1.bam,EGAF00005322904
EGAN00003220474,CGPLH698P_1,CGPLH698P_1.bam,EGAF00005322903
EGAN00003220475,CGPLLU285P,CGPLLU285P.bam,EGAF00005323191
EGAN00003220476,CGPLLU448P,CGPLLU448P.bam,EGAF00005323358
EGAN00003220477,CGPLH700P_1,CGPLH700P_1.bam,EGAF00005322905
EGAN00003220478,CGPLLU444P,CGPLLU444P.bam,EGAF00005323354
EGAN00003220479,CGPLLU328P,CGPLLU328P.bam,EGAF00005323238
EGAN00003220480,CGPLH656P_1,CGPLH656P_1.bam,EGAF00005322863
EGAN00003220481,CGPLH668P_1,CGPLH668P_1.bam,EGAF00005322875
EGAN00003220482,CGPLH655P_1,CGPLH655P_1.bam,EGAF00005322862
EGAN00003220483,CGPLLU345P,CGPLLU345P.bam,EGAF00005323255
EGAN00003220484,CGPLH907P,CGPLH907P.bam,EGAF00005323054
EGAN00003220485,CGPLH666P_1,CGPLH666P_1.bam,EGAF00005322873
EGAN00003220486,CGPLLU530P,CGPLLU530P.bam,EGAF00005323441
EGAN00003220487,CGPLH657P_1,CGPLH657P_1.bam,EGAF00005322864
EGAN00003220488,CGPLH667P_1,CGPLH667P_1.bam,EGAF00005322874
EGAN00003220489,CGPLH909P,CGPLH909P.bam,EGAF00005323056
EGAN00003220490,CGPLLU493P,CGPLLU493P.bam,EGAF00005323403
EGAN00003220491,CGPLH908P,CGPLH908P.bam,EGAF00005323055
EGAN00003220492,CGPLLU570P,CGPLLU570P.bam,EGAF00005323481
EGAN00003220493,CGPLLU618P,CGPLLU618P.bam,EGAF00005323528
EGAN00003220494,CGPLLU546P,CGPLLU546P.bam,EGAF00005323457
EGAN00003220495,CGPLLU342P,CGPLLU342P.bam,EGAF00005323252
EGAN00003220496,CGPLLU293P,CGPLLU293P.bam,EGAF00005323200
EGAN00003220497,CGPLH706P_1,CGPLH706P_1.bam,EGAF00005322910
EGAN00003220498,CGPLH705P_1,CGPLH705P_1.bam,EGAF00005322909
EGAN00003220499,CGPLLU371P,CGPLLU371P.bam,EGAF00005323281
EGAN00003220500,CGPLLU427P,CGPLLU427P.bam,EGAF00005323337
EGAN00003220501,CGPLH707P_1,CGPLH707P_1.bam,EGAF00005322911
EGAN00003220502,CGPLH496P_2,CGPLH496P_2.bam,EGAF00005322777
EGAN00003220503,CGPLH505P_2,CGPLH505P_2.bam,EGAF00005322779
EGAN00003220504,CGPLH501P_2,CGPLH501P_2.bam,EGAF00005322778
EGAN00003220505,CGPLH574P_1,CGPLH574P_1.bam,EGAF00005322787
EGAN00003220506,CGPLH573P_1,CGPLH573P_1.bam,EGAF00005322786
EGAN00003220507,CGPLH572P_1,CGPLH572P_1.bam,EGAF00005322785
EGAN00003220508,CGPLLU428P,CGPLLU428P.bam,EGAF00005323338
EGAN00003220509,CGPLLU586P,CGPLLU586P.bam,EGAF00005323496
EGAN00003220510,CGPLLU281P,CGPLLU281P.bam,EGAF00005323187
EGAN00003220511,CGPLH571P_1,CGPLH571P_1.bam,EGAF00005322784
EGAN00003220512,CGPLH520P_2,CGPLH520P_2.bam,EGAF00005322781
EGAN00003220513,CGPLH516P_2,CGPLH516P_2.bam,EGAF00005322780
EGAN00003220514,CGPLH583P_1,CGPLH583P_1.bam,EGAF00005322797
EGAN00003220515,CGPLH582P_1,CGPLH582P_1.bam,EGAF00005322796
EGAN00003220516,CGPLH581P_1,CGPLH581P_1.bam,EGAF00005322795
EGAN00003220517,CGPLH580P_1,CGPLH580P_1.bam,EGAF00005322794
EGAN00003220518,CGPLH584P_1,CGPLH584P_1.bam,EGAF00005322798
EGAN00003220519,CGPLH575P_1,CGPLH575P_1.bam,EGAF00005322788
EGAN00003220520,CGPLH579P_1,CGPLH579P_1.bam,EGAF00005322793
EGAN00003220521,CGPLH578P_1,CGPLH578P_1.bam,EGAF00005322792
EGAN00003220522,CGPLH577P_1,CGPLH577P_1.bam,EGAF00005322790
EGAN00003220523,CGPLH576P_1,CGPLH576P_1.bam,EGAF00005322789
EGAN00003220524,CGPLLU602P,CGPLLU602P.bam,EGAF00005323512
EGAN00003220525,CGPLLU392P,CGPLLU392P.bam,EGAF00005323302
EGAN00003220526,CGPLLU381P,CGPLLU381P.bam,EGAF00005323291
EGAN00003220527,CGPLLU308P,CGPLLU308P.bam,EGAF00005323217
EGAN00003220528,CGPLLU615P,CGPLLU615P.bam,EGAF00005323525
EGAN00003220529,CGPLLU411P,CGPLLU411P.bam,EGAF00005323321
EGAN00003220530,CGPLLU388P,CGPLLU388P.bam,EGAF00005323298
EGAN00003220531,CGPLLU433P,CGPLLU433P.bam,EGAF00005323343
EGAN00003220532,CGPLLU577P,CGPLLU577P.bam,EGAF00005323488
EGAN00003220533,CGPLLU390P,CGPLLU390P.bam,EGAF00005323300
EGAN00003220534,CGPLLU303P,CGPLLU303P.bam,EGAF00005323212
EGAN00003220535,CGPLLU567P,CGPLLU567P.bam,EGAF00005323478
EGAN00003220536,CGPLH586P_1,CGPLH586P_1.bam,EGAF00005322800
EGAN00003220537,CGPLH585P_1,CGPLH585P_1.bam,EGAF00005322799
EGAN00003220538,CGPLLU299P,CGPLLU299P.bam,EGAF00005323206
EGAN00003220539,CGPLLU524P,CGPLLU524P.bam,EGAF00005323435
EGAN00003220540,CGPLLU498P,CGPLLU498P.bam,EGAF00005323408
EGAN00003220541,CGPLLU614P,CGPLLU614P.bam,EGAF00005323524
EGAN00003220542,CGPLLU563P,CGPLLU563P.bam,EGAF00005323474
EGAN00003220543,CGPLLU564P,CGPLLU564P.bam,EGAF00005323475
EGAN00003220544,CGPLLU515P,CGPLLU515P.bam,EGAF00005323426
EGAN00003220545,CGPLLU331P,CGPLLU331P.bam,EGAF00005323241
EGAN00003220546,CGPLLU623P,CGPLLU623P.bam,EGAF00005323533
EGAN00003220547,CGPLLU526P,CGPLLU526P.bam,EGAF00005323437
EGAN00003220548,CGPLLU518P,CGPLLU518P.bam,EGAF00005323429
EGAN00003220549,CGPLLU516P,CGPLLU516P.bam,EGAF00005323427
EGAN00003220550,CGPLLU531P,CGPLLU531P.bam,EGAF00005323442
EGAN00003220551,CGPLLU529P,CGPLLU529P.bam,EGAF00005323440
EGAN00003220552,CGPLLU610P,CGPLLU610P.bam,EGAF00005323520
EGAN00003220553,CGPLLU589P,CGPLLU589P.bam,EGAF00005323499
EGAN00003220554,CGPLLU283P,CGPLLU283P.bam,EGAF00005323189
EGAN00003220555,CGPLLU538P,CGPLLU538P.bam,EGAF00005323449
EGAN00003220556,CGPLLU284P,CGPLLU284P.bam,EGAF00005323190
EGAN00003220557,CGPLLU460P,CGPLLU460P.bam,EGAF00005323370
EGAN00003220558,CGPLLU309P,CGPLLU309P.bam,EGAF00005323218
EGAN00003220559,CGPLLU621P,CGPLLU621P.bam,EGAF00005323531
EGAN00003220560,CGPLH612P_1,CGPLH612P_1.bam,EGAF00005322825
EGAN00003220561,CGPLH611P_1,CGPLH611P_1.bam,EGAF00005322824
EGAN00003220562,CGPLH610P_1,CGPLH610P_1.bam,EGAF00005322823
EGAN00003220563,CGPLLU609P,CGPLLU609P.bam,EGAF00005323519
EGAN00003220564,CGPLH607P_1,CGPLH607P_1.bam,EGAF00005322821
EGAN00003220565,CGPLH989P,CGPLH989P.bam,EGAF00005323131
EGAN00003220566,CGPLH987P,CGPLH987P.bam,EGAF00005323129
EGAN00003220567,CGPLH986P,CGPLH986P.bam,EGAF00005323128
EGAN00003220568,CGPLH985P,CGPLH985P.bam,EGAF00005323127
EGAN00003220569,CGPLH683P_1,CGPLH683P_1.bam,EGAF00005322889
EGAN00003220570,CGPLH988P,CGPLH988P.bam,EGAF00005323130
EGAN00003220571,CGPLH739P_1,CGPLH739P_1.bam,EGAF00005322943
EGAN00003220572,CGPLH738P_1,CGPLH738P_1.bam,EGAF00005322942
EGAN00003220573,CGPLH824P,CGPLH824P.bam,EGAF00005322991
EGAN00003220574,CGPLH733P_1,CGPLH733P_1.bam,EGAF00005322937
EGAN00003220575,CGPLH817P,CGPLH817P.bam,EGAF00005322984
EGAN00003220576,CGPLH816P,CGPLH816P.bam,EGAF00005322983
EGAN00003220577,CGPLH606P_1,CGPLH606P_1.bam,EGAF00005322820
EGAN00003220578,CGPLH605P_1,CGPLH605P_1.bam,EGAF00005322819
EGAN00003220579,CGPLH604P_1,CGPLH604P_1.bam,EGAF00005322818
EGAN00003220580,CGPLH603P_1,CGPLH603P_1.bam,EGAF00005322817
EGAN00003220581,CGPLH602P_1,CGPLH602P_1.bam,EGAF00005322816
EGAN00003220582,CGPLH823P,CGPLH823P.bam,EGAF00005322990
EGAN00003220583,CGPLH822P,CGPLH822P.bam,EGAF00005322989
EGAN00003220584,CGPLH821P,CGPLH821P.bam,EGAF00005322988
EGAN00003220585,CGPLH820P,CGPLH820P.bam,EGAF00005322987
EGAN00003220586,CGPLH819P,CGPLH819P.bam,EGAF00005322986
EGAN00003220587,CGPLH818P,CGPLH818P.bam,EGAF00005322985
EGAN00003220588,CGPLH742P_1,CGPLH742P_1.bam,EGAF00005322946
EGAN00003220589,CGPLH741P_1,CGPLH741P_1.bam,EGAF00005322945
EGAN00003220590,CGPLH740P_1,CGPLH740P_1.bam,EGAF00005322944
EGAN00003220591,CGPLH990P,CGPLH990P.bam,EGAF00005323132
EGAN00003220592,CGPLH596P_1,CGPLH596P_1.bam,EGAF00005322810
EGAN00003220593,CGPLH595P_1,CGPLH595P_1.bam,EGAF00005322809
EGAN00003220594,CGPLH992P,CGPLH992P.bam,EGAF00005323134
EGAN00003220595,CGPLH594P_1,CGPLH594P_1.bam,EGAF00005322808
EGAN00003220596,CGPLH991P,CGPLH991P.bam,EGAF00005323133
EGAN00003220597,CGPLH601P_1,CGPLH601P_1.bam,EGAF00005322815
EGAN00003220598,CGPLH600P_1,CGPLH600P_1.bam,EGAF00005322814
EGAN00003220599,CGPLH599P_1,CGPLH599P_1.bam,EGAF00005322813
EGAN00003220600,CGPLH598P_1,CGPLH598P_1.bam,EGAF00005322812
EGAN00003220601,CGPLH597P_1,CGPLH597P_1.bam,EGAF00005322811
EGAN00003220602,CGPLH922P,CGPLH922P.bam,EGAF00005323069
EGAN00003220603,CGPLH709P_1,CGPLH709P_1.bam,EGAF00005322913
EGAN00003220604,CGPLH710P_1,CGPLH710P_1.bam,EGAF00005322914
EGAN00003220605,CGPLH923P,CGPLH923P.bam,EGAF00005323070
EGAN00003220606,CGPLH708P_1,CGPLH708P_1.bam,EGAF00005322912
EGAN00003220607,CGPLLU491P,CGPLLU491P.bam,EGAF00005323401
EGAN00003220608,CGPLH711P_1,CGPLH711P_1.bam,EGAF00005322915
EGAN00003220609,CGPLH653P_1,CGPLH653P_1.bam,EGAF00005322861
EGAN00003220610,CGPLLU220P,CGPLLU220P.bam,EGAF00005323152
EGAN00003220611,CGPLH712P_1,CGPLH712P_1.bam,EGAF00005322916
EGAN00003220612,CGPLLU590P,CGPLLU590P.bam,EGAF00005323500
EGAN00003220613,CGPLH924P,CGPLH924P.bam,EGAF00005323071
EGAN00003220614,CGPLH925P,CGPLH925P.bam,EGAF00005323072
EGAN00003220615,CGPLLU221P,CGPLLU221P.bam,EGAF00005323153
EGAN00003220616,CGPLH912P,CGPLH912P.bam,EGAF00005323059
EGAN00003220617,CGPLLU384P,CGPLLU384P.bam,EGAF00005323294
EGAN00003220618,CGPLH713P_1,CGPLH713P_1.bam,EGAF00005322917
EGAN00003220619,CGPLLU383P,CGPLLU383P.bam,EGAF00005323293
EGAN00003220620,CGPLLU462P,CGPLLU462P.bam,EGAF00005323372
EGAN00003220621,CGPLH926P,CGPLH926P.bam,EGAF00005323073
EGAN00003220622,CGPLLU532P,CGPLLU532P.bam,EGAF00005323443
EGAN00003220623,CGPLH927P,CGPLH927P.bam,EGAF00005323074
EGAN00003220624,CGPLLU405P,CGPLLU405P.bam,EGAF00005323315
EGAN00003220625,CGPLH385P_2,CGPLH385P_2.bam,EGAF00005322749
EGAN00003220626,CGPLLU356P,CGPLLU356P.bam,EGAF00005323266
EGAN00003220627,CGPLLU494P,CGPLLU494P.bam,EGAF00005323404
EGAN00003220628,CGPLLU329P,CGPLLU329P.bam,EGAF00005323239
EGAN00003220629,CGPLLU464P,CGPLLU464P.bam,EGAF00005323374
EGAN00003220630,CGPLLU635P,CGPLLU635P.bam,EGAF00005323545
EGAN00003220631,CGPLLU305P,CGPLLU305P.bam,EGAF00005323214
EGAN00003220632,CGPLLU373P,CGPLLU373P.bam,EGAF00005323283
EGAN00003220633,CGPLLU291P,CGPLLU291P.bam,EGAF00005323198
EGAN00003220634,CGPLH405P_2,CGPLH405P_2.bam,EGAF00005322752
EGAN00003220635,CGPLLU410P,CGPLLU410P.bam,EGAF00005323320
EGAN00003220636,CGPLH403P_2,CGPLH403P_2.bam,EGAF00005322751
EGAN00003220637,CGPLLU496P,CGPLLU496P.bam,EGAF00005323406
EGAN00003220638,CGPLH329P_2,CGPLH329P_2.bam,EGAF00005322742
EGAN00003220639,CGPLLU378P,CGPLLU378P.bam,EGAF00005323288
EGAN00003220640,CGPLH388P_2,CGPLH388P_2.bam,EGAF00005322750
EGAN00003220641,CGPLLU362P,CGPLLU362P.bam,EGAF00005323272
EGAN00003220642,CGPLH361P_2,CGPLH361P_2.bam,EGAF00005322747
EGAN00003220643,CGPLLU375P,CGPLLU375P.bam,EGAF00005323285
EGAN00003220644,CGPLH327P_2,CGPLH327P_2.bam,EGAF00005322741
EGAN00003220645,CGPLLU549P,CGPLLU549P.bam,EGAF00005323460
EGAN00003220646,CGPLLU632P,CGPLLU632P.bam,EGAF00005323542
EGAN00003220647,CGPLLU465P,CGPLLU465P.bam,EGAF00005323375
EGAN00003220648,CGPLLU536P,CGPLLU536P.bam,EGAF00005323447
EGAN00003220649,CGPLH458P_2,CGPLH458P_2.bam,EGAF00005322764
EGAN00003220650,CGPLH464P_2,CGPLH464P_2.bam,EGAF00005322766
EGAN00003220651,CGPLH463P_2,CGPLH463P_2.bam,EGAF00005322765
EGAN00003220652,CGPLH468P_2,CGPLH468P_2.bam,EGAF00005322768
EGAN00003220653,CGPLH467P_2,CGPLH467P_2.bam,EGAF00005322767
EGAN00003220654,CGPLH471P_2,CGPLH471P_2.bam,EGAF00005322769
EGAN00003220655,CGPLH472P_2,CGPLH472P_2.bam,EGAF00005322770
EGAN00003220656,CGPLH476P_2,CGPLH476P_2.bam,EGAF00005322772
EGAN00003220657,CGPLH473P_2,CGPLH473P_2.bam,EGAF00005322771
EGAN00003220658,CGPLH487P_2,CGPLH487P_2.bam,EGAF00005322774
EGAN00003220659,CGPLH481P_2,CGPLH481P_2.bam,EGAF00005322773
EGAN00003220660,CGPLH491P_2,CGPLH491P_2.bam,EGAF00005322776
EGAN00003220661,CGPLH937P,CGPLH937P.bam,EGAF00005323079
EGAN00003220662,CGPLH488P_2,CGPLH488P_2.bam,EGAF00005322775
EGAN00003220663,CGPLH936P,CGPLH936P.bam,EGAF00005323078
EGAN00003220664,CGPLH928P,CGPLH928P.bam,EGAF00005323075
EGAN00003220665,CGPLLU500P,CGPLLU500P.bam,EGAF00005323411
EGAN00003220666,CGPLH949P,CGPLH949P.bam,EGAF00005323091
EGAN00003220667,CGPLLU463P,CGPLLU463P.bam,EGAF00005323373
EGAN00003220668,CGPLH940P,CGPLH940P.bam,EGAF00005323082
EGAN00003220669,CGPLLU322P,CGPLLU322P.bam,EGAF00005323232
EGAN00003220670,CGPLH939P,CGPLH939P.bam,EGAF00005323081
EGAN00003220671,CGPLLU272P,CGPLLU272P.bam,EGAF00005323177
EGAN00003220672,CGPLH938P,CGPLH938P.bam,EGAF00005323080
EGAN00003220673,CGPLLU574P,CGPLLU574P.bam,EGAF00005323485
EGAN00003220674,CGPLH697P_1,CGPLH697P_1.bam,EGAF00005322902
EGAN00003220675,CGPLH714P_1,CGPLH714P_1.bam,EGAF00005322918
EGAN00003220676,CGPLLU276P,CGPLLU276P.bam,EGAF00005323181
EGAN00003220677,CGPLH696P_1,CGPLH696P_1.bam,EGAF00005322901
EGAN00003220678,CGPLH715P_1,CGPLH715P_1.bam,EGAF00005322919
EGAN00003220679,CGPLH952P,CGPLH952P.bam,EGAF00005323094
EGAN00003220680,CGPLH695P_1,CGPLH695P_1.bam,EGAF00005322900
EGAN00003220681,CGPLH951P,CGPLH951P.bam,EGAF00005323093
EGAN00003220682,CGPLH694P_1,CGPLH694P_1.bam,EGAF00005322899
EGAN00003220683,CGPLH950P,CGPLH950P.bam,EGAF00005323092
EGAN00003220684,CGPLH693P_1,CGPLH693P_1.bam,EGAF00005322898
EGAN00003220685,CGPLH728P_1,CGPLH728P_1.bam,EGAF00005322932
EGAN00003220686,CGPLH906P,CGPLH906P.bam,EGAF00005323053
EGAN00003220687,CGPLH735P_1,CGPLH735P_1.bam,EGAF00005322939
EGAN00003220688,CGPLH716P_1,CGPLH716P_1.bam,EGAF00005322920
EGAN00003220689,CGPLH717P_1,CGPLH717P_1.bam,EGAF00005322921
EGAN00003220690,CGPLLU541P,CGPLLU541P.bam,EGAF00005323452
EGAN00003220691,CGPLLU453P,CGPLLU453P.bam,EGAF00005323363
EGAN00003220692,CGPLLU288P,CGPLLU288P.bam,EGAF00005323194
EGAN00003220693,CGPLLU455P,CGPLLU455P.bam,EGAF00005323365
EGAN00003220694,CGPLLU369P,CGPLLU369P.bam,EGAF00005323279
EGAN00003220695,CGPLLU540P,CGPLLU540P.bam,EGAF00005323451
EGAN00003220696,CGPLLU592P,CGPLLU592P.bam,EGAF00005323502
EGAN00003220697,CGPLLU510P,CGPLLU510P.bam,EGAF00005323421
EGAN00003220698,CGPLLU385P,CGPLLU385P.bam,EGAF00005323295
EGAN00003220699,CGPLLU436P,CGPLLU436P.bam,EGAF00005323346
EGAN00003220700,CGPLLU506P,CGPLLU506P.bam,EGAF00005323417
EGAN00003220701,CGPLH718P_1,CGPLH718P_1.bam,EGAF00005322922
EGAN00003220702,CGPLLU505P,CGPLLU505P.bam,EGAF00005323416
EGAN00003220703,CGPLH704P_1,CGPLH704P_1.bam,EGAF00005322908
EGAN00003220704,CGPLH719P_1,CGPLH719P_1.bam,EGAF00005322923
EGAN00003220705,CGPLLU504P,CGPLLU504P.bam,EGAF00005323415
EGAN00003220706,CGPLH918P,CGPLH918P.bam,EGAF00005323065
EGAN00003220707,CGPLH900P,CGPLH900P.bam,EGAF00005323047
EGAN00003220708,CGPLLU368P,CGPLLU368P.bam,EGAF00005323278
EGAN00003220709,CGPLH917P,CGPLH917P.bam,EGAF00005323064
EGAN00003220710,CGPLH736P_1,CGPLH736P_1.bam,EGAF00005322940
EGAN00003220711,CGPLLU502P,CGPLLU502P.bam,EGAF00005323413
EGAN00003220712,CGPLH383P_2,CGPLH383P_2.bam,EGAF00005322748
EGAN00003220713,CGPLH915P,CGPLH915P.bam,EGAF00005323062
EGAN00003220714,CGPLH914P,CGPLH914P.bam,EGAF00005323061
EGAN00003220715,CGPLH432P_2,CGPLH432P_2.bam,EGAF00005322757
EGAN00003220716,CGPLH913P,CGPLH913P.bam,EGAF00005323060
EGAN00003220717,CGPLH431P_2,CGPLH431P_2.bam,EGAF00005322756
EGAN00003220718,CGPLLU253P,CGPLLU253P.bam,EGAF00005323174
EGAN00003220719,CGPLH437P_2,CGPLH437P_2.bam,EGAF00005322759
EGAN00003220720,CGPLH946P,CGPLH946P.bam,EGAF00005323088
EGAN00003220721,CGPLH435P_2,CGPLH435P_2.bam,EGAF00005322758
EGAN00003220722,CGPLH945P,CGPLH945P.bam,EGAF00005323087
EGAN00003220723,CGPLH439P_2,CGPLH439P_2.bam,EGAF00005322761
EGAN00003220724,CGPLH944P,CGPLH944P.bam,EGAF00005323086
EGAN00003220725,CGPLH438P_2,CGPLH438P_2.bam,EGAF00005322760
EGAN00003220726,CGPLH916P,CGPLH916P.bam,EGAF00005323063
EGAN00003220727,CGPLH446P_2,CGPLH446P_2.bam,EGAF00005322763
EGAN00003220728,CGPLH440P_2,CGPLH440P_2.bam,EGAF00005322762
EGAN00003220729,CGPLH948P,CGPLH948P.bam,EGAF00005323090
EGAN00003220730,CGPLH947P,CGPLH947P.bam,EGAF00005323089
EGAN00003220731,CGPLLU404P,CGPLLU404P.bam,EGAF00005323314
EGAN00003220732,CGPLH929P,CGPLH929P.bam,EGAF00005323076
EGAN00003220733,CGPLH953P,CGPLH953P.bam,EGAF00005323095
EGAN00003220734,CGPLLU490P,CGPLLU490P.bam,EGAF00005323400
EGAN00003220735,CGPLLU556P,CGPLLU556P.bam,EGAF00005323467
EGAN00003220736,CGPLH943P,CGPLH943P.bam,EGAF00005323085
EGAN00003220737,CGPLH942P,CGPLH942P.bam,EGAF00005323084
EGAN00003220738,CGPLH941P,CGPLH941P.bam,EGAF00005323083
EGAN00003220739,CGPLH930P,CGPLH930P.bam,EGAF00005323077
EGAN00003220740,CGPLH902P,CGPLH902P.bam,EGAF00005323049
EGAN00003220741,CGPLLU403P,CGPLLU403P.bam,EGAF00005323313
EGAN00003220742,CGPLH651P_1,CGPLH651P_1.bam,EGAF00005322859
EGAN00003220743,CGPLH650P_1,CGPLH650P_1.bam,EGAF00005322858
EGAN00003220744,CGPLH649P_1,CGPLH649P_1.bam,EGAF00005322857
EGAN00003220745,CGPLLU400P,CGPLLU400P.bam,EGAF00005323310
EGAN00003220746,CGPLH648P_1,CGPLH648P_1.bam,EGAF00005322856
EGAN00003220747,CGPLLU398P,CGPLLU398P.bam,EGAF00005323307
EGAN00003220748,CGPLLU599P,CGPLLU599P.bam,EGAF00005323508
EGAN00003220749,CGPLLU304P,CGPLLU304P.bam,EGAF00005323213
EGAN00003220750,CGPLLU397P,CGPLLU397P.bam,EGAF00005323306
EGAN00003220751,CGPLH905P,CGPLH905P.bam,EGAF00005323052
EGAN00003220752,CGPLH904P,CGPLH904P.bam,EGAF00005323051
EGAN00003220753,CGPLH903P,CGPLH903P.bam,EGAF00005323050
EGAN00003220754,CGPLLU559P,CGPLLU559P.bam,EGAF00005323470
EGAN00003220755,CGPLLU459P,CGPLLU459P.bam,EGAF00005323369
EGAN00003220756,CGPLLU558P,CGPLLU558P.bam,EGAF00005323469
EGAN00003220757,CGPLH984P,CGPLH984P.bam,EGAF00005323126
EGAN00003220758,CGPLH1005P,CGPLH1005P.bam,EGAF00005322708
EGAN00003220759,CGPLH1004P,CGPLH1004P.bam,EGAF00005322707
EGAN00003220760,CGPLH1009P,CGPLH1009P.bam,EGAF00005322712
EGAN00003220761,CGPLLU351P,CGPLLU351P.bam,EGAF00005323261
EGAN00003220762,CGPLH1008P,CGPLH1008P.bam,EGAF00005322711
EGAN00003220763,CGPLH743P_1,CGPLH743P_1.bam,EGAF00005322947
EGAN00003220764,CGPLLU550P,CGPLLU550P.bam,EGAF00005323461
EGAN00003220765,CGPLLU379P,CGPLLU379P.bam,EGAF00005323289
EGAN00003220766,CGPLLU596P,CGPLLU596P.bam,EGAF00005323505
EGAN00003220767,CGPLLU361P,CGPLLU361P.bam,EGAF00005323271
EGAN00003220768,CGPLLU543P,CGPLLU543P.bam,EGAF00005323454
EGAN00003220769,CGPLLU544P,CGPLLU544P.bam,EGAF00005323455
EGAN00003220770,CGPLLU387P,CGPLLU387P.bam,EGAF00005323297
EGAN00003220771,CGPLLU542P,CGPLLU542P.bam,EGAF00005323453
EGAN00003220772,CGPLLU63P,CGPLLU63P.bam,EGAF00005323554
EGAN00003220773,CGPLLU204P,CGPLLU204P.bam,EGAF00005323145
EGAN00003220774,CGPLLU146P,CGPLLU146P.bam,EGAF00005323143
EGAN00003220775,CGPLLU118P,CGPLLU118P.bam,EGAF00005323142
EGAN00003220776,CGPLLU64P,CGPLLU64P.bam,EGAF00005323555
EGAN00003220777,CGH20N_11,CGH20N_11.bam,EGAF00005322682
EGAN00003220778,CGPLLU218P,CGPLLU218P.bam,EGAF00005323149
EGAN00003220779,CGPLLU217P,CGPLLU217P.bam,EGAF00005323148
EGAN00003220780,CGPLLU216P,CGPLLU216P.bam,EGAF00005323147
EGAN00003220781,CGPLLU630P,CGPLLU630P.bam,EGAF00005323540
EGAN00003220782,CGPLLU377P,CGPLLU377P.bam,EGAF00005323287
EGAN00003220783,CGPLLU633P,CGPLLU633P.bam,EGAF00005323543
EGAN00003220784,CGPLLU508P,CGPLLU508P.bam,EGAF00005323419
EGAN00003220785,CGPLLU604P,CGPLLU604P.bam,EGAF00005323514
EGAN00003220786,CGPLLU517P,CGPLLU517P.bam,EGAF00005323428
EGAN00003220787,CGH20N_16,CGH20N_16.bam,EGAF00005322687
EGAN00003220788,CGH20N_15,CGH20N_15.bam,EGAF00005322686
EGAN00003220789,CGH20N_14,CGH20N_14.bam,EGAF00005322685
EGAN00003220790,CGH20N_13,CGH20N_13.bam,EGAF00005322684
EGAN00003220791,CGPLLU522P,CGPLLU522P.bam,EGAF00005323433
EGAN00003220792,CGPLLU337P,CGPLLU337P.bam,EGAF00005323247
EGAN00003220793,CGH20N_18,CGH20N_18.bam,EGAF00005322689
EGAN00003220794,CGPLLU438P,CGPLLU438P.bam,EGAF00005323348
EGAN00003220795,CGH20N_17,CGH20N_17.bam,EGAF00005322688
EGAN00003220796,CGPLH675P_1,CGPLH675P_1.bam,EGAF00005322882
EGAN00003220797,CGPLH674P_1,CGPLH674P_1.bam,EGAF00005322881
EGAN00003220798,CGPLH673P_1,CGPLH673P_1.bam,EGAF00005322880
EGAN00003220799,CGPLH672P_1,CGPLH672P_1.bam,EGAF00005322879
EGAN00003220800,CGPLH873P,CGPLH873P.bam,EGAF00005323025
EGAN00003220801,CGPLH871P,CGPLH871P.bam,EGAF00005323024
EGAN00003220802,CGPLLU442P,CGPLLU442P.bam,EGAF00005323352
EGAN00003220803,CGPLH870P,CGPLH870P.bam,EGAF00005323023
EGAN00003220804,CGPLLU636P,CGPLLU636P.bam,EGAF00005323550
EGAN00003220805,CGPLH868P,CGPLH868P.bam,EGAF00005323022
EGAN00003220806,CGPLLU637P,CGPLLU637P.bam,EGAF00005323551
EGAN00003220807,CGPLH864P,CGPLH864P.bam,EGAF00005323021
EGAN00003220808,CGPLLU638P,CGPLLU638P.bam,EGAF00005323552
EGAN00003220809,CGPLLU639P,CGPLLU639P.bam,EGAF00005323553
EGAN00003220810,CGPLLU296P,CGPLLU296P.bam,EGAF00005323203
EGAN00003220811,CGPLLU417P,CGPLLU417P.bam,EGAF00005323327
EGAN00003220812,CGPLLU552P,CGPLLU552P.bam,EGAF00005323463
EGAN00003220813,CGH20N_12,CGH20N_12.bam,EGAF00005322683
EGAN00003220814,CGPLLU557P,CGPLLU557P.bam,EGAF00005323468
EGAN00003220815,CGPLLU434P,CGPLLU434P.bam,EGAF00005323344
EGAN00003220816,CGPLH671P_1,CGPLH671P_1.bam,EGAF00005322878
EGAN00003220817,CGPLH670P_1,CGPLH670P_1.bam,EGAF00005322877
EGAN00003220818,CGPLH669P_1,CGPLH669P_1.bam,EGAF00005322876
EGAN00003220819,CGPLLU629P,CGPLLU629P.bam,EGAF00005323539
EGAN00003220820,CGPLLU513P,CGPLLU513P.bam,EGAF00005323424
EGAN00003220821,CGPLLU555P,CGPLLU555P.bam,EGAF00005323466
EGAN00003220822,CGPLLU274P,CGPLLU274P.bam,EGAF00005323179
EGAN00003220823,CGPLLU545P,CGPLLU545P.bam,EGAF00005323456
EGAN00003220824,CGPLLU326P,CGPLLU326P.bam,EGAF00005323236
EGAN00003220825,CGPLLU292P,CGPLLU292P.bam,EGAF00005323199
EGAN00003220826,CGPLLU507P,CGPLLU507P.bam,EGAF00005323418
EGAN00003220827,CGPLLU399P,CGPLLU399P.bam,EGAF00005323308
EGAN00003220828,CGPLLU471P,CGPLLU471P.bam,EGAF00005323381
EGAN00003220829,CGPLLU370P,CGPLLU370P.bam,EGAF00005323280
EGAN00003220830,CGPLLU324P,CGPLLU324P.bam,EGAF00005323234
EGAN00003220831,CGPLLU613P,CGPLLU613P.bam,EGAF00005323523
EGAN00003220832,CGPLLU553P,CGPLLU553P.bam,EGAF00005323464
EGAN00003220833,CGPLH634P_1,CGPLH634P_1.bam,EGAF00005322844
EGAN00003220834,CGPLH633P_1,CGPLH633P_1.bam,EGAF00005322843
EGAN00003220835,CGPLH635P_1,CGPLH635P_1.bam,EGAF00005322845
EGAN00003220836,CGPLH630P_1,CGPLH630P_1.bam,EGAF00005322840
EGAN00003220837,CGPLH629P_1,CGPLH629P_1.bam,EGAF00005322839
EGAN00003220838,CGPLH632P_1,CGPLH632P_1.bam,EGAF00005322842
EGAN00003220839,CGPLH631P_1,CGPLH631P_1.bam,EGAF00005322841
EGAN00003220840,CGPLH863P,CGPLH863P.bam,EGAF00005323020
EGAN00003220841,CGPLH628P_1,CGPLH628P_1.bam,EGAF00005322838
EGAN00003220842,CGPLH624P_1,CGPLH624P_1.bam,EGAF00005322836
EGAN00003220843,CGPLH861P,CGPLH861P.bam,EGAF00005323019
EGAN00003220844,CGPLH659P_1,CGPLH659P_1.bam,EGAF00005322866
EGAN00003220845,CGPLH658P_1,CGPLH658P_1.bam,EGAF00005322865
EGAN00003220846,CGPLLU472P,CGPLLU472P.bam,EGAF00005323382
EGAN00003220847,CGPLLU307P,CGPLLU307P.bam,EGAF00005323216
EGAN00003220848,CGPLLU576P,CGPLLU576P.bam,EGAF00005323487
EGAN00003220849,CGPLH647P_2,CGPLH647P_2.bam,EGAF00005322855
EGAN00003220850,CGPLH647P_1,CGPLH647P_1.bam,EGAF00005322854
EGAN00003220851,CGPLLU316P,CGPLLU316P.bam,EGAF00005323226
EGAN00003220852,CGPLLU343P,CGPLLU343P.bam,EGAF00005323253
EGAN00003220853,CGPLH641P_1,CGPLH641P_1.bam,EGAF00005322849
EGAN00003220854,CGPLLU561P,CGPLLU561P.bam,EGAF00005323472
EGAN00003220855,CGPLLU341P,CGPLLU341P.bam,EGAF00005323251
EGAN00003220856,CGPLH638P_1,CGPLH638P_1.bam,EGAF00005322848
EGAN00003220857,CGPLLU314P,CGPLLU314P.bam,EGAF00005323224
EGAN00003220858,CGPLLU565P,CGPLLU565P.bam,EGAF00005323476
EGAN00003220859,CGPLH645P_1,CGPLH645P_1.bam,EGAF00005322852
EGAN00003220860,CGPLLU313P,CGPLLU313P.bam,EGAF00005323223
EGAN00003220861,CGPLLU344P,CGPLLU344P.bam,EGAF00005323254
EGAN00003220862,CGPLH641P_2,CGPLH641P_2.bam,EGAF00005322850
EGAN00003220863,CGPLLU431P,CGPLLU431P.bam,EGAF00005323341
EGAN00003220864,CGPLLU311P,CGPLLU311P.bam,EGAF00005323221
EGAN00003220865,CGPLLU347P,CGPLLU347P.bam,EGAF00005323257
EGAN00003220866,CGPLLU346P,CGPLLU346P.bam,EGAF00005323256
EGAN00003220867,CGPLH637P_1,CGPLH637P_1.bam,EGAF00005322847
EGAN00003220868,CGPLLU573P,CGPLLU573P.bam,EGAF00005323484
EGAN00003220869,CGPLH636P_1,CGPLH636P_1.bam,EGAF00005322846
EGAN00003220870,CGPLLU320P,CGPLLU320P.bam,EGAF00005323230
EGAN00003220871,CGPLLU528P,CGPLLU528P.bam,EGAF00005323439
EGAN00003220872,CGPLH815P,CGPLH815P.bam,EGAF00005322982
EGAN00003220873,CGPLLU325P,CGPLLU325P.bam,EGAF00005323235
EGAN00003220874,CGPLH812P,CGPLH812P.bam,EGAF00005322979
EGAN00003220875,CGPLH811P,CGPLH811P.bam,EGAF00005322978
EGAN00003220876,CGPLH814P,CGPLH814P.bam,EGAF00005322981
EGAN00003220877,CGPLH813P,CGPLH813P.bam,EGAF00005322980
EGAN00003220878,CGPLLU306P,CGPLLU306P.bam,EGAF00005323215
EGAN00003220879,CGPLLU461P,CGPLLU461P.bam,EGAF00005323371
EGAN00003220880,CGPLLU519P,CGPLLU519P.bam,EGAF00005323430
EGAN00003220881,CGPLLU413P,CGPLLU413P.bam,EGAF00005323323
EGAN00003220882,CGPLLU302P,CGPLLU302P.bam,EGAF00005323211
EGAN00003220883,CGPLLU301P,CGPLLU301P.bam,EGAF00005323210
EGAN00003220884,CGPLLU360P,CGPLLU360P.bam,EGAF00005323270
EGAN00003220885,CGPLLU593P,CGPLLU593P.bam,EGAF00005323503
EGAN00003220886,CGPLLU333P,CGPLLU333P.bam,EGAF00005323243
EGAN00003220887,CGPLLU359P,CGPLLU359P.bam,EGAF00005323269
EGAN00003220888,CGPLH592P_1,CGPLH592P_1.bam,EGAF00005322806
EGAN00003220889,CGPLH591P_1,CGPLH591P_1.bam,EGAF00005322805
EGAN00003220890,CGPLLU323P,CGPLLU323P.bam,EGAF00005323233
EGAN00003220891,CGPLH593P_1,CGPLH593P_1.bam,EGAF00005322807
EGAN00003220892,CGPLLU396P,CGPLLU396P.bam,EGAF00005323305
EGAN00003220893,CGPLLU321P,CGPLLU321P.bam,EGAF00005323231
EGAN00003220894,CGPLLU622P,CGPLLU622P.bam,EGAF00005323532
EGAN00003220895,CGPLLU327P,CGPLLU327P.bam,EGAF00005323237
EGAN00003220896,CGPLH919P,CGPLH919P.bam,EGAF00005323066
EGAN00003220897,CGPLH920P,CGPLH920P.bam,EGAF00005323067
EGAN00003220898,CGPLH921P,CGPLH921P.bam,EGAF00005323068
EGAN00003220899,CGPLLU231P,CGPLLU231P.bam,EGAF00005323163
EGAN00003220900,CGPLH687P_1,CGPLH687P_1.bam,EGAF00005322892
EGAN00003220901,CGPLH691P_1,CGPLH691P_1.bam,EGAF00005322896
EGAN00003220902,CGPLH686P_1,CGPLH686P_1.bam,EGAF00005322891
EGAN00003220903,CGPLH692P_1,CGPLH692P_1.bam,EGAF00005322897
EGAN00003220904,CGPLH685P_1,CGPLH685P_1.bam,EGAF00005322890
EGAN00003220905,CGPLLU247P,CGPLLU247P.bam,EGAF00005323169
EGAN00003220906,CGPLLU248P,CGPLLU248P.bam,EGAF00005323170
EGAN00003220907,CGPLLU234P,CGPLLU234P.bam,EGAF00005323166
EGAN00003220908,CGPLLU249P,CGPLLU249P.bam,EGAF00005323171
EGAN00003220909,CGPLLU233P,CGPLLU233P.bam,EGAF00005323165
EGAN00003220910,CGPLLU250P,CGPLLU250P.bam,EGAF00005323172
EGAN00003220911,CGPLLU232P,CGPLLU232P.bam,EGAF00005323164
EGAN00003220912,CGPLLU251P,CGPLLU251P.bam,EGAF00005323173
EGAN00003220913,CGPLH891P,CGPLH891P.bam,EGAF00005323040
EGAN00003220914,CGPLH890P,CGPLH890P.bam,EGAF00005323039
EGAN00003220915,CGPLH661P_1,CGPLH661P_1.bam,EGAF00005322868
EGAN00003220916,CGPLH660P_1,CGPLH660P_1.bam,EGAF00005322867
EGAN00003220917,CGPLH893P,CGPLH893P.bam,EGAF00005323042
EGAN00003220918,CGPLH892P,CGPLH892P.bam,EGAF00005323041
EGAN00003220919,CGPLLU295P,CGPLLU295P.bam,EGAF00005323202
EGAN00003220920,CGPLLU487P,CGPLLU487P.bam,EGAF00005323397
EGAN00003220921,CGPLLU485P,CGPLLU485P.bam,EGAF00005323395
EGAN00003220922,CGPLLU603P,CGPLLU603P.bam,EGAF00005323513
EGAN00003220923,CGPLLU488P,CGPLLU488P.bam,EGAF00005323398
EGAN00003220924,CGPLLU482P,CGPLLU482P.bam,EGAF00005323392
EGAN00003220925,CGPLH807P,CGPLH807P.bam,EGAF00005322975
EGAN00003220926,CGPLLU451P,CGPLLU451P.bam,EGAF00005323361
EGAN00003220927,CGPLH806P,CGPLH806P.bam,EGAF00005322974
EGAN00003220928,CGPLLU484P,CGPLLU484P.bam,EGAF00005323394
EGAN00003220929,CGPLH809P,CGPLH809P.bam,EGAF00005322977
EGAN00003220930,CGPLLU483P,CGPLLU483P.bam,EGAF00005323393
EGAN00003220931,CGPLH808P,CGPLH808P.bam,EGAF00005322976
EGAN00003220932,CGPLH805P,CGPLH805P.bam,EGAF00005322973
EGAN00003220933,CGPLLU219P,CGPLLU219P.bam,EGAF00005323150
EGAN00003220934,CGPLH889P,CGPLH889P.bam,EGAF00005323038
EGAN00003220935,CGPLH662P_1,CGPLH662P_1.bam,EGAF00005322869
EGAN00003220936,CGPLH652P_1,CGPLH652P_1.bam,EGAF00005322860
EGAN00003220937,CGPLH727P_1,CGPLH727P_1.bam,EGAF00005322931
EGAN00003220938,CGPLLU5P,CGPLLU5P.bam,EGAF00005323509
EGAN00003220939,CGPLLU254P,CGPLLU254P.bam,EGAF00005323175
EGAN00003220940,CGPLH726P_1,CGPLH726P_1.bam,EGAF00005322930
EGAN00003220941,CGPLH702P_1,CGPLH702P_1.bam,EGAF00005322907
EGAN00003220942,CGPLH665P_1,CGPLH665P_1.bam,EGAF00005322872
EGAN00003220943,CGPLH701P_1,CGPLH701P_1.bam,EGAF00005322906
EGAN00003220944,CGPLH663P_1,CGPLH663P_1.bam,EGAF00005322870
EGAN00003220945,CGPLH664P_1,CGPLH664P_1.bam,EGAF00005322871
EGAN00003220946,CGPLH769P_1,CGPLH769P_1.bam,EGAF00005322972
EGAN00003220947,CGPLH768P_1,CGPLH768P_1.bam,EGAF00005322971
EGAN00003220948,CGPLLU2P,CGPLLU2P.bam,EGAF00005323208
EGAN00003220949,CGPLLU1P,CGPLLU1P.bam,EGAF00005323144
EGAN00003220950,CGPLLU4P,CGPLLU4P.bam,EGAF00005323410
EGAN00003220951,CGPLLU3P,CGPLLU3P.bam,EGAF00005323309
EGAN00003220952,CGPLLU20P,CGPLLU20P.bam,EGAF00005323146
EGAN00003220953,CGPLLU6P,CGPLLU6P.bam,EGAF00005323556
EGAN00003220954,CGPLLU22P,CGPLLU22P.bam,EGAF00005323161
EGAN00003220955,CGPLLU21P,CGPLLU21P.bam,EGAF00005323151
EGAN00003220956,CGPLH1028P,CGPLH1028P.bam,EGAF00005322730
EGAN00003220957,CGPLH1027P,CGPLH1027P.bam,EGAF00005322729
EGAN00003220958,CGH20N_25,CGH20N_25.bam,EGAF00005322696
EGAN00003220959,CGH20N_24,CGH20N_24.bam,EGAF00005322695
EGAN00003220960,CGH20N_21,CGH20N_21.bam,EGAF00005322692
EGAN00003220961,CGH20N_20,CGH20N_20.bam,EGAF00005322691
EGAN00003220962,CGPLLU23P,CGPLLU23P.bam,EGAF00005323167
EGAN00003220963,CGH20N_23,CGH20N_23.bam,EGAF00005322694
EGAN00003220964,CGH20N_22,CGH20N_22.bam,EGAF00005322693
EGAN00003220965,CGH20N_19,CGH20N_19.bam,EGAF00005322690
EGAN00003220966,CGPLH734P_1,CGPLH734P_1.bam,EGAF00005322938
EGAN00003220967,CGPLLU26P,CGPLLU26P.bam,EGAF00005323176
EGAN00003220968,CGPLH884P,CGPLH884P.bam,EGAF00005323034
EGAN00003220969,CGPLH839P,CGPLH839P.bam,EGAF00005323006
EGAN00003220970,CGPLH838P,CGPLH838P.bam,EGAF00005323005
EGAN00003220971,CGPLLU454P,CGPLLU454P.bam,EGAF00005323364
EGAN00003220972,CGPLH837P,CGPLH837P.bam,EGAF00005323004
EGAN00003220973,CGPLLU569P,CGPLLU569P.bam,EGAF00005323480
EGAN00003220974,CGPLH857P,CGPLH857P.bam,EGAF00005323018
EGAN00003220975,CGPLH853P,CGPLH853P.bam,EGAF00005323017
EGAN00003220976,CGPLH851P,CGPLH851P.bam,EGAF00005323016
EGAN00003220977,CGPLH840P,CGPLH840P.bam,EGAF00005323007
EGAN00003220978,CGPLH620P_1,CGPLH620P_1.bam,EGAF00005322832
EGAN00003220979,CGPLH613P_1,CGPLH613P_1.bam,EGAF00005322826
EGAN00003220980,CGPLH608P_1,CGPLH608P_1.bam,EGAF00005322822
EGAN00003220981,CGPLLU421P,CGPLLU421P.bam,EGAF00005323331
EGAN00003220982,CGPLLU525P,CGPLLU525P.bam,EGAF00005323436
EGAN00003220983,CGPLH828P,CGPLH828P.bam,EGAF00005322995
EGAN00003220984,CGPLLU509P,CGPLLU509P.bam,EGAF00005323420
EGAN00003220985,CGPLLU578P,CGPLLU578P.bam,EGAF00005323489
EGAN00003220986,CGPLLU406P,CGPLLU406P.bam,EGAF00005323316
EGAN00003220987,CGPLH832P,CGPLH832P.bam,EGAF00005322999
EGAN00003220988,CGPLH831P,CGPLH831P.bam,EGAF00005322998
EGAN00003220989,CGPLLU289P,CGPLLU289P.bam,EGAF00005323195
EGAN00003220990,CGPLH836P,CGPLH836P.bam,EGAF00005323003
EGAN00003220991,CGPLH295P_2,CGPLH295P_2.bam,EGAF00005322737
EGAN00003220992,CGPLLU583P,CGPLLU583P.bam,EGAF00005323493
EGAN00003220993,CGPLH835P,CGPLH835P.bam,EGAF00005323002
EGAN00003220994,CGPLH294P_2,CGPLH294P_2.bam,EGAF00005322736
EGAN00003220995,CGPLLU457P,CGPLLU457P.bam,EGAF00005323367
EGAN00003220996,CGPLH971P,CGPLH971P.bam,EGAF00005323113
EGAN00003220997,CGPLLU456P,CGPLLU456P.bam,EGAF00005323366
EGAN00003220998,CGPLH970P,CGPLH970P.bam,EGAF00005323112
EGAN00003220999,CGPLH969P,CGPLH969P.bam,EGAF00005323111
EGAN00003221000,CGPLLU458P,CGPLLU458P.bam,EGAF00005323368
EGAN00003221001,CGPLH834P,CGPLH834P.bam,EGAF00005323001
EGAN00003221002,CGPLH968P,CGPLH968P.bam,EGAF00005323110
EGAN00003221003,CGPLLU441P,CGPLLU441P.bam,EGAF00005323351
EGAN00003221004,CGPLLU443P,CGPLLU443P.bam,EGAF00005323353
EGAN00003221005,CGPLLU597P,CGPLLU597P.bam,EGAF00005323506
EGAN00003221006,CGPLLU572P,CGPLLU572P.bam,EGAF00005323483
EGAN00003221007,CGPLLU605P,CGPLLU605P.bam,EGAF00005323515
EGAN00003221008,CGPLH827P,CGPLH827P.bam,EGAF00005322994
EGAN00003221009,CGPLLU537P,CGPLLU537P.bam,EGAF00005323448
EGAN00003221010,CGPLLU566P,CGPLLU566P.bam,EGAF00005323477
EGAN00003221011,CGPLH622P_1,CGPLH622P_1.bam,EGAF00005322834
EGAN00003221012,CGPLLU449P,CGPLLU449P.bam,EGAF00005323359
EGAN00003221013,CGPLLU440P,CGPLLU440P.bam,EGAF00005323350
EGAN00003221014,CGPLLU447P,CGPLLU447P.bam,EGAF00005323357
EGAN00003221015,CGPLLU452P,CGPLLU452P.bam,EGAF00005323362
EGAN00003221016,CGPLLU352P,CGPLLU352P.bam,EGAF00005323262
EGAN00003221017,CGPLLU407P,CGPLLU407P.bam,EGAF00005323317
EGAN00003221018,CGPLLU439P,CGPLLU439P.bam,EGAF00005323349
EGAN00003221019,CGPLLU437P,CGPLLU437P.bam,EGAF00005323347
EGAN00003221020,CGPLLU445P,CGPLLU445P.bam,EGAF00005323355
EGAN00003221021,CGPLH547P_1,CGPLH547P_1.bam,EGAF00005322782
EGAN00003221022,CGPLH296P_2,CGPLH296P_2.bam,EGAF00005322738
EGAN00003221023,CGPLLU474P,CGPLLU474P.bam,EGAF00005323384
EGAN00003221024,CGPLLU364P,CGPLLU364P.bam,EGAF00005323274
EGAN00003221025,CGPLLU416P,CGPLLU416P.bam,EGAF00005323326
EGAN00003221026,CGPLLU468P,CGPLLU468P.bam,EGAF00005323378
EGAN00003221027,CGPLLU353P,CGPLLU353P.bam,EGAF00005323263
EGAN00003221028,CGPLLU512P,CGPLLU512P.bam,EGAF00005323423
EGAN00003221029,CGPLLU608P,CGPLLU608P.bam,EGAF00005323518
EGAN00003221030,CGPLLU419P,CGPLLU419P.bam,EGAF00005323329
EGAN00003221031,CGPLLU497P,CGPLLU497P.bam,EGAF00005323407
EGAN00003221032,CGPLLU539P,CGPLLU539P.bam,EGAF00005323450
EGAN00003221033,CGPLLU349P,CGPLLU349P.bam,EGAF00005323259
EGAN00003221034,CGPLH978P,CGPLH978P.bam,EGAF00005323120
EGAN00003221035,CGPLH977P,CGPLH977P.bam,EGAF00005323119
EGAN00003221036,CGPLH976P,CGPLH976P.bam,EGAF00005323118
EGAN00003221037,CGPLH975P,CGPLH975P.bam,EGAF00005323117
EGAN00003221038,CGPLLU336P,CGPLLU336P.bam,EGAF00005323246
EGAN00003221039,CGPLH974P,CGPLH974P.bam,EGAF00005323116
EGAN00003221040,CGPLLU335P,CGPLLU335P.bam,EGAF00005323245
EGAN00003221041,CGPLH973P,CGPLH973P.bam,EGAF00005323115
EGAN00003221042,CGPLLU548P,CGPLLU548P.bam,EGAF00005323459
EGAN00003221043,CGPLH737P_1,CGPLH737P_1.bam,EGAF00005322941
EGAN00003221044,CGPLLU354P,CGPLLU354P.bam,EGAF00005323264
EGAN00003221045,CGPLH972P,CGPLH972P.bam,EGAF00005323114
EGAN00003221046,CGPLH830P,CGPLH830P.bam,EGAF00005322997
EGAN00003221047,CGPLH623P_1,CGPLH623P_1.bam,EGAF00005322835
EGAN00003221048,CGPLH833P,CGPLH833P.bam,EGAF00005323000
EGAN00003221049,CGPLLU571P,CGPLLU571P.bam,EGAF00005323482
EGAN00003221050,CGPLLU401P,CGPLLU401P.bam,EGAF00005323311
EGAN00003221051,CGPLLU446P,CGPLLU446P.bam,EGAF00005323356
EGAN00003221052,CGPLLU382P,CGPLLU382P.bam,EGAF00005323292
EGAN00003221053,CGPLLU282P,CGPLLU282P.bam,EGAF00005323188
EGAN00003221054,CGPLLU591P,CGPLLU591P.bam,EGAF00005323501
EGAN00003221055,CGPLLU588P,CGPLLU588P.bam,EGAF00005323498
EGAN00003221056,CGPLLU334P,CGPLLU334P.bam,EGAF00005323244
EGAN00003221057,CGPLH730P_1,CGPLH730P_1.bam,EGAF00005322934
EGAN00003221058,CGPLH729P_1,CGPLH729P_1.bam,EGAF00005322933
EGAN00003221059,CGPLH732P_1,CGPLH732P_1.bam,EGAF00005322936
EGAN00003221060,CGPLH731P_1,CGPLH731P_1.bam,EGAF00005322935
EGAN00003221061,CGPLLU477P,CGPLLU477P.bam,EGAF00005323387
EGAN00003221062,CGH20N_27,CGH20N_27.bam,EGAF00005322698
EGAN00003221063,CGH20N_28,CGH20N_28.bam,EGAF00005322699
EGAN00003221064,CGPLLU523P,CGPLLU523P.bam,EGAF00005323434
EGAN00003221065,CGPLLU402P,CGPLLU402P.bam,EGAF00005323312
EGAN00003221066,CGH20N_26,CGH20N_26.bam,EGAF00005322697
EGAN00003221067,CGPLLU594P,CGPLLU594P.bam,EGAF00005323504
EGAN00003221068,CGH20N_9,CGH20N_9.bam,EGAF00005322702
EGAN00003221069,CGPLLU358P,CGPLLU358P.bam,EGAF00005323268
EGAN00003221070,CGH20N_10,CGH20N_10.bam,EGAF00005322681
EGAN00003221071,CGPLLU339P,CGPLLU339P.bam,EGAF00005323249
EGAN00003221072,CGPLLU389P,CGPLLU389P.bam,EGAF00005323299
EGAN00003221073,CGH20N_8,CGH20N_8.bam,EGAF00005322701
EGAN00003221074,CGH20N_30,CGH20N_30.bam,EGAF00005322700
EGAN00003221075,CGPLLU489P,CGPLLU489P.bam,EGAF00005323399
EGAN00003221076,CGPLLU587P,CGPLLU587P.bam,EGAF00005323497
EGAN00003221077,CGPLH997P,CGPLH997P.bam,EGAF00005323139
EGAN00003221078,CGPLH761P_1,CGPLH761P_1.bam,EGAF00005322965
EGAN00003221079,CGPLH760P_1,CGPLH760P_1.bam,EGAF00005322964
EGAN00003221080,CGPLH759P_1,CGPLH759P_1.bam,EGAF00005322963
EGAN00003221081,CGPLH996P,CGPLH996P.bam,EGAF00005323138
EGAN00003221082,CGPLH995P,CGPLH995P.bam,EGAF00005323137
EGAN00003221083,CGPLLU585P,CGPLLU585P.bam,EGAF00005323495
EGAN00003221084,CGPLLU425P,CGPLLU425P.bam,EGAF00005323335
EGAN00003221085,CGPLH676P_1,CGPLH676P_1.bam,EGAF00005322883
EGAN00003221086,CGPLLU584P,CGPLLU584P.bam,EGAF00005323494
EGAN00003221087,CGPLLU386P,CGPLLU386P.bam,EGAF00005323296
EGAN00003221088,CGPLLU521P,CGPLLU521P.bam,EGAF00005323432
EGAN00003221089,CGPLH766P_1,CGPLH766P_1.bam,EGAF00005322969
EGAN00003221090,CGPLH765P_1,CGPLH765P_1.bam,EGAF00005322968
EGAN00003221091,CGPLH763P_1,CGPLH763P_1.bam,EGAF00005322967
EGAN00003221092,CGPLH762P_1,CGPLH762P_1.bam,EGAF00005322966
EGAN00003221093,CGPLH1022P,CGPLH1022P.bam,EGAF00005322725
EGAN00003221094,CGPLH1021P,CGPLH1021P.bam,EGAF00005322724
EGAN00003221095,CGPLH1020P,CGPLH1020P.bam,EGAF00005322723
EGAN00003221096,CGPLH1019P,CGPLH1019P.bam,EGAF00005322722
EGAN00003221097,CGPLH677P_1,CGPLH677P_1.bam,EGAF00005322884
EGAN00003221098,CGPLH875P,CGPLH875P.bam,EGAF00005323026
EGAN00003221099,CGPLH878P,CGPLH878P.bam,EGAF00005323029
EGAN00003221100,CGPLH876P,CGPLH876P.bam,EGAF00005323027
EGAN00003221101,CGPLH1025P,CGPLH1025P.bam,EGAF00005322728
EGAN00003221102,CGPLH881P,CGPLH881P.bam,EGAF00005323031
EGAN00003221103,CGPLH1024P,CGPLH1024P.bam,EGAF00005322727
EGAN00003221104,CGPLH880P,CGPLH880P.bam,EGAF00005323030
EGAN00003221105,CGPLH1023P,CGPLH1023P.bam,EGAF00005322726
EGAN00003221106,CGPLH887P,CGPLH887P.bam,EGAF00005323036
EGAN00003221107,CGPLH767P_1,CGPLH767P_1.bam,EGAF00005322970
EGAN00003221108,CGPLLU230P,CGPLLU230P.bam,EGAF00005323162
EGAN00003221109,CGPLH888P,CGPLH888P.bam,EGAF00005323037
EGAN00003221110,CGPLH678P_1,CGPLH678P_1.bam,EGAF00005322885
EGAN00003221111,CGPLH680P_1,CGPLH680P_1.bam,EGAF00005322887
EGAN00003221112,CGPLH679P_1,CGPLH679P_1.bam,EGAF00005322886
EGAN00003221113,CGPLLU227P,CGPLLU227P.bam,EGAF00005323158
EGAN00003221114,CGPLH681P_1,CGPLH681P_1.bam,EGAF00005322888
EGAN00003221115,CGPLLU229P,CGPLLU229P.bam,EGAF00005323160
EGAN00003221116,CGPLLU228P,CGPLLU228P.bam,EGAF00005323159
EGAN00003221117,CGPLH1012P,CGPLH1012P.bam,EGAF00005322715
EGAN00003221118,CGPLH998P,CGPLH998P.bam,EGAF00005323140
EGAN00003221119,CGPLH994P,CGPLH994P.bam,EGAF00005323136
EGAN00003221120,CGPLH747P_1,CGPLH747P_1.bam,EGAF00005322951
EGAN00003221121,CGPLH746P_1,CGPLH746P_1.bam,EGAF00005322950
EGAN00003221122,CGPLH745P_1,CGPLH745P_1.bam,EGAF00005322949
EGAN00003221123,CGPLH1011P,CGPLH1011P.bam,EGAF00005322714
EGAN00003221124,CGPLH1010P,CGPLH1010P.bam,EGAF00005322713
EGAN00003221125,CGPLLU366P,CGPLLU366P.bam,EGAF00005323276
EGAN00003221126,CGPLLU376P,CGPLLU376P.bam,EGAF00005323286
EGAN00003221127,CGPLLU300P,CGPLLU300P.bam,EGAF00005323209
EGAN00003221128,CGPLLU631P,CGPLLU631P.bam,EGAF00005323541
EGAN00003221129,CGPLLU492P,CGPLLU492P.bam,EGAF00005323402
EGAN00003221130,CGPLH1001P,CGPLH1001P.bam,EGAF00005322704
EGAN00003221131,CGPLH1000P,CGPLH1000P.bam,EGAF00005322703
EGAN00003221132,CGPLH1003P,CGPLH1003P.bam,EGAF00005322706
EGAN00003221133,CGPLH1002P,CGPLH1002P.bam,EGAF00005322705
EGAN00003221134,CGPLH298P_2,CGPLH298P_2.bam,EGAF00005322740
EGAN00003221135,CGPLH297P_2,CGPLH297P_2.bam,EGAF00005322739
EGAN00003221136,CGPLH627P_2,CGPLH627P_2.bam,EGAF00005322837
EGAN00003221137,CGPLH551P_1,CGPLH551P_1.bam,EGAF00005322783
EGAN00003221138,CGPLLU317P,CGPLLU317P.bam,EGAF00005323227
EGAN00003221139,CGPLH983P,CGPLH983P.bam,EGAF00005323125
EGAN00003221140,CGPLLU469P,CGPLLU469P.bam,EGAF00005323379
EGAN00003221141,CGPLH982P,CGPLH982P.bam,EGAF00005323124
EGAN00003221142,CGPLLU348P,CGPLLU348P.bam,EGAF00005323258
EGAN00003221143,CGPLH847P,CGPLH847P.bam,EGAF00005323013
EGAN00003221144,CGPLLU355P,CGPLLU355P.bam,EGAF00005323265
EGAN00003221145,CGPLLU473P,CGPLLU473P.bam,EGAF00005323383
EGAN00003221146,CGPLLU273P,CGPLLU273P.bam,EGAF00005323178
EGAN00003221147,CGPLLU340P,CGPLLU340P.bam,EGAF00005323250
EGAN00003221148,CGPLH841P,CGPLH841P.bam,EGAF00005323008
EGAN00003221149,CGPLLU479P,CGPLLU479P.bam,EGAF00005323389
EGAN00003221150,CGPLH845P,CGPLH845P.bam,EGAF00005323011
EGAN00003221151,CGPLH980P,CGPLH980P.bam,EGAF00005323122
EGAN00003221152,CGPLLU298P,CGPLLU298P.bam,EGAF00005323205
EGAN00003221153,CGPLH846P,CGPLH846P.bam,EGAF00005323012
EGAN00003221154,CGPLH979P,CGPLH979P.bam,EGAF00005323121
EGAN00003221155,CGPLH843P,CGPLH843P.bam,EGAF00005323009
EGAN00003221156,CGPLH999P,CGPLH999P.bam,EGAF00005323141
EGAN00003221157,CGPLLU310P,CGPLLU310P.bam,EGAF00005323220
EGAN00003221158,CGPLH844P,CGPLH844P.bam,EGAF00005323010
EGAN00003221159,CGPLH981P,CGPLH981P.bam,EGAF00005323123
EGAN00003221160,CGPLH621P_1,CGPLH621P_1.bam,EGAF00005322833
EGAN00003221161,CGPLLU330P,CGPLLU330P.bam,EGAF00005323240
EGAN00003221162,CGPLH744P_1,CGPLH744P_1.bam,EGAF00005322948
EGAN00003221163,CGPLH849P,CGPLH849P.bam,EGAF00005323015
EGAN00003221164,CGPLH614P_1,CGPLH614P_1.bam,EGAF00005322827
EGAN00003221165,CGPLH848P,CGPLH848P.bam,EGAF00005323014
EGAN00003221166,CGPLH616P_2,CGPLH616P_2.bam,EGAF00005322830
EGAN00003221167,CGPLH619P_1,CGPLH619P_1.bam,EGAF00005322831
EGAN00003221168,CGPLH615P_1,CGPLH615P_1.bam,EGAF00005322828
EGAN00003221169,CGPLH616P_1,CGPLH616P_1.bam,EGAF00005322829
