method,subset,series,fpr,tpr,tpr_lower,tpr_upper
dd,withheld,mean,0.0,0.0,,
dd,withheld,mean,0.01,0.475,,
dd,withheld,mean,0.02,0.475,,
dd,withheld,mean,0.03,0.7375,,
dd,withheld,mean,0.04,0.7375,,
dd,withheld,mean,0.05,0.8125,,
dd,withheld,mean,0.06,0.8125,,
dd,withheld,mean,0.07,0.8125,,
dd,withheld,mean,0.08,0.9125,,
dd,withheld,mean,0.09,0.9125,,
dd,withheld,mean,0.1,0.9125,,
dd,withheld,mean,0.11,0.9125,,
dd,withheld,mean,0.12,0.925,,
dd,withheld,mean,0.13,0.925,,
dd,withheld,mean,0.14,0.925,,
dd,withheld,mean,0.15,0.925,,
dd,withheld,mean,0.16,0.925,,
dd,withheld,mean,0.17,0.975,,
dd,withheld,mean,0.18,0.975,,
dd,withheld,mean,0.19,0.975,,
dd,withheld,mean,0.2,0.975,,
dd,withheld,mean,0.21,0.975,,
dd,withheld,mean,0.22,0.975,,
dd,withheld,mean,0.23,0.975,,
dd,withheld,mean,0.24,0.975,,
dd,withheld,mean,0.25,0.975,,
dd,withheld,mean,0.26,0.975,,
dd,withheld,mean,0.27,0.9875,,
dd,withheld,mean,0.28,0.9875,,
dd,withheld,mean,0.29,0.9875,,
dd,withheld,mean,0.3,0.9875,,
dd,withheld,mean,0.31,0.9875,,
dd,withheld,mean,0.32,0.9875,,
dd,withheld,mean,0.33,0.9875,,
dd,withheld,mean,0.34,0.9875,,
dd,withheld,mean,0.35000000000000003,0.9875,,
dd,withheld,mean,0.36,1.0,,
dd,withheld,mean,0.37,1.0,,
dd,withheld,mean,0.38,1.0,,
dd,withheld,mean,0.39,1.0,,
dd,withheld,mean,0.4,1.0,,
dd,withheld,mean,0.41000000000000003,1.0,,
dd,withheld,mean,0.42,1.0,,
dd,withheld,mean,0.43,1.0,,
dd,withheld,mean,0.44,1.0,,
dd,withheld,mean,0.45,1.0,,
dd,withheld,mean,0.46,1.0,,
dd,withheld,mean,0.47000000000000003,1.0,,
dd,withheld,mean,0.48,1.0,,
dd,withheld,mean,0.49,1.0,,
dd,withheld,mean,0.5,1.0,,
dd,withheld,mean,0.51,1.0,,
dd,withheld,mean,0.52,1.0,,
dd,withheld,mean,0.53,1.0,,
dd,withheld,mean,0.54,1.0,,
dd,withheld,mean,0.55,1.0,,
dd,withheld,mean,0.56,1.0,,
dd,withheld,mean,0.5700000000000001,1.0,,
dd,withheld,mean,0.58,1.0,,
dd,withheld,mean,0.59,1.0,,
dd,withheld,mean,0.6,1.0,,
dd,withheld,mean,0.61,1.0,,
dd,withheld,mean,0.62,1.0,,
dd,withheld,mean,0.63,1.0,,
dd,withheld,mean,0.64,1.0,,
dd,withheld,mean,0.65,1.0,,
dd,withheld,mean,0.66,1.0,,
dd,withheld,mean,0.67,1.0,,
dd,withheld,mean,0.68,1.0,,
dd,withheld,mean,0.6900000000000001,1.0,,
dd,withheld,mean,0.7000000000000001,1.0,,
dd,withheld,mean,0.71,1.0,,
dd,withheld,mean,0.72,1.0,,
dd,withheld,mean,0.73,1.0,,
dd,withheld,mean,0.74,1.0,,
dd,withheld,mean,0.75,1.0,,
dd,withheld,mean,0.76,1.0,,
dd,withheld,mean,0.77,1.0,,
dd,withheld,mean,0.78,1.0,,
dd,withheld,mean,0.79,1.0,,
dd,withheld,mean,0.8,1.0,,
dd,withheld,mean,0.81,1.0,,
dd,withheld,mean,0.8200000000000001,1.0,,
dd,withheld,mean,0.8300000000000001,1.0,,
dd,withheld,mean,0.84,1.0,,
dd,withheld,mean,0.85,1.0,,
dd,withheld,mean,0.86,1.0,,
dd,withheld,mean,0.87,1.0,,
dd,withheld,mean,0.88,1.0,,
dd,withheld,mean,0.89,1.0,,
dd,withheld,mean,0.9,1.0,,
dd,withheld,mean,0.91,1.0,,
dd,withheld,mean,0.92,1.0,,
dd,withheld,mean,0.93,1.0,,
dd,withheld,mean,0.9400000000000001,1.0,,
dd,withheld,mean,0.9500000000000001,1.0,,
dd,withheld,mean,0.96,1.0,,
dd,withheld,mean,0.97,1.0,,
dd,withheld,mean,0.98,1.0,,
dd,withheld,mean,0.99,1.0,,
dd,withheld,mean,1.0,1.0,,
dd,withheld,ci,0.0,,0.0,0.0
dd,withheld,ci,0.01,,0.19375,0.84375
dd,withheld,ci,0.02,,0.19375,0.84375
dd,withheld,ci,0.03,,0.5125,0.93125
dd,withheld,ci,0.04,,0.5125,0.93125
dd,withheld,ci,0.05,,0.53125,0.9375
dd,withheld,ci,0.06,,0.53125,0.9375
dd,withheld,ci,0.07,,0.53125,0.9375
dd,withheld,ci,0.08,,0.81875,0.99375
dd,withheld,ci,0.09,,0.81875,0.99375
dd,withheld,ci,0.1,,0.81875,0.99375
dd,withheld,ci,0.11,,0.81875,0.99375
dd,withheld,ci,0.12,,0.875,0.99375
dd,withheld,ci,0.13,,0.875,0.99375
dd,withheld,ci,0.14,,0.875,0.99375
dd,withheld,ci,0.15,,0.875,0.99375
dd,withheld,ci,0.16,,0.875,0.99375
dd,withheld,ci,0.17,,0.9375,1.0
dd,withheld,ci,0.18,,0.9375,1.0
dd,withheld,ci,0.19,,0.9375,1.0
dd,withheld,ci,0.2,,0.9375,1.0
dd,withheld,ci,0.21,,0.9375,1.0
dd,withheld,ci,0.22,,0.9375,1.0
dd,withheld,ci,0.23,,0.9375,1.0
dd,withheld,ci,0.24,,0.9375,1.0
dd,withheld,ci,0.25,,0.9375,1.0
dd,withheld,ci,0.26,,0.9375,1.0
dd,withheld,ci,0.27,,0.94375,1.0
dd,withheld,ci,0.28,,0.94375,1.0
dd,withheld,ci,0.29,,0.94375,1.0
dd,withheld,ci,0.3,,0.94375,1.0
dd,withheld,ci,0.31,,0.94375,1.0
dd,withheld,ci,0.32,,0.94375,1.0
dd,withheld,ci,0.33,,0.94375,1.0
dd,withheld,ci,0.34,,0.94375,1.0
dd,withheld,ci,0.35000000000000003,,0.94375,1.0
dd,withheld,ci,0.36,,1.0,1.0
dd,withheld,ci,0.37,,1.0,1.0
dd,withheld,ci,0.38,,1.0,1.0
dd,withheld,ci,0.39,,1.0,1.0
dd,withheld,ci,0.4,,1.0,1.0
dd,withheld,ci,0.41000000000000003,,1.0,1.0
dd,withheld,ci,0.42,,1.0,1.0
dd,withheld,ci,0.43,,1.0,1.0
dd,withheld,ci,0.44,,1.0,1.0
dd,withheld,ci,0.45,,1.0,1.0
dd,withheld,ci,0.46,,1.0,1.0
dd,withheld,ci,0.47000000000000003,,1.0,1.0
dd,withheld,ci,0.48,,1.0,1.0
dd,withheld,ci,0.49,,1.0,1.0
dd,withheld,ci,0.5,,1.0,1.0
dd,withheld,ci,0.51,,1.0,1.0
dd,withheld,ci,0.52,,1.0,1.0
dd,withheld,ci,0.53,,1.0,1.0
dd,withheld,ci,0.54,,1.0,1.0
dd,withheld,ci,0.55,,1.0,1.0
dd,withheld,ci,0.56,,1.0,1.0
dd,withheld,ci,0.5700000000000001,,1.0,1.0
dd,withheld,ci,0.58,,1.0,1.0
dd,withheld,ci,0.59,,1.0,1.0
dd,withheld,ci,0.6,,1.0,1.0
dd,withheld,ci,0.61,,1.0,1.0
dd,withheld,ci,0.62,,1.0,1.0
dd,withheld,ci,0.63,,1.0,1.0
dd,withheld,ci,0.64,,1.0,1.0
dd,withheld,ci,0.65,,1.0,1.0
dd,withheld,ci,0.66,,1.0,1.0
dd,withheld,ci,0.67,,1.0,1.0
dd,withheld,ci,0.68,,1.0,1.0
dd,withheld,ci,0.6900000000000001,,1.0,1.0
dd,withheld,ci,0.7000000000000001,,1.0,1.0
dd,withheld,ci,0.71,,1.0,1.0
dd,withheld,ci,0.72,,1.0,1.0
dd,withheld,ci,0.73,,1.0,1.0
dd,withheld,ci,0.74,,1.0,1.0
dd,withheld,ci,0.75,,1.0,1.0
dd,withheld,ci,0.76,,1.0,1.0
dd,withheld,ci,0.77,,1.0,1.0
dd,withheld,ci,0.78,,1.0,1.0
dd,withheld,ci,0.79,,1.0,1.0
dd,withheld,ci,0.8,,1.0,1.0
dd,withheld,ci,0.81,,1.0,1.0
dd,withheld,ci,0.8200000000000001,,1.0,1.0
dd,withheld,ci,0.8300000000000001,,1.0,1.0
dd,withheld,ci,0.84,,1.0,1.0
dd,withheld,ci,0.85,,1.0,1.0
dd,withheld,ci,0.86,,1.0,1.0
dd,withheld,ci,0.87,,1.0,1.0
dd,withheld,ci,0.88,,1.0,1.0
dd,withheld,ci,0.89,,1.0,1.0
dd,withheld,ci,0.9,,1.0,1.0
dd,withheld,ci,0.91,,1.0,1.0
dd,withheld,ci,0.92,,1.0,1.0
dd,withheld,ci,0.93,,1.0,1.0
dd,withheld,ci,0.9400000000000001,,1.0,1.0
dd,withheld,ci,0.9500000000000001,,1.0,1.0
dd,withheld,ci,0.96,,1.0,1.0
dd,withheld,ci,0.97,,1.0,1.0
dd,withheld,ci,0.98,,1.0,1.0
dd,withheld,ci,0.99,,1.0,1.0
dd,withheld,ci,1.0,,1.0,1.0
dd,novel,mean,0.0,0.0,,
dd,novel,mean,0.01,0.514516129032258,,
dd,novel,mean,0.02,0.514516129032258,,
dd,novel,mean,0.03,0.7048387096774194,,
dd,novel,mean,0.04,0.7048387096774194,,
dd,novel,mean,0.05,0.764516129032258,,
dd,novel,mean,0.06,0.764516129032258,,
dd,novel,mean,0.07,0.764516129032258,,
dd,novel,mean,0.08,0.814516129032258,,
dd,novel,mean,0.09,0.814516129032258,,
dd,novel,mean,0.1,0.8290322580645162,,
dd,novel,mean,0.11,0.8290322580645162,,
dd,novel,mean,0.12,0.8387096774193548,,
dd,novel,mean,0.13,0.8387096774193548,,
dd,novel,mean,0.14,0.8387096774193548,,
dd,novel,mean,0.15,0.8580645161290322,,
dd,novel,mean,0.16,0.8580645161290322,,
dd,novel,mean,0.17,0.8709677419354838,,
dd,novel,mean,0.18,0.8709677419354838,,
dd,novel,mean,0.19,0.8709677419354838,,
dd,novel,mean,0.2,0.8725806451612904,,
dd,novel,mean,0.21,0.8725806451612904,,
dd,novel,mean,0.22,0.8951612903225806,,
dd,novel,mean,0.23,0.8951612903225806,,
dd,novel,mean,0.24,0.9032258064516128,,
dd,novel,mean,0.25,0.9032258064516128,,
dd,novel,mean,0.26,0.9032258064516128,,
dd,novel,mean,0.27,0.9096774193548388,,
dd,novel,mean,0.28,0.9096774193548388,,
dd,novel,mean,0.29,0.9225806451612902,,
dd,novel,mean,0.3,0.9225806451612902,,
dd,novel,mean,0.31,0.9290322580645161,,
dd,novel,mean,0.32,0.9290322580645161,,
dd,novel,mean,0.33,0.9290322580645161,,
dd,novel,mean,0.34,0.9387096774193548,,
dd,novel,mean,0.35000000000000003,0.9387096774193548,,
dd,novel,mean,0.36,0.9483870967741936,,
dd,novel,mean,0.37,0.9483870967741936,,
dd,novel,mean,0.38,0.9483870967741936,,
dd,novel,mean,0.39,0.9516129032258066,,
dd,novel,mean,0.4,0.9516129032258066,,
dd,novel,mean,0.41000000000000003,0.9564516129032258,,
dd,novel,mean,0.42,0.9564516129032258,,
dd,novel,mean,0.43,0.9612903225806452,,
dd,novel,mean,0.44,0.9612903225806452,,
dd,novel,mean,0.45,0.9612903225806452,,
dd,novel,mean,0.46,0.967741935483871,,
dd,novel,mean,0.47000000000000003,0.967741935483871,,
dd,novel,mean,0.48,0.9741935483870968,,
dd,novel,mean,0.49,0.9741935483870968,,
dd,novel,mean,0.5,0.9774193548387098,,
dd,novel,mean,0.51,0.9774193548387098,,
dd,novel,mean,0.52,0.9774193548387098,,
dd,novel,mean,0.53,0.9838709677419356,,
dd,novel,mean,0.54,0.9838709677419356,,
dd,novel,mean,0.55,0.9870967741935484,,
dd,novel,mean,0.56,0.9870967741935484,,
dd,novel,mean,0.5700000000000001,0.9870967741935484,,
dd,novel,mean,0.58,0.9870967741935484,,
dd,novel,mean,0.59,0.9870967741935484,,
dd,novel,mean,0.6,0.9919354838709676,,
dd,novel,mean,0.61,0.9919354838709676,,
dd,novel,mean,0.62,0.9983870967741936,,
dd,novel,mean,0.63,0.9983870967741936,,
dd,novel,mean,0.64,0.9983870967741936,,
dd,novel,mean,0.65,0.9983870967741936,,
dd,novel,mean,0.66,0.9983870967741936,,
dd,novel,mean,0.67,0.9983870967741936,,
dd,novel,mean,0.68,0.9983870967741936,,
dd,novel,mean,0.6900000000000001,0.9983870967741936,,
dd,novel,mean,0.7000000000000001,0.9983870967741936,,
dd,novel,mean,0.71,0.9983870967741936,,
dd,novel,mean,0.72,0.9983870967741936,,
dd,novel,mean,0.73,0.9983870967741936,,
dd,novel,mean,0.74,0.9983870967741936,,
dd,novel,mean,0.75,0.9983870967741936,,
dd,novel,mean,0.76,0.9983870967741936,,
dd,novel,mean,0.77,1.0,,
dd,novel,mean,0.78,1.0,,
dd,novel,mean,0.79,1.0,,
dd,novel,mean,0.8,1.0,,
dd,novel,mean,0.81,1.0,,
dd,novel,mean,0.8200000000000001,1.0,,
dd,novel,mean,0.8300000000000001,1.0,,
dd,novel,mean,0.84,1.0,,
dd,novel,mean,0.85,1.0,,
dd,novel,mean,0.86,1.0,,
dd,novel,mean,0.87,1.0,,
dd,novel,mean,0.88,1.0,,
dd,novel,mean,0.89,1.0,,
dd,novel,mean,0.9,1.0,,
dd,novel,mean,0.91,1.0,,
dd,novel,mean,0.92,1.0,,
dd,novel,mean,0.93,1.0,,
dd,novel,mean,0.9400000000000001,1.0,,
dd,novel,mean,0.9500000000000001,1.0,,
dd,novel,mean,0.96,1.0,,
dd,novel,mean,0.97,1.0,,
dd,novel,mean,0.98,1.0,,
dd,novel,mean,0.99,1.0,,
dd,novel,mean,1.0,1.0,,
dd,novel,ci,0.0,,0.0,0.0
dd,novel,ci,0.01,,0.33064516129032256,0.7000000000000001
dd,novel,ci,0.02,,0.33064516129032256,0.7000000000000001
dd,novel,ci,0.03,,0.6137096774193549,0.75
dd,novel,ci,0.04,,0.6137096774193549,0.75
dd,novel,ci,0.05,,0.65,0.8282258064516129
dd,novel,ci,0.06,,0.65,0.8282258064516129
dd,novel,ci,0.07,,0.65,0.8282258064516129
dd,novel,ci,0.08,,0.7983870967741935,0.8306451612903226
dd,novel,ci,0.09,,0.7983870967741935,0.8306451612903226
dd,novel,ci,0.1,,0.8225806451612904,0.8379032258064516
dd,novel,ci,0.11,,0.8225806451612904,0.8379032258064516
dd,novel,ci,0.12,,0.8314516129032259,0.8459677419354839
dd,novel,ci,0.13,,0.8314516129032259,0.8459677419354839
dd,novel,ci,0.14,,0.8314516129032259,0.8459677419354839
dd,novel,ci,0.15,,0.8395161290322581,0.8774193548387097
dd,novel,ci,0.16,,0.8395161290322581,0.8774193548387097
dd,novel,ci,0.17,,0.8467741935483871,0.9217741935483871
dd,novel,ci,0.18,,0.8467741935483871,0.9217741935483871
dd,novel,ci,0.19,,0.8467741935483871,0.9217741935483871
dd,novel,ci,0.2,,0.8467741935483871,0.9217741935483871
dd,novel,ci,0.21,,0.8467741935483871,0.9217741935483871
dd,novel,ci,0.22,,0.8491935483870968,0.9548387096774194
dd,novel,ci,0.23,,0.8491935483870968,0.9548387096774194
dd,novel,ci,0.24,,0.85,0.9564516129032258
dd,novel,ci,0.25,,0.85,0.9564516129032258
dd,novel,ci,0.26,,0.85,0.9564516129032258
dd,novel,ci,0.27,,0.8653225806451613,0.9564516129032258
dd,novel,ci,0.28,,0.8653225806451613,0.9564516129032258
dd,novel,ci,0.29,,0.8879032258064516,0.9725806451612904
dd,novel,ci,0.3,,0.8879032258064516,0.9725806451612904
dd,novel,ci,0.31,,0.896774193548387,0.9725806451612904
dd,novel,ci,0.32,,0.896774193548387,0.9725806451612904
dd,novel,ci,0.33,,0.896774193548387,0.9725806451612904
dd,novel,ci,0.34,,0.9048387096774193,0.9879032258064516
dd,novel,ci,0.35000000000000003,,0.9048387096774193,0.9879032258064516
dd,novel,ci,0.36,,0.9129032258064516,0.9887096774193549
dd,novel,ci,0.37,,0.9129032258064516,0.9887096774193549
dd,novel,ci,0.38,,0.9129032258064516,0.9887096774193549
dd,novel,ci,0.39,,0.9274193548387096,0.9887096774193549
dd,novel,ci,0.4,,0.9274193548387096,0.9887096774193549
dd,novel,ci,0.41000000000000003,,0.9282258064516129,0.989516129032258
dd,novel,ci,0.42,,0.9282258064516129,0.989516129032258
dd,novel,ci,0.43,,0.9282258064516129,0.9903225806451613
dd,novel,ci,0.44,,0.9282258064516129,0.9903225806451613
dd,novel,ci,0.45,,0.9282258064516129,0.9903225806451613
dd,novel,ci,0.46,,0.9443548387096775,0.9903225806451613
dd,novel,ci,0.47000000000000003,,0.9443548387096775,0.9903225806451613
dd,novel,ci,0.48,,0.9532258064516129,0.9911290322580645
dd,novel,ci,0.49,,0.9532258064516129,0.9911290322580645
dd,novel,ci,0.5,,0.960483870967742,0.9983870967741936
dd,novel,ci,0.51,,0.960483870967742,0.9983870967741936
dd,novel,ci,0.52,,0.960483870967742,0.9983870967741936
dd,novel,ci,0.53,,0.9685483870967743,0.9991935483870967
dd,novel,ci,0.54,,0.9685483870967743,0.9991935483870967
dd,novel,ci,0.55,,0.9766129032258065,0.9991935483870967
dd,novel,ci,0.56,,0.9766129032258065,0.9991935483870967
dd,novel,ci,0.5700000000000001,,0.9766129032258065,0.9991935483870967
dd,novel,ci,0.58,,0.9766129032258065,0.9991935483870967
dd,novel,ci,0.59,,0.9766129032258065,0.9991935483870967
dd,novel,ci,0.6,,0.9846774193548388,0.9991935483870967
dd,novel,ci,0.61,,0.9846774193548388,0.9991935483870967
dd,novel,ci,0.62,,0.992741935483871,1.0
dd,novel,ci,0.63,,0.992741935483871,1.0
dd,novel,ci,0.64,,0.992741935483871,1.0
dd,novel,ci,0.65,,0.992741935483871,1.0
dd,novel,ci,0.66,,0.992741935483871,1.0
dd,novel,ci,0.67,,0.992741935483871,1.0
dd,novel,ci,0.68,,0.992741935483871,1.0
dd,novel,ci,0.6900000000000001,,0.992741935483871,1.0
dd,novel,ci,0.7000000000000001,,0.992741935483871,1.0
dd,novel,ci,0.71,,0.992741935483871,1.0
dd,novel,ci,0.72,,0.992741935483871,1.0
dd,novel,ci,0.73,,0.992741935483871,1.0
dd,novel,ci,0.74,,0.992741935483871,1.0
dd,novel,ci,0.75,,0.992741935483871,1.0
dd,novel,ci,0.76,,0.992741935483871,1.0
dd,novel,ci,0.77,,1.0,1.0
dd,novel,ci,0.78,,1.0,1.0
dd,novel,ci,0.79,,1.0,1.0
dd,novel,ci,0.8,,1.0,1.0
dd,novel,ci,0.81,,1.0,1.0
dd,novel,ci,0.8200000000000001,,1.0,1.0
dd,novel,ci,0.8300000000000001,,1.0,1.0
dd,novel,ci,0.84,,1.0,1.0
dd,novel,ci,0.85,,1.0,1.0
dd,novel,ci,0.86,,1.0,1.0
dd,novel,ci,0.87,,1.0,1.0
dd,novel,ci,0.88,,1.0,1.0
dd,novel,ci,0.89,,1.0,1.0
dd,novel,ci,0.9,,1.0,1.0
dd,novel,ci,0.91,,1.0,1.0
dd,novel,ci,0.92,,1.0,1.0
dd,novel,ci,0.93,,1.0,1.0
dd,novel,ci,0.9400000000000001,,1.0,1.0
dd,novel,ci,0.9500000000000001,,1.0,1.0
dd,novel,ci,0.96,,1.0,1.0
dd,novel,ci,0.97,,1.0,1.0
dd,novel,ci,0.98,,1.0,1.0
dd,novel,ci,0.99,,1.0,1.0
dd,novel,ci,1.0,,1.0,1.0
rna,withheld,mean,0.0,0.0,,
rna,withheld,mean,0.01,0.0625,,
rna,withheld,mean,0.02,0.0625,,
rna,withheld,mean,0.03,0.0875,,
rna,withheld,mean,0.04,0.0875,,
rna,withheld,mean,0.05,0.1125,,
rna,withheld,mean,0.06,0.1125,,
rna,withheld,mean,0.07,0.1125,,
rna,withheld,mean,0.08,0.1375,,
rna,withheld,mean,0.09,0.1375,,
rna,withheld,mean,0.1,0.1625,,
rna,withheld,mean,0.11,0.1625,,
rna,withheld,mean,0.12,0.2,,
rna,withheld,mean,0.13,0.2,,
rna,withheld,mean,0.14,0.2,,
rna,withheld,mean,0.15,0.2,,
rna,withheld,mean,0.16,0.2,,
rna,withheld,mean,0.17,0.2125,,
rna,withheld,mean,0.18,0.2125,,
rna,withheld,mean,0.19,0.2125,,
rna,withheld,mean,0.2,0.2375,,
rna,withheld,mean,0.21,0.2375,,
rna,withheld,mean,0.22,0.2625,,
rna,withheld,mean,0.23,0.2625,,
rna,withheld,mean,0.24,0.2625,,
rna,withheld,mean,0.25,0.2625,,
rna,withheld,mean,0.26,0.2625,,
rna,withheld,mean,0.27,0.3125,,
rna,withheld,mean,0.28,0.3125,,
rna,withheld,mean,0.29,0.35,,
rna,withheld,mean,0.3,0.35,,
rna,withheld,mean,0.31,0.3875,,
rna,withheld,mean,0.32,0.3875,,
rna,withheld,mean,0.33,0.3875,,
rna,withheld,mean,0.34,0.425,,
rna,withheld,mean,0.35000000000000003,0.425,,
rna,withheld,mean,0.36,0.4625,,
rna,withheld,mean,0.37,0.4625,,
rna,withheld,mean,0.38,0.4625,,
rna,withheld,mean,0.39,0.5125,,
rna,withheld,mean,0.4,0.5125,,
rna,withheld,mean,0.41000000000000003,0.525,,
rna,withheld,mean,0.42,0.525,,
rna,withheld,mean,0.43,0.525,,
rna,withheld,mean,0.44,0.525,,
rna,withheld,mean,0.45,0.525,,
rna,withheld,mean,0.46,0.55,,
rna,withheld,mean,0.47000000000000003,0.55,,
rna,withheld,mean,0.48,0.5875,,
rna,withheld,mean,0.49,0.5875,,
rna,withheld,mean,0.5,0.5875,,
rna,withheld,mean,0.51,0.5875,,
rna,withheld,mean,0.52,0.5875,,
rna,withheld,mean,0.53,0.6375,,
rna,withheld,mean,0.54,0.6375,,
rna,withheld,mean,0.55,0.65,,
rna,withheld,mean,0.56,0.65,,
rna,withheld,mean,0.5700000000000001,0.65,,
rna,withheld,mean,0.58,0.7,,
rna,withheld,mean,0.59,0.7,,
rna,withheld,mean,0.6,0.7375,,
rna,withheld,mean,0.61,0.7375,,
rna,withheld,mean,0.62,0.75,,
rna,withheld,mean,0.63,0.75,,
rna,withheld,mean,0.64,0.75,,
rna,withheld,mean,0.65,0.7625,,
rna,withheld,mean,0.66,0.7625,,
rna,withheld,mean,0.67,0.7625,,
rna,withheld,mean,0.68,0.7625,,
rna,withheld,mean,0.6900000000000001,0.7625,,
rna,withheld,mean,0.7000000000000001,0.7625,,
rna,withheld,mean,0.71,0.7625,,
rna,withheld,mean,0.72,0.775,,
rna,withheld,mean,0.73,0.775,,
rna,withheld,mean,0.74,0.825,,
rna,withheld,mean,0.75,0.825,,
rna,withheld,mean,0.76,0.825,,
rna,withheld,mean,0.77,0.825,,
rna,withheld,mean,0.78,0.825,,
rna,withheld,mean,0.79,0.825,,
rna,withheld,mean,0.8,0.825,,
rna,withheld,mean,0.81,0.825,,
rna,withheld,mean,0.8200000000000001,0.825,,
rna,withheld,mean,0.8300000000000001,0.825,,
rna,withheld,mean,0.84,0.85,,
rna,withheld,mean,0.85,0.85,,
rna,withheld,mean,0.86,0.8875,,
rna,withheld,mean,0.87,0.8875,,
rna,withheld,mean,0.88,0.8875,,
rna,withheld,mean,0.89,0.9625,,
rna,withheld,mean,0.9,0.9625,,
rna,withheld,mean,0.91,0.975,,
rna,withheld,mean,0.92,0.975,,
rna,withheld,mean,0.93,0.975,,
rna,withheld,mean,0.9400000000000001,0.975,,
rna,withheld,mean,0.9500000000000001,0.975,,
rna,withheld,mean,0.96,0.9875,,
rna,withheld,mean,0.97,0.9875,,
rna,withheld,mean,0.98,0.9875,,
rna,withheld,mean,0.99,0.9875,,
rna,withheld,mean,1.0,1.0,,
rna,withheld,ci,0.0,,0.0,0.0
rna,withheld,ci,0.01,,0.00625,0.11875
rna,withheld,ci,0.02,,0.00625,0.11875
rna,withheld,ci,0.03,,0.0625,0.125
rna,withheld,ci,0.04,,0.0625,0.125
rna,withheld,ci,0.05,,0.0625,0.18125
rna,withheld,ci,0.06,,0.0625,0.18125
rna,withheld,ci,0.07,,0.0625,0.18125
rna,withheld,ci,0.08,,0.06875,0.2375
rna,withheld,ci,0.09,,0.06875,0.2375
rna,withheld,ci,0.1,,0.125,0.24375
rna,withheld,ci,0.11,,0.125,0.24375
rna,withheld,ci,0.12,,0.125,0.4125
rna,withheld,ci,0.13,,0.125,0.4125
rna,withheld,ci,0.14,,0.125,0.4125
rna,withheld,ci,0.15,,0.125,0.4125
rna,withheld,ci,0.16,,0.125,0.4125
rna,withheld,ci,0.17,,0.125,0.4125
rna,withheld,ci,0.18,,0.125,0.4125
rna,withheld,ci,0.19,,0.125,0.4125
rna,withheld,ci,0.2,,0.13125,0.46875
rna,withheld,ci,0.21,,0.13125,0.46875
rna,withheld,ci,0.22,,0.13125,0.475
rna,withheld,ci,0.23,,0.13125,0.475
rna,withheld,ci,0.24,,0.13125,0.475
rna,withheld,ci,0.25,,0.13125,0.475
rna,withheld,ci,0.26,,0.13125,0.475
rna,withheld,ci,0.27,,0.19375,0.5375
rna,withheld,ci,0.28,,0.19375,0.5375
rna,withheld,ci,0.29,,0.2,0.54375
rna,withheld,ci,0.3,,0.2,0.54375
rna,withheld,ci,0.31,,0.2,0.65625
rna,withheld,ci,0.32,,0.2,0.65625
rna,withheld,ci,0.33,,0.2,0.65625
rna,withheld,ci,0.34,,0.25625,0.66875
rna,withheld,ci,0.35000000000000003,,0.25625,0.66875
rna,withheld,ci,0.36,,0.31875,0.66875
rna,withheld,ci,0.37,,0.31875,0.66875
rna,withheld,ci,0.38,,0.31875,0.66875
rna,withheld,ci,0.39,,0.375,0.7875
rna,withheld,ci,0.4,,0.375,0.7875
rna,withheld,ci,0.41000000000000003,,0.375,0.79375
rna,withheld,ci,0.42,,0.375,0.79375
rna,withheld,ci,0.43,,0.375,0.79375
rna,withheld,ci,0.44,,0.375,0.79375
rna,withheld,ci,0.45,,0.375,0.79375
rna,withheld,ci,0.46,,0.4375,0.79375
rna,withheld,ci,0.47000000000000003,,0.4375,0.79375
rna,withheld,ci,0.48,,0.4375,0.79375
rna,withheld,ci,0.49,,0.4375,0.79375
rna,withheld,ci,0.5,,0.4375,0.79375
rna,withheld,ci,0.51,,0.4375,0.79375
rna,withheld,ci,0.52,,0.4375,0.79375
rna,withheld,ci,0.53,,0.45,0.80625
rna,withheld,ci,0.54,,0.45,0.80625
rna,withheld,ci,0.55,,0.45,0.80625
rna,withheld,ci,0.56,,0.45,0.80625
rna,withheld,ci,0.5700000000000001,,0.45,0.80625
rna,withheld,ci,0.58,,0.45,0.93125
rna,withheld,ci,0.59,,0.45,0.93125
rna,withheld,ci,0.6,,0.5125,0.9875
rna,withheld,ci,0.61,,0.5125,0.9875
rna,withheld,ci,0.62,,0.51875,0.9875
rna,withheld,ci,0.63,,0.51875,0.9875
rna,withheld,ci,0.64,,0.51875,0.9875
rna,withheld,ci,0.65,,0.575,0.9875
rna,withheld,ci,0.66,,0.575,0.9875
rna,withheld,ci,0.67,,0.575,0.9875
rna,withheld,ci,0.68,,0.575,0.9875
rna,withheld,ci,0.6900000000000001,,0.575,0.9875
rna,withheld,ci,0.7000000000000001,,0.575,0.9875
rna,withheld,ci,0.71,,0.575,0.9875
rna,withheld,ci,0.72,,0.575,0.99375
rna,withheld,ci,0.73,,0.575,0.99375
rna,withheld,ci,0.74,,0.6375,0.99375
rna,withheld,ci,0.75,,0.6375,0.99375
rna,withheld,ci,0.76,,0.6375,0.99375
rna,withheld,ci,0.77,,0.6375,0.99375
rna,withheld,ci,0.78,,0.6375,0.99375
rna,withheld,ci,0.79,,0.6375,0.99375
rna,withheld,ci,0.8,,0.6375,0.99375
rna,withheld,ci,0.81,,0.6375,0.99375
rna,withheld,ci,0.8200000000000001,,0.6375,0.99375
rna,withheld,ci,0.8300000000000001,,0.6375,0.99375
rna,withheld,ci,0.84,,0.7,0.99375
rna,withheld,ci,0.85,,0.7,0.99375
rna,withheld,ci,0.86,,0.7,1.0
rna,withheld,ci,0.87,,0.7,1.0
rna,withheld,ci,0.88,,0.7,1.0
rna,withheld,ci,0.89,,0.88125,1.0
rna,withheld,ci,0.9,,0.88125,1.0
rna,withheld,ci,0.91,,0.8875,1.0
rna,withheld,ci,0.92,,0.8875,1.0
rna,withheld,ci,0.93,,0.8875,1.0
rna,withheld,ci,0.9400000000000001,,0.8875,1.0
rna,withheld,ci,0.9500000000000001,,0.8875,1.0
rna,withheld,ci,0.96,,0.94375,1.0
rna,withheld,ci,0.97,,0.94375,1.0
rna,withheld,ci,0.98,,0.94375,1.0
rna,withheld,ci,0.99,,0.94375,1.0
rna,withheld,ci,1.0,,1.0,1.0
rna,novel,mean,0.0,0.0,,
rna,novel,mean,0.01,0.07258064516129033,,
rna,novel,mean,0.02,0.07258064516129033,,
rna,novel,mean,0.03,0.12258064516129033,,
rna,novel,mean,0.04,0.12258064516129033,,
rna,novel,mean,0.05,0.1564516129032258,,
rna,novel,mean,0.06,0.1564516129032258,,
rna,novel,mean,0.07,0.1564516129032258,,
rna,novel,mean,0.08,0.17096774193548386,,
rna,novel,mean,0.09,0.17096774193548386,,
rna,novel,mean,0.1,0.21774193548387094,,
rna,novel,mean,0.11,0.21774193548387094,,
rna,novel,mean,0.12,0.2532258064516129,,
rna,novel,mean,0.13,0.2532258064516129,,
rna,novel,mean,0.14,0.2532258064516129,,
rna,novel,mean,0.15,0.2612903225806452,,
rna,novel,mean,0.16,0.2612903225806452,,
rna,novel,mean,0.17,0.3032258064516129,,
rna,novel,mean,0.18,0.3032258064516129,,
rna,novel,mean,0.19,0.3032258064516129,,
rna,novel,mean,0.2,0.3338709677419355,,
rna,novel,mean,0.21,0.3338709677419355,,
rna,novel,mean,0.22,0.3596774193548387,,
rna,novel,mean,0.23,0.3596774193548387,,
rna,novel,mean,0.24,0.3790322580645161,,
rna,novel,mean,0.25,0.3790322580645161,,
rna,novel,mean,0.26,0.3790322580645161,,
rna,novel,mean,0.27,0.4209677419354839,,
rna,novel,mean,0.28,0.4209677419354839,,
rna,novel,mean,0.29,0.4580645161290323,,
rna,novel,mean,0.3,0.4580645161290323,,
rna,novel,mean,0.31,0.4806451612903226,,
rna,novel,mean,0.32,0.4806451612903226,,
rna,novel,mean,0.33,0.4806451612903226,,
rna,novel,mean,0.34,0.5,,
rna,novel,mean,0.35000000000000003,0.5,,
rna,novel,mean,0.36,0.5274193548387097,,
rna,novel,mean,0.37,0.5274193548387097,,
rna,novel,mean,0.38,0.5274193548387097,,
rna,novel,mean,0.39,0.5758064516129032,,
rna,novel,mean,0.4,0.5758064516129032,,
rna,novel,mean,0.41000000000000003,0.5838709677419355,,
rna,novel,mean,0.42,0.5838709677419355,,
rna,novel,mean,0.43,0.5903225806451613,,
rna,novel,mean,0.44,0.5903225806451613,,
rna,novel,mean,0.45,0.5903225806451613,,
rna,novel,mean,0.46,0.6193548387096774,,
rna,novel,mean,0.47000000000000003,0.6193548387096774,,
rna,novel,mean,0.48,0.646774193548387,,
rna,novel,mean,0.49,0.646774193548387,,
rna,novel,mean,0.5,0.6693548387096774,,
rna,novel,mean,0.51,0.6693548387096774,,
rna,novel,mean,0.52,0.6693548387096774,,
rna,novel,mean,0.53,0.6887096774193548,,
rna,novel,mean,0.54,0.6887096774193548,,
rna,novel,mean,0.55,0.6983870967741935,,
rna,novel,mean,0.56,0.6983870967741935,,
rna,novel,mean,0.5700000000000001,0.6983870967741935,,
rna,novel,mean,0.58,0.7145161290322581,,
rna,novel,mean,0.59,0.7145161290322581,,
rna,novel,mean,0.6,0.7338709677419354,,
rna,novel,mean,0.61,0.7338709677419354,,
rna,novel,mean,0.62,0.75,,
rna,novel,mean,0.63,0.75,,
rna,novel,mean,0.64,0.75,,
rna,novel,mean,0.65,0.7612903225806451,,
rna,novel,mean,0.66,0.7612903225806451,,
rna,novel,mean,0.67,0.7790322580645161,,
rna,novel,mean,0.68,0.7790322580645161,,
rna,novel,mean,0.6900000000000001,0.7790322580645161,,
rna,novel,mean,0.7000000000000001,0.8,,
rna,novel,mean,0.71,0.8,,
rna,novel,mean,0.72,0.8193548387096774,,
rna,novel,mean,0.73,0.8193548387096774,,
rna,novel,mean,0.74,0.8451612903225806,,
rna,novel,mean,0.75,0.8451612903225806,,
rna,novel,mean,0.76,0.8451612903225806,,
rna,novel,mean,0.77,0.8629032258064516,,
rna,novel,mean,0.78,0.8629032258064516,,
rna,novel,mean,0.79,0.8661290322580644,,
rna,novel,mean,0.8,0.8661290322580644,,
rna,novel,mean,0.81,0.8725806451612904,,
rna,novel,mean,0.8200000000000001,0.8725806451612904,,
rna,novel,mean,0.8300000000000001,0.8725806451612904,,
rna,novel,mean,0.84,0.8951612903225806,,
rna,novel,mean,0.85,0.8951612903225806,,
rna,novel,mean,0.86,0.9,,
rna,novel,mean,0.87,0.9,,
rna,novel,mean,0.88,0.9,,
rna,novel,mean,0.89,0.9225806451612903,,
rna,novel,mean,0.9,0.9225806451612903,,
rna,novel,mean,0.91,0.9403225806451612,,
rna,novel,mean,0.92,0.9403225806451612,,
rna,novel,mean,0.93,0.95,,
rna,novel,mean,0.9400000000000001,0.95,,
rna,novel,mean,0.9500000000000001,0.95,,
rna,novel,mean,0.96,0.9661290322580645,,
rna,novel,mean,0.97,0.9661290322580645,,
rna,novel,mean,0.98,0.985483870967742,,
rna,novel,mean,0.99,0.985483870967742,,
rna,novel,mean,1.0,1.0,,
rna,novel,ci,0.0,,0.0,0.0
rna,novel,ci,0.01,,0.03306451612903226,0.11935483870967742
rna,novel,ci,0.02,,0.03306451612903226,0.11935483870967742
rna,novel,ci,0.03,,0.062096774193548386,0.20080645161290323
rna,novel,ci,0.04,,0.062096774193548386,0.20080645161290323
rna,novel,ci,0.05,,0.1153225806451613,0.21370967741935484
rna,novel,ci,0.06,,0.1153225806451613,0.21370967741935484
rna,novel,ci,0.07,,0.1153225806451613,0.21370967741935484
rna,novel,ci,0.08,,0.13870967741935483,0.2153225806451613
rna,novel,ci,0.09,,0.13870967741935483,0.2153225806451613
rna,novel,ci,0.1,,0.1532258064516129,0.2935483870967742
rna,novel,ci,0.11,,0.1532258064516129,0.2935483870967742
rna,novel,ci,0.12,,0.17903225806451614,0.32741935483870965
rna,novel,ci,0.13,,0.17903225806451614,0.32741935483870965
rna,novel,ci,0.14,,0.17903225806451614,0.32741935483870965
rna,novel,ci,0.15,,0.17903225806451614,0.3443548387096774
rna,novel,ci,0.16,,0.17903225806451614,0.3443548387096774
rna,novel,ci,0.17,,0.22661290322580643,0.37661290322580643
rna,novel,ci,0.18,,0.22661290322580643,0.37661290322580643
rna,novel,ci,0.19,,0.22661290322580643,0.37661290322580643
rna,novel,ci,0.2,,0.23709677419354838,0.4217741935483871
rna,novel,ci,0.21,,0.23709677419354838,0.4217741935483871
rna,novel,ci,0.22,,0.2911290322580645,0.4451612903225806
rna,novel,ci,0.23,,0.2911290322580645,0.4451612903225806
rna,novel,ci,0.24,,0.3096774193548387,0.44919354838709674
rna,novel,ci,0.25,,0.3096774193548387,0.44919354838709674
rna,novel,ci,0.26,,0.3096774193548387,0.44919354838709674
rna,novel,ci,0.27,,0.317741935483871,0.482258064516129
rna,novel,ci,0.28,,0.317741935483871,0.482258064516129
rna,novel,ci,0.29,,0.4129032258064516,0.5056451612903226
rna,novel,ci,0.3,,0.4129032258064516,0.5056451612903226
rna,novel,ci,0.31,,0.42177419354838713,0.5225806451612903
rna,novel,ci,0.32,,0.42177419354838713,0.5225806451612903
rna,novel,ci,0.33,,0.42177419354838713,0.5225806451612903
rna,novel,ci,0.34,,0.42177419354838713,0.5830645161290323
rna,novel,ci,0.35000000000000003,,0.42177419354838713,0.5830645161290323
rna,novel,ci,0.36,,0.47016129032258064,0.6056451612903225
rna,novel,ci,0.37,,0.47016129032258064,0.6056451612903225
rna,novel,ci,0.38,,0.47016129032258064,0.6056451612903225
rna,novel,ci,0.39,,0.4967741935483871,0.6838709677419356
rna,novel,ci,0.4,,0.4967741935483871,0.6838709677419356
rna,novel,ci,0.41000000000000003,,0.5056451612903226,0.6919354838709678
rna,novel,ci,0.42,,0.5056451612903226,0.6919354838709678
rna,novel,ci,0.43,,0.5064516129032258,0.6919354838709678
rna,novel,ci,0.44,,0.5064516129032258,0.6919354838709678
rna,novel,ci,0.45,,0.5064516129032258,0.6919354838709678
rna,novel,ci,0.46,,0.5532258064516129,0.6951612903225807
rna,novel,ci,0.47000000000000003,,0.5532258064516129,0.6951612903225807
rna,novel,ci,0.48,,0.5693548387096775,0.7137096774193549
rna,novel,ci,0.49,,0.5693548387096775,0.7137096774193549
rna,novel,ci,0.5,,0.585483870967742,0.7306451612903226
rna,novel,ci,0.51,,0.585483870967742,0.7306451612903226
rna,novel,ci,0.52,,0.585483870967742,0.7306451612903226
rna,novel,ci,0.53,,0.5943548387096774,0.7564516129032258
rna,novel,ci,0.54,,0.5943548387096774,0.7564516129032258
rna,novel,ci,0.55,,0.5983870967741935,0.7637096774193548
rna,novel,ci,0.56,,0.5983870967741935,0.7637096774193548
rna,novel,ci,0.5700000000000001,,0.5983870967741935,0.7637096774193548
rna,novel,ci,0.58,,0.6008064516129032,0.7733870967741935
rna,novel,ci,0.59,,0.6008064516129032,0.7733870967741935
rna,novel,ci,0.6,,0.6104838709677419,0.789516129032258
rna,novel,ci,0.61,,0.6104838709677419,0.789516129032258
rna,novel,ci,0.62,,0.6564516129032258,0.789516129032258
rna,novel,ci,0.63,,0.6564516129032258,0.789516129032258
rna,novel,ci,0.64,,0.6564516129032258,0.789516129032258
rna,novel,ci,0.65,,0.6637096774193548,0.8129032258064517
rna,novel,ci,0.66,,0.6637096774193548,0.8129032258064517
rna,novel,ci,0.67,,0.6854838709677419,0.8298387096774194
rna,novel,ci,0.68,,0.6854838709677419,0.8298387096774194
rna,novel,ci,0.6900000000000001,,0.6854838709677419,0.8298387096774194
rna,novel,ci,0.7000000000000001,,0.6927419354838709,0.8830645161290323
rna,novel,ci,0.71,,0.6927419354838709,0.8830645161290323
rna,novel,ci,0.72,,0.7161290322580646,0.8919354838709678
rna,novel,ci,0.73,,0.7161290322580646,0.8919354838709678
rna,novel,ci,0.74,,0.7290322580645161,0.9096774193548387
rna,novel,ci,0.75,,0.7290322580645161,0.9096774193548387
rna,novel,ci,0.76,,0.7290322580645161,0.9096774193548387
rna,novel,ci,0.77,,0.7322580645161291,0.9258064516129032
rna,novel,ci,0.78,,0.7322580645161291,0.9258064516129032
rna,novel,ci,0.79,,0.739516129032258,0.9266129032258064
rna,novel,ci,0.8,,0.739516129032258,0.9266129032258064
rna,novel,ci,0.81,,0.7540322580645161,0.9346774193548386
rna,novel,ci,0.8200000000000001,,0.7540322580645161,0.9346774193548386
rna,novel,ci,0.8300000000000001,,0.7540322580645161,0.9346774193548386
rna,novel,ci,0.84,,0.8556451612903226,0.9346774193548386
rna,novel,ci,0.85,,0.8556451612903226,0.9346774193548386
rna,novel,ci,0.86,,0.8556451612903226,0.942741935483871
rna,novel,ci,0.87,,0.8556451612903226,0.942741935483871
rna,novel,ci,0.88,,0.8556451612903226,0.942741935483871
rna,novel,ci,0.89,,0.8959677419354839,0.942741935483871
rna,novel,ci,0.9,,0.8959677419354839,0.942741935483871
rna,novel,ci,0.91,,0.9120967741935484,0.9669354838709677
rna,novel,ci,0.92,,0.9120967741935484,0.9669354838709677
rna,novel,ci,0.93,,0.9217741935483871,0.975
rna,novel,ci,0.9400000000000001,,0.9217741935483871,0.975
rna,novel,ci,0.9500000000000001,,0.9217741935483871,0.975
rna,novel,ci,0.96,,0.9516129032258065,0.9830645161290322
rna,novel,ci,0.97,,0.9516129032258065,0.9830645161290322
rna,novel,ci,0.98,,0.9548387096774194,1.0
rna,novel,ci,0.99,,0.9548387096774194,1.0
rna,novel,ci,1.0,,1.0,1.0
atac,withheld,mean,0.0,0.0,,
atac,withheld,mean,0.01,0.4,,
atac,withheld,mean,0.02,0.4,,
atac,withheld,mean,0.03,0.4375,,
atac,withheld,mean,0.04,0.4375,,
atac,withheld,mean,0.05,0.5375,,
atac,withheld,mean,0.06,0.5375,,
atac,withheld,mean,0.07,0.5375,,
atac,withheld,mean,0.08,0.5375,,
atac,withheld,mean,0.09,0.5375,,
atac,withheld,mean,0.1,0.55,,
atac,withheld,mean,0.11,0.55,,
atac,withheld,mean,0.12,0.575,,
atac,withheld,mean,0.13,0.575,,
atac,withheld,mean,0.14,0.575,,
atac,withheld,mean,0.15,0.6,,
atac,withheld,mean,0.16,0.6,,
atac,withheld,mean,0.17,0.6875,,
atac,withheld,mean,0.18,0.6875,,
atac,withheld,mean,0.19,0.6875,,
atac,withheld,mean,0.2,0.7,,
atac,withheld,mean,0.21,0.7,,
atac,withheld,mean,0.22,0.7625,,
atac,withheld,mean,0.23,0.7625,,
atac,withheld,mean,0.24,0.7875,,
atac,withheld,mean,0.25,0.7875,,
atac,withheld,mean,0.26,0.7875,,
atac,withheld,mean,0.27,0.8125,,
atac,withheld,mean,0.28,0.8125,,
atac,withheld,mean,0.29,0.8125,,
atac,withheld,mean,0.3,0.8125,,
atac,withheld,mean,0.31,0.8625,,
atac,withheld,mean,0.32,0.8625,,
atac,withheld,mean,0.33,0.8625,,
atac,withheld,mean,0.34,0.8875,,
atac,withheld,mean,0.35000000000000003,0.8875,,
atac,withheld,mean,0.36,0.8875,,
atac,withheld,mean,0.37,0.8875,,
atac,withheld,mean,0.38,0.8875,,
atac,withheld,mean,0.39,0.8875,,
atac,withheld,mean,0.4,0.8875,,
atac,withheld,mean,0.41000000000000003,0.8875,,
atac,withheld,mean,0.42,0.8875,,
atac,withheld,mean,0.43,0.8875,,
atac,withheld,mean,0.44,0.8875,,
atac,withheld,mean,0.45,0.8875,,
atac,withheld,mean,0.46,0.9,,
atac,withheld,mean,0.47000000000000003,0.9,,
atac,withheld,mean,0.48,0.9125,,
atac,withheld,mean,0.49,0.9125,,
atac,withheld,mean,0.5,0.925,,
atac,withheld,mean,0.51,0.925,,
atac,withheld,mean,0.52,0.925,,
atac,withheld,mean,0.53,0.925,,
atac,withheld,mean,0.54,0.925,,
atac,withheld,mean,0.55,0.925,,
atac,withheld,mean,0.56,0.925,,
atac,withheld,mean,0.5700000000000001,0.925,,
atac,withheld,mean,0.58,0.925,,
atac,withheld,mean,0.59,0.925,,
atac,withheld,mean,0.6,0.925,,
atac,withheld,mean,0.61,0.925,,
atac,withheld,mean,0.62,0.9375,,
atac,withheld,mean,0.63,0.9375,,
atac,withheld,mean,0.64,0.9375,,
atac,withheld,mean,0.65,0.95,,
atac,withheld,mean,0.66,0.95,,
atac,withheld,mean,0.67,0.95,,
atac,withheld,mean,0.68,0.95,,
atac,withheld,mean,0.6900000000000001,0.95,,
atac,withheld,mean,0.7000000000000001,0.9625,,
atac,withheld,mean,0.71,0.9625,,
atac,withheld,mean,0.72,0.9625,,
atac,withheld,mean,0.73,0.9625,,
atac,withheld,mean,0.74,0.9625,,
atac,withheld,mean,0.75,0.9625,,
atac,withheld,mean,0.76,0.9625,,
atac,withheld,mean,0.77,0.975,,
atac,withheld,mean,0.78,0.975,,
atac,withheld,mean,0.79,0.975,,
atac,withheld,mean,0.8,0.975,,
atac,withheld,mean,0.81,0.975,,
atac,withheld,mean,0.8200000000000001,0.975,,
atac,withheld,mean,0.8300000000000001,0.975,,
atac,withheld,mean,0.84,0.975,,
atac,withheld,mean,0.85,0.975,,
atac,withheld,mean,0.86,0.9875,,
atac,withheld,mean,0.87,0.9875,,
atac,withheld,mean,0.88,0.9875,,
atac,withheld,mean,0.89,0.9875,,
atac,withheld,mean,0.9,0.9875,,
atac,withheld,mean,0.91,0.9875,,
atac,withheld,mean,0.92,0.9875,,
atac,withheld,mean,0.93,0.9875,,
atac,withheld,mean,0.9400000000000001,0.9875,,
atac,withheld,mean,0.9500000000000001,0.9875,,
atac,withheld,mean,0.96,0.9875,,
atac,withheld,mean,0.97,0.9875,,
atac,withheld,mean,0.98,0.9875,,
atac,withheld,mean,0.99,0.9875,,
atac,withheld,mean,1.0,1.0,,
atac,withheld,ci,0.0,,0.0,0.0
atac,withheld,ci,0.01,,0.2,0.6625
atac,withheld,ci,0.02,,0.2,0.6625
atac,withheld,ci,0.03,,0.20625,0.66875
atac,withheld,ci,0.04,,0.20625,0.66875
atac,withheld,ci,0.05,,0.38125,0.68125
atac,withheld,ci,0.06,,0.38125,0.68125
atac,withheld,ci,0.07,,0.38125,0.68125
atac,withheld,ci,0.08,,0.38125,0.68125
atac,withheld,ci,0.09,,0.38125,0.68125
atac,withheld,ci,0.1,,0.4375,0.68125
atac,withheld,ci,0.11,,0.4375,0.68125
atac,withheld,ci,0.12,,0.4375,0.6875
atac,withheld,ci,0.13,,0.4375,0.6875
atac,withheld,ci,0.14,,0.4375,0.6875
atac,withheld,ci,0.15,,0.4375,0.74375
atac,withheld,ci,0.16,,0.4375,0.74375
atac,withheld,ci,0.17,,0.51875,0.80625
atac,withheld,ci,0.18,,0.51875,0.80625
atac,withheld,ci,0.19,,0.51875,0.80625
atac,withheld,ci,0.2,,0.575,0.80625
atac,withheld,ci,0.21,,0.575,0.80625
atac,withheld,ci,0.22,,0.5875,0.8125
atac,withheld,ci,0.23,,0.5875,0.8125
atac,withheld,ci,0.24,,0.5875,0.925
atac,withheld,ci,0.25,,0.5875,0.925
atac,withheld,ci,0.26,,0.5875,0.925
atac,withheld,ci,0.27,,0.5875,0.9375
atac,withheld,ci,0.28,,0.5875,0.9375
atac,withheld,ci,0.29,,0.5875,0.9375
atac,withheld,ci,0.3,,0.5875,0.9375
atac,withheld,ci,0.31,,0.7,1.0
atac,withheld,ci,0.32,,0.7,1.0
atac,withheld,ci,0.33,,0.7,1.0
atac,withheld,ci,0.34,,0.8125,1.0
atac,withheld,ci,0.35000000000000003,,0.8125,1.0
atac,withheld,ci,0.36,,0.8125,1.0
atac,withheld,ci,0.37,,0.8125,1.0
atac,withheld,ci,0.38,,0.8125,1.0
atac,withheld,ci,0.39,,0.8125,1.0
atac,withheld,ci,0.4,,0.8125,1.0
atac,withheld,ci,0.41000000000000003,,0.8125,1.0
atac,withheld,ci,0.42,,0.8125,1.0
atac,withheld,ci,0.43,,0.8125,1.0
atac,withheld,ci,0.44,,0.8125,1.0
atac,withheld,ci,0.45,,0.8125,1.0
atac,withheld,ci,0.46,,0.8125,1.0
atac,withheld,ci,0.47000000000000003,,0.8125,1.0
atac,withheld,ci,0.48,,0.8125,1.0
atac,withheld,ci,0.49,,0.8125,1.0
atac,withheld,ci,0.5,,0.8125,1.0
atac,withheld,ci,0.51,,0.8125,1.0
atac,withheld,ci,0.52,,0.8125,1.0
atac,withheld,ci,0.53,,0.8125,1.0
atac,withheld,ci,0.54,,0.8125,1.0
atac,withheld,ci,0.55,,0.8125,1.0
atac,withheld,ci,0.56,,0.8125,1.0
atac,withheld,ci,0.5700000000000001,,0.8125,1.0
atac,withheld,ci,0.58,,0.8125,1.0
atac,withheld,ci,0.59,,0.8125,1.0
atac,withheld,ci,0.6,,0.8125,1.0
atac,withheld,ci,0.61,,0.8125,1.0
atac,withheld,ci,0.62,,0.81875,1.0
atac,withheld,ci,0.63,,0.81875,1.0
atac,withheld,ci,0.64,,0.81875,1.0
atac,withheld,ci,0.65,,0.875,1.0
atac,withheld,ci,0.66,,0.875,1.0
atac,withheld,ci,0.67,,0.875,1.0
atac,withheld,ci,0.68,,0.875,1.0
atac,withheld,ci,0.6900000000000001,,0.875,1.0
atac,withheld,ci,0.7000000000000001,,0.88125,1.0
atac,withheld,ci,0.71,,0.88125,1.0
atac,withheld,ci,0.72,,0.88125,1.0
atac,withheld,ci,0.73,,0.88125,1.0
atac,withheld,ci,0.74,,0.88125,1.0
atac,withheld,ci,0.75,,0.88125,1.0
atac,withheld,ci,0.76,,0.88125,1.0
atac,withheld,ci,0.77,,0.8875,1.0
atac,withheld,ci,0.78,,0.8875,1.0
atac,withheld,ci,0.79,,0.8875,1.0
atac,withheld,ci,0.8,,0.8875,1.0
atac,withheld,ci,0.81,,0.8875,1.0
atac,withheld,ci,0.8200000000000001,,0.8875,1.0
atac,withheld,ci,0.8300000000000001,,0.8875,1.0
atac,withheld,ci,0.84,,0.8875,1.0
atac,withheld,ci,0.85,,0.8875,1.0
atac,withheld,ci,0.86,,0.94375,1.0
atac,withheld,ci,0.87,,0.94375,1.0
atac,withheld,ci,0.88,,0.94375,1.0
atac,withheld,ci,0.89,,0.94375,1.0
atac,withheld,ci,0.9,,0.94375,1.0
atac,withheld,ci,0.91,,0.94375,1.0
atac,withheld,ci,0.92,,0.94375,1.0
atac,withheld,ci,0.93,,0.94375,1.0
atac,withheld,ci,0.9400000000000001,,0.94375,1.0
atac,withheld,ci,0.9500000000000001,,0.94375,1.0
atac,withheld,ci,0.96,,0.94375,1.0
atac,withheld,ci,0.97,,0.94375,1.0
atac,withheld,ci,0.98,,0.94375,1.0
atac,withheld,ci,0.99,,0.94375,1.0
atac,withheld,ci,1.0,,1.0,1.0
atac,novel,mean,0.0,0.0,,
atac,novel,mean,0.01,0.4516129032258064,,
atac,novel,mean,0.02,0.4516129032258064,,
atac,novel,mean,0.03,0.4790322580645161,,
atac,novel,mean,0.04,0.4790322580645161,,
atac,novel,mean,0.05,0.5451612903225806,,
atac,novel,mean,0.06,0.5451612903225806,,
atac,novel,mean,0.07,0.5451612903225806,,
atac,novel,mean,0.08,0.5838709677419355,,
atac,novel,mean,0.09,0.5838709677419355,,
atac,novel,mean,0.1,0.5999999999999999,,
atac,novel,mean,0.11,0.5999999999999999,,
atac,novel,mean,0.12,0.6241935483870968,,
atac,novel,mean,0.13,0.6241935483870968,,
atac,novel,mean,0.14,0.6241935483870968,,
atac,novel,mean,0.15,0.6387096774193548,,
atac,novel,mean,0.16,0.6387096774193548,,
atac,novel,mean,0.17,0.6709677419354838,,
atac,novel,mean,0.18,0.6709677419354838,,
atac,novel,mean,0.19,0.6709677419354838,,
atac,novel,mean,0.2,0.7,,
atac,novel,mean,0.21,0.7,,
atac,novel,mean,0.22,0.7193548387096774,,
atac,novel,mean,0.23,0.7193548387096774,,
atac,novel,mean,0.24,0.7435483870967742,,
atac,novel,mean,0.25,0.7435483870967742,,
atac,novel,mean,0.26,0.7435483870967742,,
atac,novel,mean,0.27,0.7612903225806452,,
atac,novel,mean,0.28,0.7612903225806452,,
atac,novel,mean,0.29,0.7774193548387097,,
atac,novel,mean,0.3,0.7774193548387097,,
atac,novel,mean,0.31,0.7935483870967743,,
atac,novel,mean,0.32,0.7935483870967743,,
atac,novel,mean,0.33,0.7935483870967743,,
atac,novel,mean,0.34,0.803225806451613,,
atac,novel,mean,0.35000000000000003,0.803225806451613,,
atac,novel,mean,0.36,0.8274193548387097,,
atac,novel,mean,0.37,0.8274193548387097,,
atac,novel,mean,0.38,0.8274193548387097,,
atac,novel,mean,0.39,0.835483870967742,,
atac,novel,mean,0.4,0.835483870967742,,
atac,novel,mean,0.41000000000000003,0.8403225806451612,,
atac,novel,mean,0.42,0.8403225806451612,,
atac,novel,mean,0.43,0.8451612903225806,,
atac,novel,mean,0.44,0.8451612903225806,,
atac,novel,mean,0.45,0.8451612903225806,,
atac,novel,mean,0.46,0.8516129032258064,,
atac,novel,mean,0.47000000000000003,0.8516129032258064,,
atac,novel,mean,0.48,0.8548387096774194,,
atac,novel,mean,0.49,0.8548387096774194,,
atac,novel,mean,0.5,0.882258064516129,,
atac,novel,mean,0.51,0.882258064516129,,
atac,novel,mean,0.52,0.882258064516129,,
atac,novel,mean,0.53,0.882258064516129,,
atac,novel,mean,0.54,0.882258064516129,,
atac,novel,mean,0.55,0.8870967741935484,,
atac,novel,mean,0.56,0.8870967741935484,,
atac,novel,mean,0.5700000000000001,0.8870967741935484,,
atac,novel,mean,0.58,0.896774193548387,,
atac,novel,mean,0.59,0.896774193548387,,
atac,novel,mean,0.6,0.9048387096774194,,
atac,novel,mean,0.61,0.9048387096774194,,
atac,novel,mean,0.62,0.9161290322580646,,
atac,novel,mean,0.63,0.9161290322580646,,
atac,novel,mean,0.64,0.9161290322580646,,
atac,novel,mean,0.65,0.9258064516129032,,
atac,novel,mean,0.66,0.9258064516129032,,
atac,novel,mean,0.67,0.9274193548387096,,
atac,novel,mean,0.68,0.9274193548387096,,
atac,novel,mean,0.6900000000000001,0.9274193548387096,,
atac,novel,mean,0.7000000000000001,0.9451612903225806,,
atac,novel,mean,0.71,0.9451612903225806,,
atac,novel,mean,0.72,0.9451612903225806,,
atac,novel,mean,0.73,0.9451612903225806,,
atac,novel,mean,0.74,0.95,,
atac,novel,mean,0.75,0.95,,
atac,novel,mean,0.76,0.95,,
atac,novel,mean,0.77,0.9564516129032258,,
atac,novel,mean,0.78,0.9564516129032258,,
atac,novel,mean,0.79,0.9661290322580646,,
atac,novel,mean,0.8,0.9661290322580646,,
atac,novel,mean,0.81,0.9693548387096774,,
atac,novel,mean,0.8200000000000001,0.9693548387096774,,
atac,novel,mean,0.8300000000000001,0.9693548387096774,,
atac,novel,mean,0.84,0.9725806451612904,,
atac,novel,mean,0.85,0.9725806451612904,,
atac,novel,mean,0.86,0.9758064516129032,,
atac,novel,mean,0.87,0.9758064516129032,,
atac,novel,mean,0.88,0.9758064516129032,,
atac,novel,mean,0.89,0.979032258064516,,
atac,novel,mean,0.9,0.979032258064516,,
atac,novel,mean,0.91,0.985483870967742,,
atac,novel,mean,0.92,0.985483870967742,,
atac,novel,mean,0.93,0.9903225806451612,,
atac,novel,mean,0.9400000000000001,0.9903225806451612,,
atac,novel,mean,0.9500000000000001,0.9903225806451612,,
atac,novel,mean,0.96,0.9951612903225808,,
atac,novel,mean,0.97,0.9951612903225808,,
atac,novel,mean,0.98,1.0,,
atac,novel,mean,0.99,1.0,,
atac,novel,mean,1.0,1.0,,
atac,novel,ci,0.0,,0.0,0.0
atac,novel,ci,0.01,,0.3120967741935484,0.5379032258064516
atac,novel,ci,0.02,,0.3120967741935484,0.5379032258064516
atac,novel,ci,0.03,,0.3193548387096774,0.5387096774193548
atac,novel,ci,0.04,,0.3193548387096774,0.5387096774193548
atac,novel,ci,0.05,,0.47338709677419355,0.6080645161290322
atac,novel,ci,0.06,,0.47338709677419355,0.6080645161290322
atac,novel,ci,0.07,,0.47338709677419355,0.6080645161290322
atac,novel,ci,0.08,,0.4862903225806452,0.6701612903225806
atac,novel,ci,0.09,,0.4862903225806452,0.6701612903225806
atac,novel,ci,0.1,,0.5080645161290323,0.6725806451612902
atac,novel,ci,0.11,,0.5080645161290323,0.6725806451612902
atac,novel,ci,0.12,,0.5806451612903226,0.6749999999999999
atac,novel,ci,0.13,,0.5806451612903226,0.6749999999999999
atac,novel,ci,0.14,,0.5806451612903226,0.6749999999999999
atac,novel,ci,0.15,,0.5814516129032259,0.692741935483871
atac,novel,ci,0.16,,0.5814516129032259,0.692741935483871
atac,novel,ci,0.17,,0.6,0.7258064516129032
atac,novel,ci,0.18,,0.6,0.7258064516129032
atac,novel,ci,0.19,,0.6,0.7258064516129032
atac,novel,ci,0.2,,0.6387096774193548,0.7693548387096774
atac,novel,ci,0.21,,0.6387096774193548,0.7693548387096774
atac,novel,ci,0.22,,0.6588709677419354,0.7774193548387096
atac,novel,ci,0.23,,0.6588709677419354,0.7774193548387096
atac,novel,ci,0.24,,0.6814516129032258,0.8056451612903225
atac,novel,ci,0.25,,0.6814516129032258,0.8056451612903225
atac,novel,ci,0.26,,0.6814516129032258,0.8056451612903225
atac,novel,ci,0.27,,0.682258064516129,0.8379032258064516
atac,novel,ci,0.28,,0.682258064516129,0.8379032258064516
atac,novel,ci,0.29,,0.6838709677419355,0.8467741935483871
atac,novel,ci,0.3,,0.6838709677419355,0.8467741935483871
atac,novel,ci,0.31,,0.7129032258064516,0.8838709677419355
atac,novel,ci,0.32,,0.7129032258064516,0.8838709677419355
atac,novel,ci,0.33,,0.7129032258064516,0.8838709677419355
atac,novel,ci,0.34,,0.7217741935483871,0.8919354838709678
atac,novel,ci,0.35000000000000003,,0.7217741935483871,0.8919354838709678
atac,novel,ci,0.36,,0.7830645161290323,0.8935483870967742
atac,novel,ci,0.37,,0.7830645161290323,0.8935483870967742
atac,novel,ci,0.38,,0.7830645161290323,0.8935483870967742
atac,novel,ci,0.39,,0.7911290322580645,0.9016129032258065
atac,novel,ci,0.4,,0.7911290322580645,0.9016129032258065
atac,novel,ci,0.41000000000000003,,0.7983870967741935,0.9161290322580645
atac,novel,ci,0.42,,0.7983870967741935,0.9161290322580645
atac,novel,ci,0.43,,0.7991935483870968,0.9233870967741935
atac,novel,ci,0.44,,0.7991935483870968,0.9233870967741935
atac,novel,ci,0.45,,0.7991935483870968,0.9233870967741935
atac,novel,ci,0.46,,0.7991935483870968,0.9241935483870968
atac,novel,ci,0.47000000000000003,,0.7991935483870968,0.9241935483870968
atac,novel,ci,0.48,,0.8008064516129032,0.9241935483870968
atac,novel,ci,0.49,,0.8008064516129032,0.9241935483870968
atac,novel,ci,0.5,,0.835483870967742,0.9241935483870968
atac,novel,ci,0.51,,0.835483870967742,0.9241935483870968
atac,novel,ci,0.52,,0.835483870967742,0.9241935483870968
atac,novel,ci,0.53,,0.835483870967742,0.9241935483870968
atac,novel,ci,0.54,,0.835483870967742,0.9241935483870968
atac,novel,ci,0.55,,0.8362903225806452,0.9314516129032258
atac,novel,ci,0.56,,0.8362903225806452,0.9314516129032258
atac,novel,ci,0.5700000000000001,,0.8362903225806452,0.9314516129032258
atac,novel,ci,0.58,,0.8435483870967743,0.9330645161290322
atac,novel,ci,0.59,,0.8435483870967743,0.9330645161290322
atac,novel,ci,0.6,,0.8435483870967743,0.9435483870967742
atac,novel,ci,0.61,,0.8435483870967743,0.9435483870967742
atac,novel,ci,0.62,,0.853225806451613,0.9580645161290323
atac,novel,ci,0.63,,0.853225806451613,0.9580645161290323
atac,novel,ci,0.64,,0.853225806451613,0.9580645161290323
atac,novel,ci,0.65,,0.8895161290322581,0.9580645161290323
atac,novel,ci,0.66,,0.8895161290322581,0.9580645161290323
atac,novel,ci,0.67,,0.8903225806451612,0.9580645161290323
atac,novel,ci,0.68,,0.8903225806451612,0.9580645161290323
atac,novel,ci,0.6900000000000001,,0.8903225806451612,0.9580645161290323
atac,novel,ci,0.7000000000000001,,0.9282258064516129,0.9669354838709677
atac,novel,ci,0.71,,0.9282258064516129,0.9669354838709677
atac,novel,ci,0.72,,0.9282258064516129,0.9669354838709677
atac,novel,ci,0.73,,0.9282258064516129,0.9669354838709677
atac,novel,ci,0.74,,0.9362903225806452,0.9669354838709677
atac,novel,ci,0.75,,0.9362903225806452,0.9669354838709677
atac,novel,ci,0.76,,0.9362903225806452,0.9669354838709677
atac,novel,ci,0.77,,0.9443548387096775,0.9669354838709677
atac,novel,ci,0.78,,0.9443548387096775,0.9669354838709677
atac,novel,ci,0.79,,0.9596774193548387,0.975
atac,novel,ci,0.8,,0.9596774193548387,0.975
atac,novel,ci,0.81,,0.960483870967742,0.9822580645161291
atac,novel,ci,0.8200000000000001,,0.960483870967742,0.9822580645161291
atac,novel,ci,0.8300000000000001,,0.960483870967742,0.9822580645161291
atac,novel,ci,0.84,,0.967741935483871,0.9830645161290322
atac,novel,ci,0.85,,0.967741935483871,0.9830645161290322
atac,novel,ci,0.86,,0.9685483870967743,0.9830645161290322
atac,novel,ci,0.87,,0.9685483870967743,0.9830645161290322
atac,novel,ci,0.88,,0.9685483870967743,0.9830645161290322
atac,novel,ci,0.89,,0.9758064516129032,0.9838709677419355
atac,novel,ci,0.9,,0.9758064516129032,0.9838709677419355
atac,novel,ci,0.91,,0.9766129032258065,0.9919354838709677
atac,novel,ci,0.92,,0.9766129032258065,0.9919354838709677
atac,novel,ci,0.93,,0.9838709677419355,0.9991935483870967
atac,novel,ci,0.9400000000000001,,0.9838709677419355,0.9991935483870967
atac,novel,ci,0.9500000000000001,,0.9838709677419355,0.9991935483870967
atac,novel,ci,0.96,,0.9846774193548388,1.0
atac,novel,ci,0.97,,0.9846774193548388,1.0
atac,novel,ci,0.98,,1.0,1.0
atac,novel,ci,0.99,,1.0,1.0
atac,novel,ci,1.0,,1.0,1.0
